:02000004003FBB
:20000000761F00102B312B322B33491AEF06023C0F0C66031A1A04000006761F00102B31CB
:200010002B322B330006761F0010451AEF039A016F06441AEF039A026F029A009618761FCF
:20002000021D9B009210761F0010541856B001A897199218761F021D96109211761F0010A8
:200030005416EC2D56BF011792165203EC0F761F021D92115203EC0A761F0010CC16FFFBE5
:20004000ED1F2B1D2B1E2B1F6F1B761F0010181DFFF7181DFFEF181DFFFB181EFFFD181EA5
:20005000FFFE181FFFFE181FFFFB181FFBFF181FF7FF181FFFF7181FFFFD6F022B17921615
:20006000761F021D96110006B2BDFE0876FF742F5CADDC87F6052484761F0010922A932F60
:200070005CADDC87767F074F59A9761F0010401AEE09CCA10001CD1DFFDFFF84CAA8961DE3
:200080006F05181DFFDF56BF0D4792A1CD1FFFDFFFC19001FF84CAA8961F922C767F08AC11
:20009000761F0010FFC19001CD1FFEFFFF87CAA8961F5CAD9337922BDC86767F08F459A9DF
:2000A000761F0010CCA10001CD1DFFBFFF85CAA8961D92A1FFC0CD1EFFF79001FF82CAA885
:2000B000961E92A1FFC1CD1FFFEF9001FF83CAA8961F5CAD920A5D37DC8593259641922793
:2000C000767F09E959A9761F0010CCA10001CD1DFF7FFF86CAA8961D92A1FFC0CD1EFFFB3B
:2000D0009001FF81CAA8961E92A1FFC1CD1FFF7F9001FF86CAA8961F5CAD9337922DDC844D
:2000E000767F098059A9761F0010CCA10001CD1DFEFFFF87CAA8961D92A1FFC0CD1EFFEF10
:2000F0009001FF83CAA8961E92A1FFC1CD1FFDFF9001FF88CAA8961F5CAD9337DC839229B0
:20010000767F0B1659A9761F00105CAD93379229DC82767F0C2793A9CBA142A8EE2393A92F
:20011000CBA141A8EE16CAA140A9EE0A761F0010181FEFFF181EFFDF181DFDFF6F1B761FFC
:200120000010181FEFFF181EFFDF1A1D02006F12761F0010181FEFFF1A1E0020181DFDFF69
:200130006F09761F00101A1F1000181EFFDF181DFDFF5CAD9A06DC87767F0744761F001013
:200140005432562A0832401A562A0D3292325431562A0831FE888BBE0006767F0172767F12
:20015000022D767F01D4767F1786767F183D767F188D767F1B310006761F0010451AEE0ED9
:20016000441AEE10767F029A767F05F7761F0010401AEE08767F06EC0006767F02BC767F17
:20017000050A0006761F00109214EC14520AEC125204EC105205EC0E5206EC0C5207EC0A73
:200180001A200040441AEF0856BF01111A1F00406F031820FFBFCC200040FFC588A99316BE
:20019000EC05761F021D5516EC0D0200761F02201E2C1E2E1E301E321E341E36761F021DFF
:2001A0002B0D761F00109216761F021D961692A6540EEC27930EED250A0D761F0220062EF8
:2001B0001E2C06301E2E06321E3006341E3206361E34761F00100608761F02201E368F0078
:2001C00007080636032C0FA4670C761F021D930D53066807761F001056BF01111A1F00401E
:2001D000761F021D7E0E0006761F00109214520AED0A1A200080441AEF0856BF01111A1FBC
:2001E00020006F031820FF7FCC200080FFC688A99316EC05761F021D5508EC0D0200761F1A
:2001F00002211E001E021E041E061E081E0A761F021D2B07761F00109216761F021D960875
:2002000092A65418EC279318ED250A07761F022106021E0006041E0206061E0406081E06F1
:20021000060A1E08761F00100608761F02211E0A8F000708060A03000FA4670C761F021D7A
:20022000930753066807761F001056BF01111A1F2000761F021D7E180006761F0010CC2056
:200230000020FFC488A9441AEF04520056B001119316EC05761F021D550BEC0A0200761FA4
:2002400002201E1E1E201E22761F021D2B06761F00109216761F021D960B92A65405EC1EA0
:200250009305ED1C0A06761F022006201E1E06221E20761F00100608761F02201E228F0025
:2002600007080622031E0FA46709761F021D93065303761F001056B70111761F021D7E0565
:200270000006761F023E8800761F021D92A6540AEC1E930AED1C0A0C761F0220061A1E18EE
:20028000061C1E1A761F00100608761F02201E1C8F000258061C03180FA46709761F021D63
:20029000930C5303761F023E56B70101761F021D7E0A0006761F00104220EF0692259316D7
:2002A000767F02FD6F06922693255C16767F03505200EC05761F00101A1A0001761F0010E9
:2002B000922F93385C16767F04C05200EC05761F00101A1A00020006761F02162D1D353CEB
:2002C000761F021D96098F0088099A03767F5486761F021D9209761F02205409562A09094A
:2002D000761F0010922FEC0492165203EC04761F02202B09761F0010401AEE0492195201F1
:2002E000ED04761F02202B09761F021D9209761F022054096612761F02162D1C350A761F7D
:2002F000001008A9FD8054266408761F02202B09761F00101A1A0001000600FF6D105BA880
:200300005AA9D1008F0088039A02767F54869A028F0087B0767F54869A028F0087B3767FF9
:200310005486761F0010401AEE0692195201EC03922FED08761F02202B03761F021E2B3068
:200320002B3392A35203ED2192A252466404761F021E2B3052786404761F021E2B33761FA9
:20033000021E9230522D6806D101761F00112808012C761F021E9233525056B701A1761FA9
:20034000001156B7B4086F09761F02202B03761F021E2B302B33D10092A100FF6D6C000616
:20035000B2BDAABD5AA459A99A028F0087DE767F54869A038F0087B9767F54869A038F00F1
:2003600087BC767F54869A038F00879E767F54869A038F0087A4767F54869A038F0087A7CB
:20037000767F54869A038F0087D8767F5486761F0010401AEE0792195201EC0492A25203D9
:20038000EC15761F021F2B1E761F021E2B392B3C2B1E2B242B27761F021F2B18761F021D46
:200390002B172B159A00FFEF012A761F021D921756C1010F520156C100F4520256C100C902
:2003A000520356C0010B761F0010922FED08761F021D9214761F021F961E6F07761F021F7B
:2003B000921E761F021D9614761F02162D02350A08A9FD8054A16204761F021E2B3C761FCA
:2003C00002162D03350A08A9FD8054A16204761F021E2B1E761F02162D04350A08A9FD80C4
:2003D00054A16204761F021E2B24761F02162D05350A08A9FD8054A16204761F021E2B2700
:2003E000761F02162D06350A08A9FD8054A16204761F021F2B18761F02169209761F021F5E
:2003F000541E6618FF200258761F00100F0A6612761F021E923C521E680D761F02162D0705
:20040000350A761F021D94A108A9FD80541356B40115761F0216920A761F021F541E67180F
:20041000FF200258761F00100F0A6612761F021E921E521E680D761F02162D08350A761F1D
:20042000021D94A108A9FD80541356B40115761F0216920B761F021F541E670FFF20025852
:20043000761F00100F0A6609761F021E9224523C761F021D56B70115761F0216920C761FCF
:20044000021F541E670FFF200258761F00100F0A6609761F021E9227523C761F021D56B730
:200450000115761F0216920D761F021F541E6756FF200258761F00100F0A6650761F021FA2
:200460009218523C761F021D56B701156F47761F021E1B3901A4660892A1761F021D54134D
:20047000630D79136F0B2B3C2B1E2B242B27761F021F2B18761F021D0A17761F0010922F71
:20048000ED08761F021D9214761F021F961E6F26761F021F921E761F021D96146F1FFF209D
:20049000012C761F00100F0A6619761F021D7913761F021E2B39761F021D56BF0514761F12
:2004A000021F56BF051E761F021D0A176F0792A25203ED040A176F022B17761F02162D145C
:2004B000353C761F00119608761F0010411AEF039A006F04761F021D921586BE8BBE00068A
:2004C000D00200FF6D145AA45BA89641D1009A028F0087E4767F5486761F00109219520119
:2004D000ED04761F021F2B249241ED04761F021F2B2492A25203ED0B3B01761F02158F0055
:2004E0008B0A8535560100A492C46F0A3B01761F02158F008B188535560100A492C454A3C7
:2004F00068129236761F021F54246610761F0010CC1DFFCFED0B921EED09D101761F021F84
:200500002B246F04761F021F2B2492A1D00200FF6D7000069A038F0087C6767F54869A0348
:200510008F0087C9767F54869A038F0087D2767F5486761F001092195201ED06761F021F7D
:200520002B062B092B12761F001092165203ED03922FED03181AFFFE401A56CC00BE761FD8
:2005300002162D24350A761F001008A9FD8054266310761F02169226761F021F5409761F36
:20054000021D56B8010F761F021F562A08096F04761F021F2B09761F02162D25350A761FE7
:20055000001008A9FD8054266310761F02169227761F021F5412761F021D56B8010F761F77
:20056000021F562A08126F04761F021F2B12761F02162D23353C761F021F5406761F021D28
:2005700056B8010F761F0216921E761F021F54066647761F021D920FEC39761F001056BFFF
:20058000013B761F021D9212761F02169420761F021F5406691DD0038F008B0A761F001034
:20059000929454386707761F021F9206761F021D9612761F021D9212761F02169421761F32
:2005A000021F5406761F001156B901026F39761F00112B09D003761F021F2B062B092B125B
:2005B000761F0010181AFFFE6F2B761F02165822761F021F9206761F021D96126F21D00389
:2005C0008F008B0A761F0010929454386704761F021F2B06761F0216921F761F021F5406E0
:2005D0006609761F00102B3B761F00112B0256BF0109761F021F9206761F021D961292A0C3
:2005E000761F001054326802583278318F008B0A929496350006761F021D2B0F761F021F74
:2005F0002B062B092B12761F00112B0900069A038F0087D5767F54869A038F0087CF767F9B
:2006000054869A038F0087CC767F5486761F001092195201ED06761F021F2B152B0F2B0CB5
:20061000761F001092165203EC03181AFFFE761F021C9214761F0010CA2FED03181AFFFEF4
:20062000401A56CC00BF761F02162D15350A761F001008A9FD8054266310761F021692173B
:20063000761F021F540F761F021D56B80104761F021F562A080F6F04761F021F2B0F761F85
:2006400002162D16350A761F001008A9FD8054266310761F02169218761F021F540C761F3E
:20065000021D56B80104761F021F562A080C6F04761F021F2B0C761F00119208761F021FB8
:200660005415761F021D56B90104761F0216920E761F021F5415664B761F021D9204EC3DB9
:20067000761F001056BF013B761F021C9215761F02169410761F021F5415691C761F001080
:20068000922EEC07761F021F9215761F021C9615D000761F021C56BF01149215761F0216EB
:200690009411761F021F5415761F001156B901026F40761F00112B09761F02165813761F98
:2006A000021C2B14761F021F2B152B0F2B0C761F0010181AFFFE6F2D761F02165813761F59
:2006B000021F9215761F021C96156F23761F021658128F008B0A761F001092945438670475
:2006C000761F021F2B15761F0216920F761F021F54156609761F00102B3B761F00112B026A
:2006D00056BF0109761F021F9215761F021C961592A0761F00105432680258327831000630
:2006E000761F021D2B04761F021F2B152B0F2B0C761F00112B0900069A038F0087C3767F65
:2006F0005486761F001092195201ED04761F021F2B03761F0010922FED03181AFFFD411AB9
:20070000EF2C761F02159238761F021F54036920761F00109232761F02155437761F00106D
:20071000562A09316907761F02159237761F0010963192135201EC055202EC035203ED1040
:20072000761F02179216761F001096310006761F0010181AFFFD0006761F021F2B0300062E
:20073000767F1032767F12AF767F13D6767F1402767F141E767F15CD761F0215923952010B
:20074000ED03767F1499000693A99AFFD0006F05549469029294D80155A066FB0006B2BDCB
:20075000AABD59A986A4761F02202B2456BF0125761F02159216761F02209626761F021542
:200760009215761F02209627761F02159214761F0220962856BF0D292B2A8F0087E19A0363
:20077000767F54869A038F00880F767F5486761F021C92A154176605541756B801166F024B
:200780002B1679179212ED0856BF01122B1656BF051056BF050F9216ED64761F0215560335
:2007900001139C0554A16655560301139C0554A16606560301129CF554A16646560301126B
:2007A0009CF554A16606560301129C0554A16637560301129C0554A16606560301119C052E
:2007B00054A16628560301119C0554A16606560301109C0554A16619560301109C0554A1BA
:2007C00066065603010F9C0554A1660A5603010F9C0554A1761F021C56B9061E6F1D761F38
:2007D000021C56BF051E6F18761F021C56BF041E6F13761F021C56BF031E6F0E761F021CA7
:2007E00056BF021E6F09761F021C56BF011E6F04761F021C2B1E9210541E562A061E6F5E71
:2007F0005201ED5C761F02155603010F54A1694C5603010F54A169055603011054A1693FBB
:200800005603011054A169055603011154A169325603011154A169055603011254A1692553
:200810005603011254A16906560301129CF054A16917560301129CF054A1690556030113C3
:2008200054A169095603011354A16922761F021C2B1E6F1E761F021C56BF011E6F19761FD7
:20083000021C56BF021E6F14761F021C56BF031E6F0F761F021C56BF041E6F0A761F021C55
:2008400056BF051E6F05761F021C56BF061E761F021C9210541E562A081E921E9610ED0D43
:200850000203761F00100F086731761F021C2B0F761F021F2B216F2A5206EC24920F541E2C
:200860006614541E670E761F021F9221523C681E761F021C921E960F761F021F2B216F160B
:20087000761F021F2B216F12761F021F92215205680D761F021C921E960F761F021F2B21A6
:200880006F052B0F761F021F2B21761F021C580F8F008824929496C2920F5201ED0D761F52
:2008900002201B0F0258680B1B0F03C068032B0F6F062BC26F04761F02202B0F761F021C24
:2008A000920FED039A046F069B00520556B001A892A886BE8BBE0006B2BD59A98F0087DBC4
:2008B0009A03767F5486761F0215560301179C0A54A169055603011854A16814761F021C00
:2008C0009211ED10761F021F921B520467039A006F2A56BF041B9A04761F021C56BF011176
:2008D0006F22761F021C92115201ED16761F021F2B1B761F0215560301189C0A54A1660AA6
:2008E0005603011754A168069A00761F021C2B116F0A9A046F08761F021F2B1B761F021C5E
:2008F0002B119A008BBE0006D00400FF6D1482A459A85AA99A038F0087E7767F5486761F47
:20090000001092165203EC16761F02155603011B96435603011A9642560301199641761FA3
:200910000010451AEF1B761F02165603013796416F15761F02155603011E96435603011D41
:2009200096425603011C9641761F0010451AEF06761F021656030137964192A25441674212
:200930005441672854426826761F021C92135202EC0D761F021F2B2792A1520169039CFF25
:200940006F029A01761F021C961D761F021F9227520568092B2792A152016905D981761FB9
:20095000021C791D761F021C921D96C356BF02136F21544267035443670C5443671B761FA6
:20096000021F2B2756BF0DC3761F021C2B136F12761F021F2B2779C3761F021C56BF01138D
:200970006F09761F021F2B272BC3761F021C56BF0413761F021C9213D00400FF6D7000060C
:2009800000FF6D1082A459A85AA99A038F0087AD767F5486761F02155603011F54A2694CB2
:200990005603011F54A2692A5603012054A26626761F021C92205202EC0D761F021E2B2D8A
:2009A00092A1520169039CFF6F029A01761F021C961F761F021E922D520568092B2D92A16F
:2009B00052016905D981761F021C791F761F021C921F96C356BF02206F275603012054A2C7
:2009C00069055603012154A2690E5603012154A2691B761F021E2B2D56BF0DC3761F021C27
:2009D0002B206F12761F021E2B2D79C3761F021C56BF01206F09761F021E2B2D2BC3761F01
:2009E000021C56BF0420761F021C922000FF6D6C000600FF6D1082A459A55AA9761F001015
:2009F000CD200008CC210008FFD2FFC2CAA8EC0656BF0DC39A00FFEF01189A038F00879B33
:200A0000767F54869A038F0087AA767F54869A038F0087A1767F5486761F00109219520115
:200A1000EC0692175201EC03922FED06761F021E2B1B2B2A2B21761F02152D22350A08A9AE
:200A2000FD8054A2FFE500DB761F021C9237520456C100C3761F02152D24350A08A9FD806E
:200A300054A262632D22350A08A9FD8054A2655D761F021C92375202EC26761F021E2B2A8B
:200A400092A152016916761F0010BE050608761F021D031A0FA66707761F021C921956B1C2
:200A500001196F0B92A1761F021C9CFF96196F05761F021C56BF0119761F00100608761F24
:200A6000021D1E1A761F021E2B212B1B761F02152D23350A08A9FD8054A26511761F021E4E
:200A7000922A525A681B2B2A92A1520169039CFF6F029A01761F021C96196F10761F021EF7
:200A8000922A522D680B2B2A92A1520169039CFF6F029A01761F021C9619761F021C9219FA
:200A900096C356BF02376F7A2D26350A08A9FD8054A262472D24350A08A9FD8054A26541FD
:200AA000761F021E2B1B2B2A92A1EC33761F02152D25350A08A9FD8054A26426761F021EF4
:200AB000922152B46711761F021C92189EA15201ED07921B5201ED04921896C36F1D791801
:200AC00079C32B1B6F192B2192A1520D67049A0194A16F029A0D96C3C5A3761F021C24182B
:200AD00056BF011B6F09761F021E2B2179C36F042B2156BF01C3761F021C56BF01376F2EEB
:200AE000761F021E2B212B1B2B2A56BF0DC3761F021C2B376F23761F021E2B212B2A2B1B32
:200AF0002BC3761F02152D26350A08A9FD8054A26515761F021C2B376F11761F021E2B2186
:200B00002B2A921B520A670379C36F0856BF0A1B761F021C56BF04372BC3761F021C9237B3
:200B10005201EC022B1800FF6D6C000600FF6D1082A459A85AA99A038F0087C0767F54867B
:200B20009A038F0087B6767F54869A038F008815767F548628AC00CD761F00103B01302A09
:200B3000FF4893A99A529EA86405520A65049A0A6F029A00761F022B5407650D761F021FCE
:200B40009200523C680C761F022B0A07761F021F2B006F059607761F021F2B00761F0217AD
:200B5000920F9CC054A2FFE900C0761F021C921A520456C100AC761F0217920F9CC054A2D1
:200B600069459210761F022B9E079CC054A2663E761F02202B15761F021C921A5202EC2012
:200B7000761F021E2B3692A152016910761F0010BE050608761F021D031E0FA6680B92A1AA
:200B8000761F021C9CFF961C6F05761F021C56BF011C761F00100608761F021D1E1E761FC4
:200B9000021E9236523C680B2B3692A1520169039CFF6F029A01761F021C961C761F021C4A
:200BA000921C96C356BF021A6F7A761F02179210761F022B9E079CC054A2694C761F0217A8
:200BB0009211761F022B9E079CBB54A26643761F021E2B3692A1EC34761F02179211761FD6
:200BC000022B9E079CC054A26826761F0220921552B46711761F021C92019EA15201ED07BB
:200BD00092005201ED04920196C36F1F790179C32B006F1B2B1592A1520D67049A0194A13D
:200BE0006F029A0D96C3C5A3761F021C240156BF01006F0B79C3761F02202B156F06761F77
:200BF00002202B1556BF01C3761F021C56BF011A6F26761F021E2B36761F02202B1556BF10
:200C00000DC3761F021C2B1A6F1A761F02202B15761F021E2B362BC392A2525A6710761F9C
:200C1000021C2B1A6F0C761F02202B15761F021E2B362BC3761F021C56BF041A761F021C52
:200C2000921A5201EC022B0100FF6D6C000600FF6D1082A459A85AA99A038F00880C767F62
:200C300054869A038F008806767F5486761F0010922D52A0671C529667135264670D523C4E
:200C400068092D2D350528A8028AFFC09FA9FFD16F0F9B7D6F0D9AC89E2D93A96F092D2D0F
:200C5000350528A801A9FFC09FA96F029B0092A89CFB80A956B400A792A89CF688A956B40B
:200C600000A692A89CF156B400A993A755A2695F55A2693F93A655A2663C761F02202B0602
:200C7000761F021C920B5202EC20761F02202B0C92A152016910761F0010BE050608761FBC
:200C8000021D03200FA6680B92A1761F021C9CFF960C6F05761F021C56BF010C761F0010D9
:200C90000608761F021D1E20761F0220920C523C68092B0C92A152016905D981761F021CB8
:200CA000790C761F021C920C96C356BF020B6F2E93A655A2690354A2690D54A26927761F23
:200CB00002202B062B0C56BF0DC3761F021C2B0B6F1D761F02202B062B0C92A156B101A145
:200CC00079C3761F021C56BF010B6F10761F02202B0C92065203670379C36F0856BF03066F
:200CD0002BC3761F021C56BF040B020A761F00100F0A690656BF0DC3761F021C2B0B761FA3
:200CE000021C920B00FF6D6C000600FF6D105BA85AA98F0088129A03767F54869A038F0018
:200CF00087F0767F5486761F001092165203EC0B761F0214580480A059058F008B18939427
:200D0000889C6F0A761F0214580480A059058F008B0A9394889C761F0010920FEC3E921927
:200D10005201EC3B9231EC39401AEE3592A154A2662158A2761F021C920AED0C58A1761F64
:200D20000010CC1DFFCFCA1EEC0592A254A0670258A2761F021C9209ED3158A7761F001078
:200D3000CC1DFFCFCA1EEC2A92A254A0672758A26F25761F021C9209ED0C761F0010CC1DD5
:200D4000FFCFCA1EEC1B92A254A0671858A26F1658A26F1458A26F12761F021C2B092B0A9C
:200D5000761F02202B12761F021F2B30D000761F001092195201ED0258A255A3ED0C761F9C
:200D600002149206761F02205412761F021C56B901096F04761F02202B1292A654A3ED0C4D
:200D7000761F02149207761F021F5430761F021C56B9010A6F04761F021F2B30761F0010EF
:200D800092165203EC058F008B1892946F048F008B0A929400FF6D6C000600FF6D105BA9F2
:200D9000D100D2008F0087F39A03767F54869A038F0087EA767F5486761F0010CC1A01C073
:200DA000761F021CFFC55405EC0B2B0D761F021F2B33761F021C2B02761F021F2B2A761FA0
:200DB000001092165201EC74520356C000E3CC1A01C0FFC55202EC64CC1A01C0ED34761FFE
:200DC000021C9202ED16761F022C9210761F021C9604761F0216592ED23C761F021C920D18
:200DD000520156B10102761F021F2B2AFFEF00C2520156C000BF761F021F922A520556B7ED
:200DE000052A6704761F021C2B0D761F022C920B761F021C9604761F0216592E8D80025826
:200DF000FFEF00A8CC1A01C0FFC55201EC1ECC1A01C0FFC55203EC10CC1A01C0FFC5520408
:200E000056C00098761F02165930761F021C56BF010DFFEF008F761F0216592F761F021CB3
:200E100056BF010DFFEF0086761F022C921E761F021C9604761F0216592DD23C6F7A761FAC
:200E20000216592C761F021C56BF010D6F72CC1A01C0FFC55202EC66CC1A01C0ED33761FF1
:200E3000021C9202ED17761F022C921E761F021C9604761F0216592AD23C761F021C920D9C
:200E40005201ED0456BF01022B0D761F021F2B2A6F505201ED4E761F021F922A520556B7D0
:200E5000052A6704761F021C2B0D761F022C9219761F021C9604761F0216592A8D800258AB
:200E60006F38CC1A01C0FFC55201EC21CC1A01C0FFC55203EC14CC1A01C0FFC55205ED2968
:200E70003B01761F02168F008B188535560100A459C4761F021C56BF010D6F1B761F021668
:200E8000592B761F021C56BF010D6F13761F022C921E761F021C9604761F02165929D23C79
:200E90006F08761F02165928761F021C56BF010D761F0010CC1A01C0761F021CFFC5960569
:200EA000761F0010922FEC1892195201EC159231EC13761F021C920DEC09761F0010923455
:200EB000ED0379346F1C59346F1A59049204761F001096346F14761F021C2B0D761F021F5E
:200EC0002B33761F021C2B02761F021F2B2AD100761F001093195301ED0259A393A3761F9D
:200ED000021C5504ED0A93A2761F021F5533761F021C56B9010D6F04761F021F2B3392A197
:200EE00000FF6D6C000600FF6D105BA85AA98F0087ED9A03767F54869A038F0087FC767F7F
:200EF00054869A038F008800767F54869A038F0087F6767F5486761F001092165201EC1C65
:200F00005202EC1A5203ED318F008B0AD003761F021C929496079B0558A892949636D00332
:200F10009294963956BF3C3256BF1E3556BF1E3456BF143A6F1A8F008B18D003761F021CD6
:200F2000929496079B0158A892949636D00692949639D10D929C963856BF3C3256BF1435DA
:200F300056BF143456BF143A761F021C9233761F00105416EC0A761F021C2B032B082B0E17
:200F40002B06761F021D2B00761F00109216761F021C9633761F0010922F56C100CF9219C1
:200F5000520156C100CB92165203EC415201ED6C761F021C9203EC2D9208EC20920EEC15CE
:200F60009206ED0C9A0D54A2690358A26F02D00D761F021D56BF04006F26761F02165835F3
:200F7000761F021D2B006F1F92A054A2690258A2761F021D56BF03006F1692A854A269037A
:200F800058A26F0258A8761F021D56BF02006F0B9A0354A2690358A26F02D003761F021DB0
:200F900056BF01008F008B1892946F2E761F021C9203EC1D9208EC10920EED0A92A054A290
:200FA000690258A2761F021D56BF03006F1A761F021D2B006F1692A854A2690358A26F020C
:200FB00058A8761F021D56BF02006F0B9A0354A2690358A26F02D003761F021D56BF0100D5
:200FC0008F008B0A9294761F021D93005301ED0F93A3761F021C5507ED0A9332761F021F79
:200FD000552D761F021C56B901036F04761F021F2B2D761F021D93005302ED0F93A3761FD5
:200FE000021C5536ED0A9335761F021F553C761F021C56B901086F04761F021F2B3C761F52
:200FF000021D93005303ED0F93A3761F021C5539ED0A9334761F02205500761F021C56B9DA
:20100000010E6F04761F02202B00761F021D93005304ED0F93A3761F021C5538ED0A933A98
:20101000761F021F5536761F021C56B901066F18761F021F2B366F14761F021C2B032B0881
:201020002B0E2B06761F021D2B00761F021F2B2D2B3C761F02202B00761F021F2B3600FFFA
:201030006D6C00069A038F008762767F54869A038F00876B767F54869A048F00877D767FCA
:2010400054869A038F008795767F54869A038F0087F9767F5486761F001092165201EC0D8B
:201050005202EC0B5203ED10D0038F008B0A761F021D929496016F08D0038F008B18761F6A
:20106000021D92949601761F0010441AEE38761F021D9202761F00105416EC149216520317
:20107000EC0B761F021D92025203EC06761F0010CC16FFFBED07761F0010920C761F021E6D
:201080009615761F00109216761F021D9602761F00104A1AEE0C761F021C923C5201ED0741
:20109000761F0010920C761F021E9615761F0010CC1A0400761F021CFFC9963C761F021C0E
:2010A000923FEC05761F00104A1AEF05761F021E56BFAF15761F021E921552AF6705761F85
:2010B00000102B316F0356BFAF15761F00109211ED1E92105201EC1B921FED199231ED149F
:2010C0003B01761F02148F008B188508761F0010560100A492C4543868032B2E6F0956BF97
:2010D000012E2B316F0556BF012E6F022B2E922EED0C2B0F401AEF309210ED2E921F761F84
:2010E000021D56B1AF226F28761F021C923FED15761F021D9222520A67075200EC1D761FBA
:2010F0000010441AEF19761F021C56BF013F761F001056BF010F6F10761F00104A1AEE0A18
:20110000761F021D922252AF761F001056B7010F6F0356BF010F761F0010920FEC15761F31
:20111000021D922B520567075200EC14761F0010441AEF10761F001056BF012F761F021D2C
:2011200056BF052B6F07761F021D2B2B761F00102B2F761F0010922F5201EC08761F021D8A
:20113000922252AF56B7AF226F04761F021D2B22761F0010922FED0456BF14362B359218D8
:201140005201EC165202EC0C92319336767F0CE59635767F198E761F001096356F11923162
:201150009336767F0EE3761F001096356F09401AEE079236767F0D8D761F0010963592350B
:20116000EC04520A56B80A35761F021D923D5264FFE800BF761F021C0A3B761F021D2B3DE3
:20117000761F00109236543568635435FFE900B1761F021D9201761F001054366612761FF9
:2011800002149A64930C00FF6C7C761F021C543B6618761F00100B36761F021C2B3B6F1176
:20119000761F02149A64930B00FF6C7C761F021C543B6607761F00100B36761F021C2B3B63
:2011A000761F001092165203ED1AD00092A0520D667F8F008B0A761F001092945436660B56
:2011B00092945436EC06D80192A0520D69F36F7078376F6E92A09CFF96376F6AD00092A0D7
:2011C000520D66668F008B18761F001092945436660B92945436EC06D80192A0520D69F384
:2011D0006F5778376F5592A09CFF96376F51761F021D9201761F001054366612761F0214D3
:2011E0009A64930A00FF6C7C761F021C543B6618761F00100A36761F021C2B3B6F11761F9A
:2011F00002149A64930900FF6C7C761F021C543B6607761F00100A36761F021C2B3B761F06
:20120000001092165203ED13D00092A0520D66208F008B0A761F0010929454366706D8011B
:2012100092A0520D69F66F1478376F12D00092A0520D660E8F008B18761F001092945436BF
:201220006706D80192A0520D69F66F027837761F00109235ED103B01761F02148F008B18D6
:201230008508761F0010560100A492C4543868032B2F2B379213EC04923756B101370006C5
:20124000761F001092165203EC18CC1A01C0ED06761F02172D09350A0006CC1A01C0FFC5BA
:201250005201ED06761F02172D09350A0006761F02172D08350A0006CC1A01C0ED06761FB8
:2012600002172D0B350A0006CC1A01C0FFC55201ED06761F02172D0B350A0006761F02174E
:201270002D0A350A0006767F12401BA9025868081BA9032067039A0200069A0300069A01DC
:201280000006761F0010923D520362085203EC195201EC215202EC1A6F055204EC0D5205E7
:20129000EC06761F02172D01350A0006761F02172D05350A0006761F02172D04350A0006E2
:2012A000761F02172D03350A0006761F02172D02350A0006761F02172D01350A00069A032B
:2012B0008F00878C767F5486761F0010401AEE0E920FED07021E0F0C660B2B3C2B3B6F082D
:2012C00056BF013C56BF013B6F03923B963C92165203ED155203ED26922552F064039A04F5
:2012D0006F0A526464039A056F06520063039A076F029A06761F021C963E6F141B2501AEF1
:2012E00064039A006F0C1B25012C64039A016F07922552C864039A026F029A03761F021CF8
:2012F000963E761F0010923A5203ED4192315201660C28AC0005761F021C8F3F7355303EFE
:20130000560100A492C46F585202660C28AC0005761F021C8F3F7356303E560100A492C40D
:201310006F4B5203660C28AC0005761F021C8F3F7357303E560100A492C46F3E5204660CE4
:2013200028AC0005761F021C8F3F7358303E560100A492C46F3128AC0005761F021C8F3FCF
:201330007359303E560100A492C46F2692315202660C28AC0003761F021C8F3F73D8303EE3
:20134000560100A492C46F185204660C28AC0003761F021C8F3F73D9303E560100A492C48A
:201350006F0B28AC0003761F021C8F3F73DA303E560100A492C4761F0010963DCD20000238
:20136000CC200008FFD0FFC2CAA856B0033D923C5201ED5B923A5203EC22451AEF06767F50
:201370001273761F0010963D2B3E761F021C923D761F0010543D690F761F021E920C5278AA
:2013800056B7780C6747761F021C923D761F0010963D6F40761F021E2B0C6F3C451AEE176A
:20139000CD200002CC200008FFD0FFC2CAA8ED07767F1281761F0010963E6F0E761F021738
:2013A0002D05350A761F0010963E6F06767F1240761F0010963E761F021D9203761F001020
:2013B000543E690F761F021E920C527856B7780C6711761F021D9203761F0010963E6F0AB2
:2013C000761F021E2B0C6F062B3E2B3D761F021E2B0C761F0010923D761F021C963D761F60
:2013D0000010923E761F021D96030006761F0010931ACC1A04009101FFC9CAA8ED0A921623
:2013E0009B00761F0011520356B101A897026F05761F001192029603761F0010441AEE0EC8
:2013F00002960F0C6904920F5201ED0C922FED0A761F0011920296030006761F0011920205
:2014000096030006FE02761F022BCC0A2FF6761F022BCA0FED0C761F00109214761F0011EB
:20141000CA0AED059A01767F56CD6F075CADDC81767F15FD767F4F3FFE8200069A038F002B
:201420008786767F5486761F0010451AEE16920FED0F922A52A0680752AA6964761F00119F
:201430002B016F60761F001156BF01016F5B761F001156BF01016F5692165201EC2252033A
:20144000ED3ECC1A01C0FFC55201EC14CC1A01C0FFC55202ED089A00761F0216933EEC2FBC
:201450009A016F2D9A00CD1A01C0FFD5EC289A016F269A00761F0216933FEC219A016F1F9C
:20146000CC1A01C0FFC55201EC14CC1A01C0FFC55202ED089A00761F0216933CEC109A014D
:201470006F0E9A00CD1A01C0FFD5EC099A016F079A00761F0216933D56B001A95201EC0CB1
:20148000761F021E9306537856B77806761F0011562A07016F07761F021E2B06761F001178
:201490009601761F00104020EF04761F00112B0100069A028F008789767F54869A028F00A0
:2014A0008780767F54869A028F008783767F5486761F00109216EC04761F021E2B035203DD
:2014B000ED09761F0010920F5201761F021C56B10121761F001092165203EC04761F021C6C
:2014C0002B21761F021C9221ED04761F021E2B09761F021C9227ED060200761F021D190151
:2014D0001E1C761F021C9227ED240203761F00100F08661F761F02152D3A350A761F001008
:2014E00008A9FD8054256510761F02152D3B350A761F001008A9FD80542665069216761F88
:2014F000021C56B10125761F021C56BF01276F21761F021E1B030168691C761F02152D3A3D
:20150000350A761F001008A9FD8054256512761F02152D3B350A761F001008A9FD80542629
:201510006508761F021C56BF0125761F021E2B03761F021E920952086630761F00109216F0
:201520005203ED2B761F021C9226ED08761F00109214EC04761F021C0A22761F021C92225D
:2015300052036822761F02152D3A350A761F001008A9FD8054256518761F02152D3B350A4E
:20154000761F001008A9FD805426650E761F021C2B2256BF01246F08761F021E56BF08093F
:20155000761F021C2B22761F00109214761F021C96269224520156B101259225EC0C761F47
:201560000215923C761F021E54006708761F021C2B256F04761F021E2B00761F021C92254E
:201570005201ED0B92245201EC08761F0010920FEC04761F021C2B25761F02152D3D350A85
:20158000761F001008A9FD8054256307761F021C92245201EC022B25761F00109220EC0652
:201590004620EE04761F021C2B25761F021C92245201ED0A9225ED082B24761F001006087F
:2015A000761F021D1E1C761F0010BEB40608761F021D031C0FA6660D061C761F00100F083F
:2015B0006708761F021C9222761F001056B00111761F021C9225761F00119604761F001039
:2015C000CD1FBFFF761F021C92249001FF8DCAA8761F0010961F00060006761F0010451AFF
:2015D000EF2ACC1A01C0FFC55201ED0492165201EC17CC1A01C0FFC55201ED0F921652037E
:2015E000ED0C761F02169B00923A761F0010520156B101A89739000656BF01390006761F76
:2015F00002169B009239761F0010520156B101A89739000656BF013900069A00761F00114A
:20160000460A56CD00D2400A56CD00CB450A56CD00C5410A56CD00BE420A56CD00B7761F2F
:20161000022B400F56CD00AE440F56CD00A7490F56CD00A0460F56CD0086470FEE7F480F1D
:20162000EE7A430FEE744A0FEE6E420FEE68410FEE62450FEE5C761F022B440AEE55490A4E
:20163000EE50450AEE4B480AEE464C0AEE41470AEE3B4A0AEE36410AEE314B0AEE2C430AB1
:20164000EF06761F001092165201EC22761F022B430AEF06761F001092165203EC16761FAA
:20165000001092145204EC0D5205EC0B5206EC095207EC039A0000069A2056BF01C4000658
:201660009A2356BF01C400069A172BC400069A162BC400069A152BC400069A142BC400063B
:201670009A132BC400069A1256BF01C400069A112BC400069A102BC400069A0F2BC400064F
:201680009A0E2BC400069A0D2BC400069A0C56BF01C400069A0B56BF01C400069A0A56BF4D
:2016900001C400069A0956BF01C400069A0856BF01C400069A072BC400069A0656BF01C45A
:2016A0000006761F001093145309EC0F5310EC0D5308EC095301EC055313ED089A226F0604
:2016B0009A216F049A056F029A0456BF01C400069A0356BF01C400069A0256BF01C4000665
:2016C0009A0156BF01C400069A1D56BF01C400069A1C56BF01C400069A1B2BC400069A1A04
:2016D00056BF01C400069A1956BF01C40006761F022B400F56CD00AA440F56CD00A5490F36
:2016E00056CD00A0930F761F0010921FFFD5FFC5CEA840A956CD0081761F022B930F761F9B
:2016F0000010FFD6921FFFCCCEA840A9EE73761F022B480FEF039A070006430FEF039A0821
:2017000000064A0FEF039A090006420FEF039A0A0006410FEF039A0B0006450FEF0E761F0F
:201710000010CC1A1000CD1A0800FFCBFFDACA11CBA9EC039A0C0006761F022B440AEF0335
:201720009A0D0006490AEF039A0E0006450AEF039A0F0006480AEF039A1000064C0AEF03DD
:201730009A110006470AEF039A1200064A0AEF039A130006410AEF039A1400064B0AEF03C2
:201740009A150006430AEF08761F001092165201EC1F5202EC1D761F022B430AEF06761FEF
:20175000001092165203EC12761F001092145204EC055205EC035206ED039A18000652073D
:20176000ED039A1900069A0000069A1700069A1600069A06000692145209EC035210ED03CB
:201770009A0400065208ED039A0500065201ED039A1A00065213ED039A1B00069A05000614
:201780009A0300069A0200069A0100069A038F008798767F5486761F001092165203ED5B5F
:20179000520356C000AB761F0011410AEE04761F021E2B18761F0010931ACC1A000291017C
:2017A000FFC0CAA856C0009A761F0011410AEE24761F00104120EE1B4320EE144220EE0D74
:2017B000761F0011420A56CC0089761F00109231520656B6063100069231520656B6063115
:2017C00000069231520556B6053100069231520456B604310006761F0010922352C8621655
:2017D000761F021E1B180708680A1B18087068032B180006761F00102B310006761F001085
:2017E0009231520556B6053100069231520356B603310006761F0011410AEE04761F021E91
:2017F0002B18761F0010411AEE48761F0011410AEE23761F00104220EE1A4120EE1343208A
:20180000EE0C761F0011420AEF38761F00109231520656B6063100069231520556B6053150
:2018100000069231520656B6063100069231520556B605310006761F0010922352FA6216CE
:20182000761F021E1B180708680A1B18087068032B180006761F00102B310006761F001034
:201830009231520356B6033100069231520556B60531761F021E2B180006D400761F001067
:201840004120EF02DC014320EF02DC014220EF02DC01761F0011410AEF0BDC01761F00108B
:201850001B23FED465041B2303206402DC01761F0011420AEF0BDC01761F00101B24FED4DC
:2018600065041B2403206402DC0192A452026721761F0011930ACC0A00409101FFC5CAA827
:20187000CD0A0020FFD4CBA9ED0F761F00109214ED089B00CC20FBF156B001A8971000060F
:2018800056BF01100006761F001056BF01100006761F001056BF011000069A038F00878F38
:20189000767F5486761F001092155202EC04761F021E2B0F761F021E920F527856B7780F36
:2018A000761F0011400AEE52410AEE4B420AEE44761F0010CC16FFFBEC3C761F021C9223E5
:2018B0005203ED08761F001092165201EC2F5202EC2D761F001092165203ED08761F021C5C
:2018C00092235201EC1E5202EC1C761F001092155202ED06761F021E920F5278682B761FBF
:2018D0000010922FCA30EC0A431EEF249231ED22921FCA2056B104156F1D56BF03156F1AF4
:2018E000761F001056BF02156F1556BF02156F1256BF01156F0F761F001056BF07156F0AEE
:2018F000761F001056BF06156F05761F001056BF0515761F0010922F5201ED022B1592162B
:20190000761F021C962300069A038F008792767F5486761F00109220761F022B960F761FEE
:20191000022B9217EC07761F022B920F761F021C962E761F021C9228761F022BCA0FEC0E12
:20192000761F021C9228ED07761F022B920F761F021C962E56BF01286F04761F021E2B12C9
:20193000761F021E92125278680B761F021C92285201ED062B28761F021E56BF7812761F12
:20194000021C92285201ED05922E761F022B980F00069A038F008768767F5486761F0010AC
:20195000921F761F022B960A761F022B9217EC07761F022B920A761F021C9630761F021C7C
:20196000922D761F022BCA0AEC0E761F021C922DED07761F022B920A761F021C963056BFC6
:20197000012D6F04761F021D2B28761F021D92285278680B761F021C922D5201ED062B2DF4
:20198000761F021D56BF7828761F021C922D5201ED059230761F022B980A0006B2BDAABD25
:2019900059A9D2008F00877A9A04767F54869A048F008774767F54869A028F008765767F63
:2019A00054869A028F00876E767F54869A038F008771767F5486761F00109225761F021C5C
:2019B0005429650B761F021D1B3A03206909761F021C2B2C96296F04761F021D2B3A761FA2
:2019C000021C5429630C761F021D1B340320761F021C56B6012C562A06296F04761F021D15
:2019D0002B34761F021C932CED1D1BA9011863039A006F121BA9011864041BA90136640B0F
:2019E0001BA9013664041BA9015464039A036F049A026F029A01962F922A542F562A062F93
:2019F0006F1E5301ED1C1BA9010E63039A006F121BA9010E64041BA9012C640B1BA9012C0D
:201A000064041BA9014A64039A036F049A026F029A01962F922A542F562A082F922F962AF4
:201A1000761F001092229CFB54236412761F021D922E5214681156BF132E761F00101B2749
:201A20000352630A1B26022656B401A26F05D200761F021D2B2EFF200384761F00100F0A17
:201A3000670892A25201ED05761F021C1A2B0001761F001092229C0A54236205761F021C25
:201A4000182B00FE761F001092195201EC0792175201EC0492165201EC0B761F021C182BDB
:201A500000FE761F00102B13761F021D2B25761F021C922FED16761F001092135201EC0988
:201A6000761F021C922B761F001056B001136F46761F021C922BED42761F00102B136F3E53
:201A70005201EC285202EC11761F001092135204ED05431AEE332B136F31431AEF039A04C3
:201A80006F029A0096136F2A761F001092135203EC09761F021C922B761F001056B0031334
:201A90006F1D761F021C922BED19761F00102B136F15761F001092135202EC09761F021C87
:201AA000922B761F001056B002136F08761F021C922BED04761F00102B13761F00109213A4
:201AB000EC4B5201EC2D5202EC155203ED11761F021D9225520A6905761F021792146F04CF
:201AC000761F022C921954A1693892A16F3692A16F34761F021D9225520A6605761F022C5F
:201AD00092196F0A52146605761F021792146F04761F0217921554A1692092A16F1E761F12
:201AE000021D9225520A69115214690B521E6605761F021792156F0C761F021792186F08E6
:201AF000761F021792146F04761F022C921954A1690492A16F0292A1761F001093229DF180
:201B00005523651193135301EC055302EC035303ED0A761F021D933153B4680856BFB43172
:201B10009A006F04761F021D2B31761F0010932FEC039313ED04761F021D2B25761F001002
:201B2000931A910180A8CD1A0002FFD0CBA788A8CD1A2000FFDCCBA6EC0292A186BE8BBEE3
:201B300000069A038F008777767F5486761F00109216ED12761F021C9231EC0E761F001035
:201B40009211EC0A4020EE08761F022B56BF0317761F021D2B37761F00109216761F021C8F
:201B50009631761F022B9217EC3C761F021D923752036805761F022B2B170006761F00102D
:201B60002B11181FFFBF761F022B180AFFBF761F0010181FDFFF761F022B180ADFFF761F81
:201B700000102B1F761F022B2B0A761F00101820FFBF761F022B180FFFBF761F00101820E5
:201B8000FFDF761F022B180FFFDF761F00102B20761F022B2B0F767F45FC761F00102B149A
:201B900000068F0082C0761F0202A810D00092A052E6670D8F3F70C892948A1096CC020233
:201BA00056010010D80192A052E668F58F0080D0A824D40092A4521567189A013B018F7F9E
:201BB00073F094A485A9560100A585C58F7F70C8560100A50EC583241EC5020256010024E8
:201BC000DC0192A4521568EA0006761F02019232EC1196302B327622761F01A11A180004B2
:201BD000761F01A21A180004761F01A31A180004761AFF690006767F255F767F1DB4767FE6
:201BE000255A0006D00800FF6D141EA7925D8B602D59A3585B55C4548E529645065C1E489D
:201BF00006A70FA166343AA90FA1662106A60FA1691092A35BA59EA30EA91E4206A603A013
:201C00001E44B2A903A0767F669394A35AA96F2692AC565D00A69EA30EA91E42B2A9A94470
:201C100003A6767F669394A35AA96F1892A55BA43AAB9EA30EA9565D00A71E42B2A9A94447
:201C200003A7767F669394A35AA96F080EA41E42C344B2A9767F66935AA906480FA166038F
:201C30009A006F0A92450EA91E4206481E44064803A1767F669393A295A992A8D00800FF7F
:201C40006D700006761F02212D2CBE00761F020F33010EAB761F02020F30761F020156B9C0
:201C500001A6CD0DFFFE92A69001CAA8960D9239CD0DDFFF9001FF8CCAA8960D0006FE1050
:201C6000761F0203062E29011E428F0003E8062C761F020E1E448F4003E856030E17FF5AC8
:201C7000761F02070200F61F561700A4061C3F45761F020A1E48920C761F0207964906269A
:201C8000761F020A1E4C920D761F0208964D0624761F020E1E5056030E1FFF5A0200F61FE5
:201C9000561700A45CAB56030E1B761F0203FF5A0200F61F561700A506305DAB767F1BE24E
:201CA000761F02019631FE900006761F0201CD360030CC390002FFD3FFC0761F020ACAA8BB
:201CB000931D9101CBA9ED14761F020FBE000E0B761F02030F0056B701A6761F020192A6B3
:201CC000CD0DFFFB9001FF81CAA8960D0006761F0201180C7FFF761F020A2B000006761F63
:201CD00002060624ED08761F0208061A761F02061E346F13761F020A0E06761F02061EAC81
:201CE00056440030761F020707201E20761F0206FF1F00010EA81E34761F020A2B1E181D34
:201CF000FFFD0006FE04761F02060624EC25761F0208061A761F0207032A1E420634761F3F
:201D000002061E440624767F66931EA6ED02BE01761F0208061A761F0207032A761F0206A8
:201D1000FF3FFF5A0200F61F561700A6A9300630ED0302011E30FE840006761F0207060A6C
:201D2000ED08761F0208061A761F02061E340006761F020A0E06761F02061EAC5644003014
:201D3000761F02070F20680302006F05C420564100A606A61E20FF1F00010EA8761F020668
:201D40001E340006761F020C0E0B761F02061E24761F020C0E0D761F02071E0A761F02066F
:201D500002641EAC56650024A924761F02075665000AA90ABE00761F02060624761F02085D
:201D60000F1056B001A6761F020192A6CD37FFF79001FF82CAA89637761F0207BE00060A10
:201D7000761F02080F1256B001A6761F020192A6CD37FFEF9001FF83CAA89637761F020635
:201D80000624761F02081E10761F0207060A761F02081E120006FE04761F0207060AEC230A
:201D9000062A761F0208031A761F02071E4206341E44060A767F66931EA6ED02BE01761FA8
:201DA0000207062A761F0208031A761F0206FF3FFF5A0200F61F561700A6A9300630ED03D1
:201DB00002011E30FE840006767F1DBB767F1F29767F1FA20006761F020BCC31000F88A995
:201DC0009231FFA3900F761F02019001CD0CFBFFFF89CAA8960C92A65202EC061836F7FFA5
:201DD0001838FEFF00061A3800C01838FEFF1836F7FF0006FF2003E8761F02030F0E761FA1
:201DE000020156B5012492245201ED1B761F02129207761F0201541366079C325413671144
:201DF0001A3D08000006183DF7FF761F022E920B5208ED07767F57EB761F020156BF073058
:201E00000006761F020ACC1B6000FFCC520156C000C0761F0201CD390040CC390004FFD525
:201E1000FFC1CAA856C0008B761F020ACC1C00035202EC745203EC2F767F1EE0761F020A9B
:201E2000921C900356C000A5CC1B6000FFCC520156C0009F761F0201183DFFFE18367FFFD6
:201E3000767F2501761F020302001E06761F020A181B9FFFCC1B0060FFC4520356C0008947
:201E4000CC1B9FFF1AA94000961B761F0201180DFFBF0006761F0201400DEE314139EE2C30
:201E5000767F1EE0761F020A921C9003ED71CC1B6000FFCC5201ED6C761F0201183DFFFE97
:201E600018367FFF767F2501761F020302001E06761F020A181B9FFFCC1B0060FFC45203EA
:201E7000ED57CC1B9FFF1AA94000961B761F0201180DFFBF0006767F1C420006180DFFFED9
:201E8000761F020ACC1CFFFC5002961C761F02011A368000767F201B0006921C9003520287
:201E9000ED37767F1FC4761F020ACC1B1800FFCA5202ED2E767F22C40006767F1EE0761FF5
:201EA000020A921C9003ED24CC1B6000FFCC5201ED1F761F0201183DFFFE18367FFF767FA8
:201EB0002501761F020302001E06761F020A181B9FFFCC1B0060FFC45203ED0ACC1B9FFFDF
:201EC0001AA94000961B761F0201180DFFBF0006761F020ACC1B6000FFCC5201ED11761F34
:201ED0000201183DFFFE18367FFF767F2501761F020302001E06761F020A181B9FFF00067E
:201EE000761F020ACC1C00035201EC275202EC045203EC180006767F2035761F020ACC1B7B
:201EF0001800FFCAED1C921C90035202ED180200761F02031E021E00761F020A181CFFFCA4
:201F00000006761F0201180DFF7F180DFFFE761F020A181CFFFC0006181CFFFC0006761FBE
:201F100002021801FFFE761F02011839FFFD18367FFF1839DFFF1839FFBF1839FFDF18352C
:201F2000FEFF761F020A181DFFFE181DFFFD2B1E0006761F0201CD39FFBF761F0202CC018F
:201F30000004FFC1761F0201FF85CAA89639761F02021801FFFB761F0201CD39FFDF761FB3
:201F40000202CC010010FFC3761F0201FF84CAA89639761F02021801FFEF761F0201403DCD
:201F5000EE0A1839DFFF761F02021801FFF718037FFF0006761F0202FFCCCD010008900138
:201F6000FFD2761F0201CBA99101CC39DFFFFF9CCBA99739761F02021801FFF70006761FED
:201F70000201CC380100CD36FDFFFFC7FF88CAA896360006761F020ACC1B6000FFCC5201B3
:201F8000EC045202EC1D0006767F1EE0921C9003ED19CC1B6000FFCC5201ED14761F0201B6
:201F9000183DFFFE18367FFF767F2501761F020302001E06761F020A181B9FFF0006181B8D
:201FA0009FFF0006761F0201CD392000CC390040FFDCFFC5CAA8CD390020FFD4CBA9EC14FC
:201FB000403DEE10761F02021801FFFE761F02011839FFFD18367FFF1839DFFF1839FFBFF8
:201FC00000061839FFFD0006BEF5761F02030606FF560FA663080606761F0208FF560901D0
:201FD0001E246F060606761F0208FF561E24761F0201923690035203EC034936EE3C490CC3
:201FE000EE35761F02030628761F02071E1C761F020A280C4000761F0207061C761F0208AA
:201FF0000F246920761F020E0E238F0003E8761F02031EAC566500280200761F0207F61FC9
:20200000561700A4A926761F020E02002D21761F020A370CF61F561700A43F0D767F1C5F25
:202010006F05761F0201283140001B3140006803283140000006761F020ACC1B1800FFCA0C
:202020005202EC0ACC1BE7FF1AA91000961B767F2290767F2433761F020ACC1B1800FFCAA9
:202030005202ED03767F22A90006761F020ACC1B1800FFCA5202ED15767F23CD761F020A41
:20204000921B9007ED0ECC1B1800FFCA5202ED09761F0201180EFFFC761F020A181BE7FFBC
:202050000006761F020ACC1B0600FFC8520156C101075202EC72520356C00174761F020872
:20206000061A761F02060F346707761F02014237EE034437EF5F761F0208061A761F0206CB
:202070000F34683E761F0208061A761F02060F34661A0200761F02081E201E1E761F020A8C
:20208000CC1BF9FF1AA90400961B761F0208061A761F02061E3402001E30761F02011A0E2B
:2020900000030006761F020ACC1BF9FF1AA90200961B761F02060634761F02071E2A767F7F
:2020A0001CF2761F0207062AFF3F1E20767F1CCF761F0201CC0EFFFC5001960E0006761FEB
:2020B000020A1A1B0600761F0201CC0EFFFC5002960E761F02060634761F02071E2A767FB4
:2020C0001D8B761F0207062AFF3F1E20767F1D1D0006767F1D1D0006CC1B0600FFC852029C
:2020D00056C00100761F0208061A761F02060F3456C100F8761F0208061A761F02060F348C
:2020E0006858761F0208061A761F02060F3466280200761F02081E20761F020A181BF9FF48
:2020F000CC1C000CFFC1520156C000DC0200761F02081E201E1E761F020ACC1BF9FF1AA979
:202100000400961B761F0208061A761F02061E3402001E30761F02011A0E00030006020041
:20211000761F02081E20761F020A181BF9FFCC1C000CFFC1520156C000B5CC1BF9FF1AA992
:202120000200961B761F02060634761F02071E2A767F1CF2761F0207062AFF3F1E20767FED
:202130001CCF761F0201CC0EFFFC5001960E00060200761F02081E20761F020A181BF9FF91
:20214000CC1C000CFFC1520156C0008C1A1B0600761F0201CC0EFFFC5002960E761F02069B
:202150000634761F02071E2A767F1D8B761F0207062AFF3F1E20767F1D1D0006CC1B060046
:20216000FFC85201ED6E761F0208061A761F02060F346907761F02014237EE034337EF5F11
:20217000761F0208061A761F02060F34683E761F0208061A761F02060F34661A0200761F54
:2021800002081E201E1E761F020ACC1BF9FF1AA90400961B761F0208061A761F02061E3415
:2021900002001E30761F02011A0E00030006761F020ACC1BF9FF1AA90200961B761F020683
:2021A0000634761F02071E2A767F1CF2761F0207062AFF3F1E20767F1CCF761F0201CC0E60
:2021B000FFFC5001960E0006761F020A1A1B0600761F0201CC0EFFFC5002960E761F02063D
:2021C0000634761F02071E2A767F1D8B761F0207062AFF3F1E20767F1D1D0006767F1CCFE3
:2021D0000006761F0201CC0A0008CD0AFFFBFFC2FF81CAA8960A9A0193305301EC06530256
:2021E000EC04530356B000A99001CD0AFFF7FF82CAA8960A930AFFC2FFD1CEA840A9EE0876
:2021F000761F02082B30761F02092B246F07761F02080A30761F02090A241B24EA606903D4
:202200002824EA60761F020892305204640C761F02091B24EA60EC07761F02082B30761F56
:2022100002092B240006FE02761F02279236EC55761F02099235EC0354366641761F020168
:20222000453DEE0A1839FEFF761F0208061C761F02031E006F050200761F02031E00060E1B
:20223000761F0205031CFF560F1E6410761F02282B01761F022756BF0124761F02282B010F
:20224000761F02011A0D00026F39C51E28AC001F3B01761F020306A7562207A7FF401EA693
:20225000060E761F0205031CFF560FA663039A016F029A02761F022896016F0A0A36761FE3
:2022600002011A3901000200761F02031E00761F0201180DFFFD6F120200761F02031E0059
:20227000761F0201180DFFFD761F0203060E761F02051E1C761F02272B24761F0201880DD7
:20228000CD39000292A6FFD0FFC0FF5F9001CBA99101CCA6FFFDFF90CBA9970DFE820006E0
:20229000761F0201CD36FFF3761F020E923D9003761F0201FF81CAA89636CD36FFCF761FDE
:2022A000020F92099003FF83CAA8761F020196360006761F020A921B90075203EC0DCC1B67
:2022B000FFF85003961B761F0201CC0EFFFC5001960E180DFFFD761F020A921B9007520356
:2022C000ED03767F23F50006761F0201CC360030FFC35201ED284139EE26767F57EB767F4D
:2022D0001EE0921C900356C000F9CC1B6000FFCC520156C000F3767F1EC8CC1B6000FFCC45
:2022E00056C000ECCC1B0060FFC4520356C000E6CC1B9FFF1AA94000961B761F0201180D8B
:2022F000FFBF0006CC360030FFC3ED31420DEF2F180DFFFB767F1EE0921C900356C000CE54
:20230000CC1B6000FFCC520156C000C8761F0201183DFFFE18367FFF767F2501761F02030F
:2023100002001E06761F020A181B9FFFCC1B0060FFC4520356C000B2CC1B9FFF1AA9400066
:20232000961B761F0201180DFFBF0006761F020F0E11761F02060F346905761F020A401D5A
:20233000EF41761F0201CD360030CC390002FFD3FFC0CAA8ED28761F020F9213EC24761F83
:20234000020A411DEE20761F0201400BEE1C761F020A1A1D0001761F020F0E11761F0206DD
:202350000F346811761F020A0A1E761F020F2D13350A761F020A541E66061A1D0002181DD6
:20236000FFFE2B1E761F020A401DEF0C761F020F9213ED08761F020A1A1D0002181DFFFED2
:202370002B1E767F1CA5767F2433761F020ACC1B00075202EC3F5203ED50921B90075203C9
:20238000ED4C761F0201410DEE0B761F020ACC1C00C0FFC55202ED41767F22130006761FD1
:20239000020ACC1C00C0FFC55202ED0C761F02092B36761F02011839FEFF761F020A181CAC
:2023A000FF3F761F0201180DFFFD761F020A181BFFF8CC1B1800FFCA5202ED1F767F243AE0
:2023B000761F020A921B90075202ED17767F246E0006767F251C767F1D42761F02060634E2
:2023C000761F02031E00761F020ACC1C000CFFC15201ED03767F20510006761F020ACC1BB9
:2023D00000075202EC1C5203ED20CC1C00C0FFC55202ED0C761F02092B36761F0201183985
:2023E000FEFF761F020A181CFF3F761F0201180DFFFD761F020A181BFFF80006767F24FA30
:2023F000761F020A181BFFF80006761F0201CC36000CFFC15201EC1ECC36000CFFC1ED1A64
:20240000761F020ACC1C00C0FFC55202EC13761F02092B362B350200761F02081E1C761F8B
:20241000020ACC1CFF3F5080961C767F241A767F22130006761F020F2D03350A761F0205E4
:202420000EA91E1E761F020F2D29761F020935649635761F02212D2C761F020F3601761F26
:2024300002081E1C0006761F020306001E0206021E060006761F020A921B90075202EC2EFD
:202440000200761F02061E30761F02071E201E2A761F020A2B06761F02061E24761F02071C
:202450001E0A761F02081E1A761F02071E34761F02061E34761F02071E1E761F020ACC1B2C
:20246000FFF85002961B767F251C767F1D42761F02030600761F02061E340006761F0201AB
:20247000483656CD0088761F020ACC1C000CFFC15201EC0BCC1CFFF35004961C56BF010688
:202480000200761F02061E30761F020ACC1C000CFFC15201ED6F761F0208061A761F0206EF
:202490000F34684A761F0208061A761F02060F346621761F020ACC1B0600FFC85202EC5A22
:2024A0000200761F02081E201E1E761F020ACC1BF9FF1AA90400961B761F0208061A761FB5
:2024B00002061E3402001E30761F02011A0E00030006761F020ACC1B0600FFC85201EC3ACB
:2024C000CC1BF9FF1AA90200961B761F02060634761F02071E2A767F1CF2761F0207062A19
:2024D000FF3F1E20767F1CCF761F0201CC0EFFFC5001960E0006761F020ACC1B0600FFC8D3
:2024E0005203EC181A1B0600761F0201CC0EFFFC5002960E761F02060634761F02071E2A28
:2024F000767F1D8B761F0207062AFF3F1E20767F1D1D0006761F020A181BF9FF181CFFF3BE
:2025000000060200761F02031E02761F0201180EF7FF180AF7FF180AEFFF761F020218016B
:20251000FFFE761F02011839FFFD18367FFF1839DFFF1839FFBF0006761F0201483DEE1A94
:202520004139EE11761F020A401DEE060200761F02081E186F15761F020F0E11761F020871
:202530001E186F0E761F02020630761F02081E186F07761F02060634761F02081E180618F4
:20254000BE000F14761F020156B001A692A6CD37FFFB9001FF81CAA89637761F0208061812
:202550001E1406181E1A761F02030622761F02071E340006761F020206301E360006761F6D
:202560000201180EFFF31839FFFE0006761F02019232ED1A761F02129205761F020154134A
:2025700066134F36EF0F920E90035201ED039A046F0A920E90035202ED039A056F049A0699
:202580006F029A0596320006761F0201430AEE179230520AED2C761F02090A101B10271020
:202590006941761F02014F39EE06761F020928104E206F38761F02092B106F270201761F77
:2025A00002075601003C761F02089230520464098F030D40761F0207A8A90F3C68086F2241
:2025B000FF201770761F02070F3C671C761F02014F39EE078F0493E0761F0207A83C6F12DB
:2025C0000200761F02071E3C761F02019232ED0A761F0203060E761F02021E0C761F0201A5
:2025D0002B30761F020118397FFF0006761F02019232ED04453956BD0F320006761F020166
:2025E000433DEE05767F25E7767F25660006761F02019232ED14761F01BF4C00EF0C761F53
:2025F0000201403DEE0C92215201ED092B2156BF13320006761F020156BF0A320006761F25
:20260000020A4F1CEE441A1C80004D1CEE200200761F02041E08761F02051E26761F0204A6
:202610001E06761F02051E24761F020A1A1C2000761F02022B01761F02012B3B2B392B3629
:202620002B3D2B0E2B0C2B0D2B0B2B37761F020A4D1C56CC015A4C1CEE0A761F02082B3011
:2026300002001E18761F020A1A1C10004C1C56CC014CCC1B0060FFC45202EC05CC1BFF9FC0
:202640005040961B1A1C4000FFEF013F4D1CEF160201761F02035601000E060E761F022852
:202650001E32761F0203400EEE03767F1DDA767F25DE767F1BC5767F1BDB761F020A4C1C94
:2026600056CC0123761F02019239CD36BFFF9001FF8DCAA89636767F25D6767F1F6F761F8D
:20267000020ACC1B0060FFC4520156C100C7520256C100A7520356C00108CC1B0060FFC473
:20268000520356C00102761F02014B3DEE211A0D0800767F1F7ACC1B6000FFCC56C000F5C3
:20269000CC1B0060FFC4520356C000EF761F0201183D7FFF761F020A181BFF9F4C1C56CC5F
:2026A00000E4CC1BFF9F5040961BFFEF00DE9230ED511A3D8000761F020ACC1B6000FFCC1A
:2026B0005201EC44520256C000D0761F0201413956CC00CB4D3956CD00C8CD390004CC39CE
:2026C0000040FFD1FFC5CAA856C000BFCD390020CC350100FFD4FFC7CAA856C000B6761F4B
:2026D000020ACC1B9FFF1AA92000961B761F02011A3D00011A0D0040761F020A921C90038C
:2026E000520356C100A20200761F02051E141E16761F020A1A1C0003761F020118367FFF8A
:2026F000761F02031E02FFEF0090767F1E01FFEF008C767F21D1761F020118397FFF767FC1
:202700001F7ACC1B6000FFCCED7FCC1B0060FFC45203ED7A761F0201183D7FFF761F020AD0
:20271000181BFF9F4C1CEF70CC1BFF9F5020961B767F25841A3D0008180DFFBF6F65761F22
:2027200002014B3DEF61767F1F0F1A1B0060761F02011A3D8000761F020ACC1B6000FFCCE4
:202730005202EC52CC1B9FFF1AA94000961B761F0201180DFFBF6F48CC1B0060FFC452012F
:20274000ED437622761F01A11A180004761F01A21A180004761F01A31A180004761A761F42
:2027500002019230ED23FF69767F1F0F761F0201183DFFF7180EEFFF761F020A1A1B0060DC
:20276000761F02011A3D8000761F020ACC1B6000FFCC5202EC19CC1B9FFF1AA94000961BA5
:20277000761F0201180DFFBF6F0F4B3DEE0A1A0D0800761F020ACC1BFF9F5040961B6F04C7
:20278000FF69767F2584FF6900068F0493E0761F0202A8A90736761F02031E14A8A907066E
:202790001E18A8A907021E16761F02019216761F020B961B761F02019223761F020B961D30
:2027A000761F02019213761F020B962F0006761F020A4029EE061A2900011A2900020006E2
:2027B000767F278500068F3FE000761F0234A802761F02348F007FFFA81828AAFFFF28AB04
:2027C0008001A91A28AA7FFF28ABFFFF761F0234A91C02001E1E28AA800028AB0001A920D7
:2027D00019011E22761F022756BF492A56BF562956BF452C761F022828151F4028250190F6
:2027E000761F022F56BFE71C761F022856BFA31F761F000D28163FFF2817C001761F022789
:2027F00056BF4D1356BF451256BF471528AA3FFF28ABFFFF761F000FA92C28AAC00028ABB8
:202800000001761F000FA92A761F000F28074000761F000F2809C000761F000F28113FFF7D
:20281000761F000F2813C001761F022756BF540E56BF441156BF5210761F000F2B12761F7C
:2028200002332B04761F02332B11761F023328294000761F022756BF4D0356BF450256BF3F
:202830004504761F000C28151838761F000C28140A92761F0228282204E2761F000C2B24B9
:20284000761F000C2B1A761F02332B3D761F0233282BC000761F02272B1A0006FE04FFEF8A
:202850000390761F000C181AFFEF181AFFF3761F000C1A2401001A240004761F02272B09DC
:20286000923B761F02219637761F0227923D761F02219636767F5B18767F5B3A761F000C62
:202870009203761F02339602761F02280628761F000F1E1C761F022902001E3E761F0227AA
:202880002B252B28761F0229063E761F000C1E32761F000C0E03761F0221F60F1F2C761F51
:2028900002279627761F000C3B0156030F0F761F000C1E3A761F000C56030F0E761F000C3D
:2028A0001E3C761F022856BF03060632761F02291E16761F02282B05761F02272B142B0B93
:2028B0002B0D761F022902001E061E101E0C761F02282B212B1B761F02272B162B18761F6A
:2028C00002281E30761F02272B012B002B1F2B3CFFEF03200632761F02298F0001F4031614
:2028D0000FA46915761F02279209ED1156BF0109920A761F02219637761F0227923E761FFD
:2028E00002219636767F5B18767F5B3A761F02278837761F02280632761F022903160FA6F5
:2028F0006906761F0228920556B10105761F022806328F0001F4761F022903160FA4690D79
:20290000761F02279214ED0956BF0114761F02280632761F02291E14761F022806328F00C4
:202910003A98761F022903160FA46906761F0227920B56B1010B761F022806328F0002BC28
:20292000761F022903160FA46906761F0227920D56B1010D761F000C1A1A0020761F022975
:20293000063E761F000C1E32761F000F0626761F0228FF569718761F02279214520156C0F2
:20294000008A761F02340614761F0234030A761F02340308761F02291E12761F02280E1D80
:202950001E442B422B410E1F761F02291EAC560500125663001200FF6D3D28AC001C562C22
:20296000A9083B010608FF3D0306FF4D560100060606FF4D1E10761F02281B1B80006711FB
:20297000761F000F0626761F000C0332FF56761F0229FF4F5601000C761F02280A1B6F1474
:20298000761F02292901060C761F0228FF4E9621761F022756BF0118761F022902001E0CA0
:20299000761F02282B1B0632761F02298F00271003140FA46909761F02279216ED05921826
:2029A000520156B10116761F022792165201ED2228A93333761F000F28A813330F26631243
:2029B000761F02281B211800761F020156B608320232761F02290F10761F020156B2083229
:2029C0006F09761F02281B210999761F020156B60832761F022792195201ED36921AED3458
:2029D000920D5201ED319200961F9227FFC79600921F5400EC290A013B01761F000C851ED6
:2029E000761F022856010030761F02271B010100ED1B761F02280630761F0227562F073C33
:2029F00056BF020D761F022802001E30761F02272B012B002B1F56BF011A9222543C761F2C
:202A0000020156B41032761F02279227FFC796268F0000808F4000800E26FF30560100A4B2
:202A10000E26FF30560100A5761F02343B01061603C5FF43560100C4761F0227C62896328B
:202A20009AC0942890FF96355603013296319A809431962F8F0000800E32FF30560100A4B6
:202A3000761F022806C41E26761F02278F0000800E35FF30560100A4761F022906C41E24B3
:202A4000761F02270E31761F02348A02FF30560100A4761F022806C41E36761F02270E2F20
:202A5000761F02348A02FF30560100A4761F022806C41E2A8736761F02295605002456635F
:202A60000024761F0228A9A483A9872A560500265663002628AC001E565700A4564000A56B
:202A7000562CA93A87365605002656630026A9A483A9872A761F022956050024566300247E
:202A800028AC001E761F0228565D00A4565400A5562CA938761F02270A28761F0228063A8D
:202A9000761F0229032CFF4D5601002C761F02280638761F02290322FF4D56010022062C8F
:202AA0000318FF4D5601001806220326FF4D5601002687265605002656630026A9A483A9A0
:202AB0008718560500185663001828AC0020565700A4761F022A564000A5562CA9000600B1
:202AC000767F793A761F0227961C761F0228920B960D9219541868049213960D6F18541821
:202AD00067149220541868119E1988A9931892129E139F192DA837A90200F61F561700A655
:202AE00092AB9413960D6F039212960D8736761F02295605002656630026761F0228A9A4AD
:202AF00083A9872A761F0229560500185663001828AC001E761F0228565D00A4565400A58E
:202B0000562CA92E3B01761F02290618FF4F88A90626FF4F93A992A6767F7953761F022855
:202B10001E2C2901062C761F0227FF4E962E761F0228920A5202ED218F00FFFF0200BEC85E
:202B2000A8AC56650034761F02278F002710F61F561700A60E05761F02281EAC566500ABA4
:202B30000200F61F561700A43F039203761F0227942E96259427962D3B01761F000F2504C4
:202B4000761F0228033CFF4D5601003C063CFF4F960285A9FF569608BE64290156030E0993
:202B5000FF5A0200F61F561700A63F0C920C540868069208761F022796306F0E1B08400031
:202B6000620828A940009E08761F022796306F04761F02272B30761F0228920A5202ED3058
:202B7000761F02279217761F022854186808761F02279230761F022896006F235418671EEB
:202B8000921C5418681B3B01761F02278530761F02281EA6921C9E180EA91EAC921C566518
:202B900000A6761F02279E17761F022888A90200F61F561700A63F006F042B006F022B0079
:202BA000761F0227922D767F57A2761F02283B012D00761F022912A9FF4E1E2A761F0228B3
:202BB000020A1E420E0D761F02291EAC5644002A00FF6C2A761F02279621761F0228920ACB
:202BC0005202ED16761F022792245201ED11761F022892055201ED0C761F000C1A26000155
:202BD000761F02279221761F000F960B6F12761F000C1826FFFE761F000F2B0B6F0A761FEA
:202BE0000228920656C1FC6F520356C1FCE56F01FE840006FE02761F0227922B56C101AD0C
:202BF0002B332B2BFFEF01A9761F000C1A251000761F000C1A1A0010761F022756BF01339D
:202C0000FFEF01AF761F0228920F5201ED46761F000C1A1A0001761F000C1A240002761FE4
:202C1000000C1A1A00041A1A0008761F022756BF0136761F02280E1D1E420E0EFF3D00FF79
:202C20006C2A761F000C9621761F000C2B1E761F000F0626761F02291E1CC41C3B0128AC02
:202C30000012761F023306A6FF4C562207A6881FFF4D761F02291EAC564400A65601001A5E
:202C4000061A761F000C9703761F0229061C761F000C1E32FFEF016592235201ED25761F43
:202C5000000C1A1A0001761F000C1A240002761F000C1A1A00041A1A0008761F000C2B035E
:202C6000761F02272B36761F02280E1D1E420E24FF3D00FF6C2A761F000C9621761F000CEF
:202C70002B1EFFEF013E761F000C1A240002761F000C1A1A00041A1A0008761F000C2B1EEE
:202C8000761F000C2B21761F000C2B05761F000C2B06761F022902001E3C1E3E761F023362
:202C90002B00761F02291E3A761F000C2B03761F02272B36761F000C1E32761F000C4C25F0
:202CA000EF091825FFDF761F02332B24761F02332B1C761F02280632761F02291E16761F57
:202CB000022756BF0233FFEF00FC761F000C2B1E761F000C2803D555761F02289211761FD0
:202CC000000C5421651408210004761F02272B230200761F02291E00761F02281E3E761F31
:202CD00002291E04761F02272B206F6D9621761F02288F0001F40632761F022903160FA4F4
:202CE0006962761F02279220ED5E922352FF665B0A233B01761F022E8511FF56761F0229AE
:202CF00085A956010000761F022E8509FF56761F022885A95601003E761F022E850AFF566C
:202D0000761F022985A956010004761F02271B230100ED3956BF0120761F02290600761FB6
:202D10000228562F0714063E562F0717761F02290604761F0228562F071692145264761FD6
:202D2000020156B409326412761F022892175264761F020156B409326409761F0228921606
:202D30005264761F020156B409320200761F02291E00761F02281E3E761F02291E04761F7E
:202D400002272B23761F022806328F000640761F022903160FA46964761F022756BF0333CE
:202D5000761F02280632761F02291E166F59761F02289211761F000C9621761F000C2B1E0C
:202D6000761F000C2803C000761F02288F0003200632761F022903160FA46942761F022729
:202D700056BF0533761F000C2B21761F000C2B1E761F02280632761F02291E166F31761FFF
:202D80000228BE050632761F022903160FA6761F022756B605336F2456BF01362B3356BF2C
:202D9000012B8F3F284E761F0229A80E6F192B3356BF012B6F1592335203620D5203ECB810
:202DA000520056C1FE53520156C1FE5E520256C1FF0E6FEE5204ECD45205ECDF6FE9FE82AE
:202DB0000006761F0229C50E3E670006FE0296416F2D8F3F2BEA761F0229A80E761F022735
:202DC0002B08761F000C1825EFFF761F022756BF012B6F218F3F2E0C761F0229A80E761F52
:202DD000000C1825FFDF761F022756BF012B2B36761F000C2B25761F000C2B24761F000CDA
:202DE0002B1A761F02282B066F065200ECE45201ECD16F01FE8200068F3F2E0C761F022939
:202DF000A80E761F02272B08761F02332B1C761F000C2B25761F000C2B24761F000C2B1A44
:202E00000200761F02291E3C1E3E761F02332B00761F02291E3A0006761F02272B33020009
:202E1000761F02291E2C1E221E181E26761F02282B021E3C761F02272B362B24761F02286B
:202E20002B01761F02272B39761F02291E200006767F785E761F02279213524DED099212D9
:202E30005245ED0692155247ED03767F7790761F02279203524DED1292025245ED0F92041E
:202E40005245ED0C920E5254ED0992115244ED0692105252ED03767F7440761F0227922A21
:202E50005249ED0992295256ED06922C5245ED03767F5FB20006B2BDFE0476FF74395CAD8E
:202E6000DC83F60224849A038F008DF5767F5486761F0010451AEE56441AEE4C922293238C
:202E70005C2F5D30767F2F6D59A9761F0010921BEC09761F02174122EF0592A15424690235
:202E80005924761F001079304D1AEE0D92135204ED1492A152026605520056B001A16F0DA1
:202E9000D9826F0B761F02175913761F022B56BF0118761F02372B35761F00101B2501A48B
:202EA00063081B2501906209761F02372B116F05761F023756BF0111761F02379211EC1C7F
:202EB00092A1761F0217541767175200EC1559176F13D10D761F02169235761F0010963036
:202EC0006F0B56BF0D3156BF0D30D10D9220EC042B312B30D100761F0010CD1A0010CC1A49
:202ED0000002FFD3FFC0CAA8ED135CAD9225932F5D37DC83767F317888A9761F00104D1A8D
:202EE000EF0A934356B00D4356B000A66F0456BF0D43BE00CDA60001CC1DFFEFFF93CBA91A
:202EF000971D92A6FFC1CD1FFFF79001FF82CAA8961F5CAD9337DC829224767F32DD88A9DF
:202F0000761F022B9318EC0D761F02379335533C670856BF0D42BE00530056B000A16F0824
:202F1000761F023756BF3C35761F022B2B18761F0010CDA60001CC1DFFF7FF92CBA9971D97
:202F200093A6FFD0CC1EFFFD9101FF90CBA9971E92A6FFC1CD1FFFFB9001FF81CAA8961F43
:202F3000FFC19001CD1FFBFFFF89CAA8961F5CAD9337DC819226767F33AB88A9761F00100A
:202F40004D1AEF06934156B00D4156B000A6CDA60001CC1DFFFBFF91CBA9971D93A6CC1E0F
:202F5000FFFEFFD09101CBA9971E92A6FFC1CD1FFFFD9001FF80CAA8961F5CAD9A03DC83BE
:202F6000767F0744761F0010963292A15432690259327931FE848BBE0006D00C00FF6D141E
:202F700059A57C4C5AA85BA976FF74115CADDC8BF60A24849A038F008DEF767F54869A034F
:202F80008F008DDA767F54869A028F008DD7767F5486761F001092195201EC04921752017F
:202F9000ED06761F02372B2F2B1A2B1792A29EA3761F023754136205541356B401156F0276
:202FA0002B159613934CED062B152B162B2F2B1A2B179315ED4E1BA9FFFB64451BA9FFFBEC
:202FB00064035200643D520064035205643652056403520A642F520A6403520F6428520F3F
:202FC000640352146421521464035219641A52196403521E6413521E64035223640C5223FF
:202FD000640352286405522856B30A126F1D56BF09126F1A56BF08126F1756BF07126F144D
:202FE00056BF06126F1156BF05126F0E56BF04126F0B56BF03126F0856BF02126F0556BF83
:202FF00001126F022B1292165412562A06126F525301ED505223634852236303521E6341F9
:20300000521E63035219633A521963035214633352146303520F632C520F6303520A63259E
:20301000520A63035205631E5205630352006317520063041BA9FFFB630F1BA9FFFB63046F
:203020001BA9FFF663061BA9FFF663202B126F1E56BF01126F1B56BF02126F1856BF0312DC
:203030006F1556BF04126F1256BF05126F0F56BF06126F0C56BF07126F0956BF08126F06B4
:2030400056BF09126F0356BF0A1292165412562A0812924CED1458125CADDC8B5994761FBA
:203050000010920F5201761F023756B1011492145201ED4192A156B101A16F3D2B149212E0
:203060005416ED1F922F52B4681C2B2F9212520A6609520568072B1792A1520D672CD901BF
:203070006F2A5201EC05520056B100A16F2492A152016902D9819217523C56B700A16F1B1C
:2030800092125416EC182B172B2F5416660E5416671292169E1254A1670692A19E1694127A
:2030900059A96F09D1016F0794A19E1659A9520D56B60DA192129616761F0010961292A18A
:2030A000ED09924C5201ED06761F0237921A52B4680A761F0237921A52B46806921256B16B
:2030B00000A16F02D101921A52B456B7B41A92A1D00C00FF6D700006B2BD59A98F008DF819
:2030C0009A04767F5486761F0237923852326706CC0500C0FFC5FFEF00AB2B384905EE1657
:2030D00092049C0254A1650992A1540464032B076F2179042B076F1E0A0792075228641AB7
:2030E0002B0779041A0502006F1592A19C025404650992A1540462032B076F0C79042B0799
:2030F0006F090A079207522864052B0779041805FDFF4905EE1492A152C8650C9A0093A117
:2031000053D856B401A9CD05FFFC9003CAA896056F15CC05FFFC500296056F1092A152DF43
:2031100064039A006F0652D064039A016F029A02CD05FFFC9003CAA896050A069305FFC123
:203120009103900354A8EC099205CD05FFF39003FF81CAA896052B060A019206523C640B2B
:2031300056BF3C062B019205CD05FFCF9003FF83CAA896059201526464199205CD05003044
:203140009003FFD39C0155A96209CC0500309305FFC391039C0154A863092B019205CD057B
:20315000FFCF9003FF83CAA896050A00CC0500C0CD050030FFC5FFD355A9630D1B0004B0FF
:203160006413CC050030CD05FF3FFFC3FF85CAA896056F0ACC050030CD05FF3FFFC3FF85A4
:20317000CAA896052B00CC0500C0FFC58BBE0006D00C00FF6D1482A4974C9CF659A9761FD5
:203180000010922A767F30BC5AA99A038F008DE9767F54869A038F008DEC767F548692A266
:20319000EC395201EC1D5202ED4C761F0217921D964B921E964A921F964992209648761F8E
:2031A0000214922B9647922C9646922D9645922E9644922F9643923096422B416F32761FBB
:2031B00002179219964B921A964A921B9649921C9648761F0214922B9647922C9646922D18
:2031C0009645922E9644922F9643923096422B416F18761F02149227964B9228964A9229B9
:2031D0009649922A9648922B9647922C9646922D9645922E9644922F9643923096422B415E
:2031E00092A1761F0237540D6205540D56B4010C6F022B0C790D924CED042B0C56BF0A0239
:2031F000920CED5B92A1645052006403527864495278640352B4644252B4640352F0643B97
:2032000052F064041BA1012C64331BA1012C64041BA1017C642A1BA1017C64041BA101AE60
:2032100064211BA101AE64041BA101D664181BA101D664041BA101FE640F1BA101FE6404EB
:203220001BA1021C64061BA1021C64202B036F1E56BF01036F1B56BF02036F1856BF0303D2
:203230006F1556BF04036F1256BF05036F0F56BF06036F0C56BF07036F0956BF08036F06FD
:2032400056BF09036F0356BF0A0392025403562A0803920396026F5E5201ED5C1BA10212DD
:2032500063521BA101F464041BA1021264491BA101CC64041BA101F464401BA101A4640404
:203260001BA101CC64371BA1017264041BA101A4642E1BA1012264041BA10172642592A16E
:2032700052E664041BA10122641C52AA640352E66415526E640352AA640E1BA1FFEC640388
:20328000526E64061BA1FFEC56B40A036F1D56BF09036F1A56BF08036F1756BF07036F14C8
:2032900056BF06036F1156BF05036F0E56BF04036F0B56BF03036F0856BF02036F0556BF1B
:2032A00001036F022B0392025403562A06039203960258035CADDC8B929496C3761F0010DB
:2032B000CD200002CC210002FFD0FFC0CAA8EC0856BF0DC3761F02372B299A006F1B92C3AC
:2032C000ED10761F023792295205680556BF05299A046F109A01761F0010933797C36F0A67
:2032D0009B00923054C356B601A892A8761F02372B29D00C00FF6D70000600FF6D1082A4F9
:2032E0005AA859A99A038F008DE6767F54869A038F008DDD767F5486761F0011410AEF0611
:2032F00056BF0DC39A00FFEF00B5761F001092195201EC0692175201EC03922FED05761FD4
:2033000002372B262B1D761F02152D2A350A08A9FD8054A1FFE2008E761F0237920E520443
:20331000EC79350A08A9FD8054A16253761F02152D28350A08A9FD8054A1654B761F023740
:20332000920E5202EC092B1D92A2520169039CFF6F029A0196092B26761F02152D29350A91
:2033300008A9FD8054A162152D28350A08A9FD8054A1650F761F0237921D523C68232B1DDA
:2033400092A2520169039CFF6F029A0196096F1A2D2A350A08A9FD8054A162142D29350AE7
:2033500008A9FD8054A1650E761F0237921D521E68092B1D92A2520169039CFF6F029A0187
:203360009609761F0237920996C356BF020E6F3E761F02152D28350A08A9FD8054A1621243
:203370002D27350A08A9FD8054A1650C761F02372B262B1D92A256B101A27AC356BF010E70
:203380006F25761F02372B262B1D56BF0DC32B0E6F1D2B1D2B262BC3761F02152D27350AC2
:2033900008A9FD8054A16312761F02372B0E6F0E761F02372B1D9226520A67037AC36F06BB
:2033A00056BF0A262BC356BF040E761F0237920E00FF6D6C000600FF6D1082A45AA959A8C1
:2033B000761F0010CD200004CC210004FFD1FFC1CAA8EC0656BF0DC39A00FFEF00FC9A037C
:2033C0008F008DF2767F54869A038F008DE3767F54869A038F008DE0767F5486761F001098
:2033D00092195201EC0692175201EC03922FED06761F02372B322B232B20761F02152D2B86
:2033E000350A08A9FD8054A2FFE500C1761F02379208520456C100AB761F02152D2D350A00
:2033F00008A9FD8054A262522D2B350A08A9FD8054A2654C761F023792085202EC092B237A
:2034000092A1520169039CFF6F029A01960B2B202B32761F02152D2C350A08A9FD8054A262
:2034100062152D2B350A08A9FD8054A2650F761F02379223521E68232B2392A15201690338
:203420009CFF6F029A01960B6F1A2D2D350A08A9FD8054A262142D2C350A08A9FD8054A2CC
:20343000650E761F02379223523C68092B2392A1520169039CFF6F029A01960B761F023731
:20344000920B96C356BF02086F6F2D2F350A08A9FD8054A262422D2D350A08A9FD8054A259
:20345000653C761F02372B322B2392A1EC30761F02152D2E350A08A9FD8054A26423761F6D
:2034600002379220523C670F920A9EA15201ED0792105201ED04920A96C36F1C790A79C316
:203470002B106F182B2092A1520D67049A0194A16F029A0D96C37700C5A3240A56BF0110BE
:203480006F0979C3761F02372B206F042B2056BF01C356BF01086F28761F02372B322B239A
:203490002B2056BF0DC32B086F1F2B202B232B322BC3761F02152D2F350A08A9FD8054A2DC
:2034A0006513761F02372B086F0F761F02372B232B209232520A670379C36F0656BF0A3222
:2034B0002BC356BF0408761F023792085201EC022B0A00FF6D6C0006761F02350A03000652
:2034C000B2BDAABDFE02761F02355A2592A294265AA9767F645BD1001BA10200670A8F0097
:2034D000850092A2949C5AA9D9011BA1020068F892A2FF5E9C0190FF761F0235543AEC03F2
:2034E0009A016F55D1001BA1010067208F008500929C9642D00192A172A092949641D50254
:2034F00093A19A505CADDC82767F68C85200EC039A026F3D767F645B8F01869EA8A976401A
:20350000801FD9021BA1010068E2D1001BA1010067258D00010092A18F00850072A0929403
:2035100096428D00010192A172A092949641D50293A19A515CADDC82767F68C85200EC032F
:203520009A036F15767F645B8F01869EA8A97640801FD9021BA1010068DD767F577352006E
:20353000EC05767F645B9A006F029A04FE8286BE8BBE0006761F02359202ED0D767F364D48
:20354000761F02359201EC612B0156BF01022B032B0B00065201ED59767F35A5761F0235DD
:203550009200ED1C761F022B9213ED06761F02351B0307D066085200EC48761F02351B03C7
:203560003A9869432B029209523C6806761F00101A20001000060A090006920BED279203B5
:203570009608761F022B92135201EC15D00092A05218670B8F008D6492948F008D80969498
:20358000D80192A0521868F7767F38BE761F0235960A6F0A767F34C0761F022B7213761FC2
:20359000023556BF010A56BF010B920AEC062B09761F00101820FFEF761F023592089C32E2
:2035A000540366032B002B020006761F0235920056C000A4761F0212923556C1009F2B354F
:2035B000761F023592055217620A5217EC365200EC7D5201EC6D5202EC536F081BA90203FE
:2035C00056C100851BA90204EC1E761F022B9213ED0C761F023558058F008D640A05761FCE
:2035D0000212923896940006761F023558058F008500761F02129238D8839694761F0235CC
:2035E0000A0500062B05761F021292385255761F023556B101000006761F022B92135201D8
:2035F000EC11761F023558058F008D64761F021292389694761F02352B05525556B10100CD
:203600000006761F023558058F008500761F02129238D8839694761F02350A050006580531
:203610000A058F008D64761F021292389694761F0235922552E3ED319226523EED2E761FA0
:2036200000102B16761F022B56BF0113000658050A058F008D64761F02129238969452BAB3
:20363000761F023556B101050006761F0212923852BAED13761F023558058F008D640A0564
:20364000761F0212923896940006761F02129238761F0235963A0A050006B2BD761F023568
:20365000920456C00217761F022B921652EE56C10209761F02352B0656BFAB0C761F022B3E
:20366000921356C001CE761F022B1B1B55AA56C101BF761F022B9219520256C10158761F2C
:20367000022B921652EAED039AEA6F029A01761F0235960D56BF130E761F0010441AEF57BB
:20368000761F02359207EC4E5201EC435202EC385203EC2D5204EC225205EC165206EC0B17
:203690005207ED49761F0217923E761F0235960F2B076F41761F022BC606761F0235960FBB
:2036A00056BF07076F38761F022B9206761F0235FFC7960F56BF06076F2E761F02149203B0
:2036B000761F0235960F56BF05076F25761F02149202761F0235960F56BF04076F1C761FE4
:2036C00002149201761F0235960F56BF03076F13761F0010920E761F0235960F56BF02075B
:2036D0006F0A56BFDD0F56BF01076F05920E761F0235960F761F0011560305099303EC022D
:2036E0005010761F0010933A5303ED02500893169107CAA8761F02359610761F00109234CB
:2036F000761F02359611761F00109238761F02359612767F16D7761F02359613761F001068
:203700009B0A922600FF6C7C761F02359B4095A99714761F00109B0A922500FF6C7C761F58
:2037100002359B4095A99715761F00109B0A922700FF6C7C761F02359B4095A99716761F8C
:2037200000109B0A922800FF6C7C761F02359B4095A99717761F0010922D761F0235FFC0B1
:203730009618761F0010922B761F0235FFC09619761F0010922C761F0235FFC0961A2B1B4B
:20374000761F0010923A5203EC09761F00124804EE05761F00104B1AEF08761F0010BE0A5A
:203750000E3FF60F1FA66F03CC3D0003761F0235961C9A00761F00119304EC025001761F9B
:203760000010411AEF025002441AEF025004401AEF025008761F0235961D761F0010922976
:20377000761F02359C40961E761F0010922A761F0235FFC0961F9A00761F0010451DEF02AA
:203780005001CD1D0040FFD588A8CD1E0008FFD2CBA6EC025002CD1D0100FFD788A8CD1E59
:203790000010FFD3CBA6EC025004CD1D0200FFD888A8CD1E0020FFD4CBA6EC025008CD1D12
:2037A0000080FFD688A8CD1E0004FFD1CBA6EC025010CD1D0004FFD188A8931E9101CBA664
:2037B000EC025020CD1D0008FFD288A8CD1E0002FFD0CBA6EC025040441DEF025080761F46
:2037C000023596202B21FFEF0088761F023556BF540D56BF130ED00092A05205670D8F0066
:2037D0008B26D103939472A18F008D4C979CD80192A0520568F5761F0010920E761F0235AF
:2037E0009614761F02149201761F02359615761F02149202761F02359616761F0010923A42
:2037F000761F02359617761F02149203EC05761F02351A170008761F02179212EC05761F32
:2038000002351A170010761F022B9206761F0235FFC79618761F022BC606761F023596198D
:20381000761F0217923E761F0235961A56BF0D1B56BF131C56BF091D56BF0A1E56BF1A1F57
:203820002B202B21761F022B2B196F26761F023556BFE50D56BF130E56BF020F6F1D761F06
:20383000023556BFE30D56BF130E761F022B9213761F0235960F761F022B2B13761F022B6C
:203840009206761F0235FFC79610761F022BC606761F023596119A00D00193A05316670821
:203850008F008D4C9494D80193A0531668FAFF5E761F02359C0190FF962256BF55236F09DF
:20386000761F023556BF0106761F022B56BFEC16761F023592065201EC2492045218680C4C
:20387000761F021292335201ED48761F02352B0456BF01016F42761F021292335201ED3D94
:20388000761F023558048F008D4C761F021292949634761F02122B33761F02350A046F2D82
:20389000761F02149202761F02359C0654046611761F021292335201ED20761F02352B04D3
:2038A00056BF01012B06761F022B56BFEC166F15761F021292335201ED10761F023558047D
:2038B0008F008500761F021292949634761F02122B33761F02350A048BBE00069A00D001B0
:2038C00093A0531667088F008D809494D80193A0531668FAFF5E9C0190FF761F0236541682
:2038D000EC039A000006761F022B2B19761F02369201525856C1018F52EAED0D761F022B9A
:2038E00056BFEA11761F02369203761F022B96149A01000652EEED0D761F022B56BFA21185
:2038F000761F02369203761F022B96129A01000652E5ED0D92035201ED0A761F00102B1655
:20390000761F022B281B55AA9A01000692015253ED07761F022B56BF02199A010006761FAE
:203910000010CD1AFFF7761F0236CC040040FFC5761F0010FF82CAA8961A92165201ED07D2
:20392000761F0236CC040010FFC36F029A00761F00109001CD1ADFFFFF8CCAA8961A9216BD
:203930005207EC08761F02369204761F001090079616451AEF07761F02369205761F001081
:203940009634761F0236440DEF062D06350A08A9FD856F052D06350A08A9FD80761F00102C
:2039500096229B0A761F0236920800FF6D7888A92D07350A761F001008A9FD8094A6962345
:20396000761F02362D09761F0010350A08A9FD809624761F0236920A761F0011900F96062E
:20397000761F02362D0B761F0011350A9607761F0236920C56C10094761F001092165207F4
:2039800056C1008E761F0236180C000F920C5201EC7B5203EC6E5204EC635205EC565206E5
:20399000EC485207EC3B5209EC2E520BEC23520CEC15520DEC08761F0010181AFFDF181AE9
:2039A000FE3F6F73761F001056BF03161A1A0020CC1AFE3F50C0961A6F68761F001056BF4D
:2039B00003161A1A0020CC1AFE3F1AA90100961A6F5C761F001056BF03161A1A0020181ACF
:2039C000FE3F6F53761F001056BF03161A1A0020CC1AFE3F5040961A6F48761F001056BFED
:2039D00003161A1A0020CC1AFE3F5080961A6F3D761F001056BF01161A1A0020CC1AFE3FD3
:2039E0001AA90140961A6F31761F001056BF01161A1A0020CC1AFE3F50C0961A6F26761F41
:2039F000001056BF01161A1A0020181AFE3F6F1D761F001056BF01161A1A0020CC1AFE3FE4
:203A00005040961A6F12761F001056BF01161A1A0020CC1AFE3F5080961A6F07761F001002
:203A1000181AFFDF181AFE3FCD1AFFEF761F0236CC0D0008FFC2761F0010FF83CAA8961A8A
:203A2000761F0236920EEC395218EC315219EC29521AEC21521BEC19521CEC11521DEC0933
:203A3000521EED2E761F00112B0A1A0A00106F28761F00112B0A1A0A00086F22761F001107
:203A40002B0A1A0A00046F1C761F00112B0A1A0A00026F16761F00112B0A1A0A00206F105A
:203A5000761F00112B0A1A0A00016F0A761F00112B0A1A0A00406F04761F00112B0A761FBB
:203A60000236CC0F0002761F0010FFC0961B9A010006761F001056BF07161A1A0800761FD3
:203A700002369206EC0A5201ED0E761F0012CC04FFF1500496046F07761F0012CC04FFF1F0
:203A800050029604761F0012CC0400E0CD04000EFFC4FFD055A9ED0A1804FFFE761F023697
:203A90009205761F001096346F061A040001761F00102B34761F023692075205ED1B761F1E
:203AA00000121A040100761F02362D0A350A761F0010963E761F02365603010B761F022B25
:203AB000960D761F0236CC0D0020761F0011FFC496019A010006761F0222461BEF10181BA0
:203AC000FFBF767F3ADA767F3BDF767F3BF5761F02220A099209521E68022B09920C9B66D7
:203AD00000FF6D7896160628562F05080638562F050A0006B2BDFE02761F00109216520799
:203AE000EC1A451AEE18761F0216923B761F022B9CF65405630C761F0216923B761F022B89
:203AF0005405761F022256B501176F1B761F02222B176F17761F02169238761F022B9CFBA6
:203B00005405630C761F02169238761F022B5405761F022256B501176F04761F02222B1701
:203B10003B01761F023D8533761F02261E3C761F02228F0089800E09761F0226FF3056010B
:203B200000A4063C761F0222072C03C41E2C0E098F008980761F0226FF30560100A4063CCA
:203B30001EC4761F023D2B33761F023E062A761F02241E3C761F02228F0089000E09761FCA
:203B40000224FF30560100A4063C761F0222072E03C41E2E8F0089000E09761F0224FF30B9
:203B5000560100A4063C1EC4761F0222021E1E42062E00FF6C2AFF35767F7C078F0020E1F8
:203B6000FF33A842767F7B7E8BA9761F02228F03DA5E062CA842FF39767F7B7E8F0005A806
:203B7000A842767F7B7E1EA6761F022BB2A9562F0501761F022206A6FF1D00011E282901FF
:203B8000FF20C8000F28640302001E289214520368378F0005A88728560500A4566300A477
:203B900056899217EC048F05B4006F02A9A4A81C761F0010931A761F0012FFDA9204FFC7A5
:203BA000CEA840A9EE06761F022B920E5201ED093B01761F022B56030A0D761F02221E1CA6
:203BB0008F05F000761F0222A8A90F1C64088F03E800A8A90F1C6504A81C6F02A81C8F01E8
:203BC0004000A8A90F28621487283B0156050028566300285689A9A9FF498BA9B242FF2F89
:203BD000280000FF6C2A761F023D1E1C6F068F00CCCD761F023DA81CFE828BBE0006FE0206
:203BE0003B01761F023D56030A1B8F00208BA842767F7B7E1EAC761F02225605003256635C
:203BF00000325689A926FE820006FE04761F02220626761F02251E3C761F02228F00894041
:203C00000E09761F0225FF30560100A4063C761F0222072403C41E240E098F008940761F74
:203C10000225FF30560100A4063C1EC4761F02228F007800A8420624767F7B7E1E44761F66
:203C200002228F00013306440338FF560FA463148F0003CD8738560500A4566300A4874454
:203C30005689A9A60233560500A9566300A95689565700A6A9448F00F0008F47D000A8427D
:203C4000A0A95CADDC84767F3C4B0644761F02221E38FE840006C4440FC4650606A60FC490
:203C50006404C2C400061EC40006761F022292145206680B761F023E9206522368062B06CD
:203C6000767F3C88767F3C6F761F02229214EC07401BEF05181BFFFE767F3CA10006761FAD
:203C7000022287305605001E5663001E5689A9A68F00208B3B01A8AC566300A6560500A6B1
:203C80005689A9A9FF491EA6761F023D7E080006761F02220622FF0900010F1E620E8F0071
:203C90000200A8A907220F1E640406221E1E0006A8A95641001E0006FF2002005601001EF7
:203CA0000006761F0222061C1E220006761F0222411BEF11181BFFFD767F3CBF9A019B0A69
:203CB000767F3D799A0A9B0A767F3DA0767F3DF7767F40739A149B14767F3CC90006761F6B
:203CC00002229204CD01FBFF9001FF89CAA896010006761F023E9233520156C000ABA330B9
:203CD0008F0002300200761F0222F61F561700A4A9360636767F7BC5761F02221E368F0046
:203CE000152087362901560500A4566300A48F000A50568BA9A9FF331EAC566300A456057C
:203CF00000A48F00F00056AFFF451EA61E36A8A90FA66602A836FF2024000F366914FF20C0
:203D000010000F366904768004EE6F0F029E8736560500A9566300A9568928A907649EAB54
:203D100088A96F03768001D98F028000A8A90F28622F8F037000A8A90F28621A8F04380025
:203D2000A8A90F28620428A904CD6F248F0028F687283B01560500A4566300A45689A9A93B
:203D3000FF49FF5A28A90F9A93AB9EA86F138F0028F687283B01560500A4566300A456897F
:203D4000A9A9FF49FF5A92AB08A9FE006F0328A904663B0185A91EA785A61EAC560500A7B1
:203D5000566300A756898F000333761F023D85AB1EAC560500A4566300A456893F3F761F33
:203D6000022258078F0088C8062A019407361E2A923696942901062AFF44960C0A079207BC
:203D7000522068022B070200761F023E1E302B330006FE025DA888A9761F02224801EE1165
:203D80008F06400006385DA6A8428F008890767F3E3B5200EC14761F02221A0101006F0F69
:203D90008F062C000638A8428F008890767F3E4A5200EC05761F02221801FEFFFE8200066E
:203DA000B2BDAABDFE0259A85AA9761F02229214520268234501EE118F01400006285DA2A9
:203DB000A8428F008891767F3E4A5200EC18761F02221A0100206F138F01540006285DA108
:203DC000A8428F008893767F3E3B5200EC08761F02221801FFDF6F031801FFDF761F0222C9
:203DD0004601EE138F04B00006285DA2A8428F00888E767F3E3B5200EC17761F02221A01F5
:203DE00000401801FFDF6F108F04600006285DA1A8428F00888D767F3E4A5200EC05761F0B
:203DF00002221801FFBFFE8286BE8BBE0006761F0222CD010040CC010020FFD5FFC4CAA8E8
:203E0000CD010100FFD7CBA9CC010080FFC6CAA8CD014000FFDDCBA9CC018000FFCECAA81B
:203E1000ED134A01EF11761F023E9200ED0D9201ED0B761F0222410BEF1E2B14180BFFFDEB
:203E20001806FEFF0006761F02221A060100761F01A0CC0EFFFC5001960E761F02221A0BA9
:203E300000029214520656B920141A010001761F023D2B1900061EA606440FA664032BC4DC
:203E40006F020AC492A554C466042BC49A0100069A0000061EA606440FA662032BC46F02B2
:203E50000AC492A554C466042BC49A0100069A000006761F02229214EC735201EC625202E8
:203E6000EC4D520356C00081761F023E92065223687B2B06761F022292039C0A96031BA9D6
:203E700003246403280303249203761F023D963B761F022287305605001C5663001C56897D
:203E8000A9A68F00208B3B01A8AC566300A6560500A65689A9A9FF491EA60819000892A60B
:203E9000541962177E19761F023D283B0324761F0222061C1E1E56BF0614761F023E2B06EB
:203EA000761F023D56BF0119761F02221801FFFE9219761F023D960800068F014000A8A9EC
:203EB0000F2862320F2662304601EE2E767F3EE4761F022256BF0314761F023E2B060006F5
:203EC000761F023E1B0606D6681F761F02224806EE1B56BF0214761F023E2B060006761FAD
:203ED00001A0CC0EFFFC5001960E761F023D2B19761F02221A010001761F023E2B06761FDF
:203EE000022256BF011400060200761F023D1E0E2B102B09280D1FFF1E34761F02222B0371
:203EF0009203761F023D963B280801F49208761F022296198F03E800A81C761F01A02809AC
:203F0000037D1A190008180EFFFC7622761F01BECC06FFFC50019606761AFF690006762289
:203F1000761F01C01A1C0008761F01C41A000040FF69FF20270E7640801F761F01C01A20A8
:203F20000001761F01901A0000011800FFFDCC06FC001AA901F29606761AFF690006762275
:203F3000761F01C01A1C0008761F01C41A000040FF69FF20270E7640801F761F01C01A2088
:203F40000002761F01901A2000011820FFFDCC26FC001AA9027F9626761AFF690006762246
:203F5000761F01A0CC30FFF050099630CC30FF0F50809630CC13FFF850039613CC13FFC7FA
:203F6000500896131831FFFE1A3100021831FEFF1A3102001A1240001A120040CC14FFCF94
:203F700050209614CC14FF3F50809614CC14FFFC500296141A1403001A140C001A14000C03
:203F8000761AFF690006767F3F0F767F3F2F7622761F01A01A0D00C0CC0EFFFC5001960EFE
:203F90002B042805037D02001E0218003FFF1800FFFB1A000030CC00FFFC5002960018009A
:203FA000FFF71800E3FF1800FC7FCC19FFF8500196191A190008CC1AFFFC5001961A56BF70
:203FB0000F1C2809037DCC07FFFC500296071807FFEFCC0BFFCF5020960BCC0BFF3F5040F0
:203FC000960BCC19F8FF1AA903009619CC1AFCFF1AA90100961A1A1908001A1C0004761A95
:203FD00076230004761F00331A2600017622761F00358F3F6BFAA820761AFF69767F3F4F53
:203FE0000006B2BDAABDD2008F03E800761F0222A81C761F023E2B0D761F02228F000400C3
:203FF000A830A832A83A02001E342B14761F01A0CC0EFFFC5001960E761F023D2804EA1C84
:2040000028030AF2280B066456BF0F0C56BF0C15280D1FFF8F00CCCDA81C56BF04398F0056
:20401000F20AA826282866C22829A734283032392831DA0E2B3BFF2F03C6761F023E1E2CA2
:204020001E2E761F023D56BF141E28320400283F0400D10092A152406310AAA9761F002C33
:204030000D0286A98F01869EA8A97640801F92A19C0159A9524064F2AAA93B01FF4559A949
:2040400008A9F37385A9FF5652C86406761F023D28220C8D6F04761F023D792286BE8BBE1C
:204050000006761F022292120A125204680456BF011A2B120006761F0222921AEC142B1AF2
:204060000A159B17921500FF6D7D5200ED031A1B00014015EE031A1B000292159003ED03C0
:204070001A1B00400006FE02761F023E9200ED1B761F02222B0F7622761F01A0CC1600049F
:20408000FFC19642CC160008FFC29641761A92425201EC0492415201ED1A761F023E56BF48
:2040900001006F15761F02220A0F1B0F4650640F2B0F761F023E9201ED0A2B007622761F95
:2040A00001A01A1700081A170004761AFE82FF690006767F3E59767F405B767F3CA6767F8B
:2040B0003ABB767F3C5500069A048F008C4E767F54869A038F008C54767F5486761F0231F6
:2040C0009207EC56761F022B921652B1EC3252A1EC19761F02312B142B04D00092A0520CEC
:2040D000670B8F008C5792948F008C639694D80192A0520C68F7767F44F6761F02312B072D
:2040E0006F37761F02312B142B04767F44CE5200761F022B56B1EE16761F022B56B01612CE
:2040F000761F022B56B0A216761F02312B076F20767F444E761F022B52059615EC12520507
:20410000630352006206761F02319214520C6910761F022B56BFB216761F02312B076F082A
:20411000761F022B56BFB216761F02312B07920E5264680A767F42EF761F02319205520156
:20412000ED032B0E2B050006761F023256BFAA0056BF1601761F0010921693165302EC092C
:204130005303EC055304ED069A036F049A026F029A04761F02329602761F00109238761FBE
:2041400002329603761F00109230761F02329604761F00109231761F02329605761F022B3A
:20415000C60F761F02329606761F022BC60A761F02329607761F0010C61D761F023296082E
:204160009B05761F0010922200FF6C7C761F02329B3C95A99709761F00109B05922300FFE8
:204170006C7C761F02329B3C95A9970A761F00109B05922500FF6C7C761F02329B3C95A907
:20418000970B761F00109B0A922700FF6C7C761F02329B1E95A9970C761F00109B05922435
:2041900000FF6C7C761F02329B3C95A9970D761F00109B05922600FF6C7C761F02329B3C22
:2041A00095A9970E761F0010922A761F0232FFC0960F761F0010922B761F02329610761F28
:2041B00000104720EF039A0A6F029214761F023296119A00761F001193045301ED025001F0
:2041C000761F001093165307ED025002401AEF025004761F001193035301ED025008761FEB
:2041D0000010421AEF025010933C5301ED025020411AEF025040932F5301ED025080761F4A
:2041E00002329612761F00119206761F02329613761F0010922C761F0232FFC09614761F09
:2041F0000010922D761F02329615761F0010923A5203ED06BE0A0E3FF60F1FA66F02923D94
:20420000761F02329616761F0010920E761F023296179A0B761F00109E12761F02329618FD
:20421000761F001292025202EC0492035202ED039A006F05761F0011920DFFA0761F02327B
:204220009619761F00109229761F0232961A9A00761F00109311EC025001761F0011930A91
:20423000EC025002761F0010491AEF025004431AEF025008761F0232961B761F0010921E6C
:20424000761F0232961C761F00109200761F0232961D761F00109201761F0232961E9B05DB
:20425000761F0010922800FF6C7C761F02329B3C95A9971F761F0010451AEF07CC1A01C0D3
:20426000FFC5FF839C106F029A009315910FCAA8761F02329620BE0A761F00110E07761FF0
:204270000232F60F1FA69621761F00109204761F02329622761F00109205761F02329623FF
:20428000761F00109206761F02329624761F02319200EC158A0C92C493A9761F0232FFD73C
:20429000970190FF9622761F02318A0A92C4761F023293A9FFD7972390FF96240006B2BD2A
:2042A000761F023256BFAA0056BF1401D00092A05210670D8F008B26D102939472A18F0098
:2042B0008C80979CD80192A0521068F58BBE0006761F023256BFA201761F022B9215761F17
:2042C00002329602761F022B9212761F023296030006761F023256BFB201761F022B92154A
:2042D000761F02329602761F022B9212761F023296030006761F023256BFB00156BF0202F7
:2042E0002B030006761F023256BFA001761F022B9214761F0232960256BFAB030006761FE4
:2042F00002319203ED48761F022B921652EAED06761F022B921152EAEC28761F022B9216F9
:2043000052ECED06761F022B921152A2EC1B761F022B921652B0EC1352B2EC0E761F0231DB
:204310009201ED04767F41246F12767F429F761F02310B016F0C767F42C96F09767F42DA80
:204320006F06767F42B86F03767F42E29A00D00193A0532567088F008C809494D80193A03A
:20433000532568FA90FF761F02329625761F021356BF0100761F023192035226680B761FE3
:2043400002139200EC1B761F02312B0356BF01056F15761F021392005201ED10761F0231C6
:2043500058038F008C80761F021392949601761F02132B00761F02310A03761F02319205E7
:20436000ED03767F56A00006767F56B6761F0231920756C000E4761F0213920256C100DFCC
:204370002B02761F02319202ED12761F0213920352AA56C000D4761F023158028F008C57EC
:204380000A02761F0213920396940006520156C100B2761F022B921652B1EC3D52A1EC3BD6
:20439000761F023192025202EC2192069C035402671492029E06520456C000B158028F000A
:2043A0008C57761F021392039694761F02312B02525556B10107000658020A028F008C5728
:2043B000761F0213920396940006761F02139203761F0231960658028F008C570A02761F6E
:2043C0000213920396945207FFE90089761F02312B020006761F023192025202EC419206CF
:2043D0009C035402663192029E065203EC2592029E065204ED732B02761F021392035255A2
:2043E000EC16761F022B921652B1761F022B56B01312761F022B56B0A216761F022B56B118
:2043F0001315761F022B56B1B2160006761F023156BF01070006761F02139203761F0231FC
:2044000096220A0200065802761F02138F0085009203D8839694761F02310A020006761F31
:20441000022B921652B1ED06761F0213560302036F04761F02139203761F023196060A0297
:204420001B060200692B2B02761F022B921652B1761F022B56B01212761F022B56B0A216BF
:20443000761F022B56B11215761F022B56B1B216000658020A028F008C57761F02139203CE
:20444000969452B1EC0752A1761F022B56B1A1160006761F022B56BFB1160006B2BDAABD49
:20445000FE02D1009A048F008C51767F5486761F02315A069204ED2392A2FFC194A1D1B129
:2044600072A1767F645BD00092A254A0690A8F00850092A1949459A9D80192A254A066F83A
:20447000767F645B92A1FF5E9C0190FF59A9761F0231922254A1EC039A016F4D1BA2020044
:2044800066471B04010067189211520A69152B1158048F008500929496419304D5015CAD34
:204490009A50DC81767F68C85200EC039A026F33761F02310A041BA2010066039A056F2BEB
:2044A00092A25404660C9211520A6822767F57735200EC039A056F1F9A046F1D9211520A1F
:2044B00069172B1158048F008500929496419304D5015CAD9A5108A8FF00DC81767F68C831
:2044C0005200EC039A036F07761F02310A04767F645B9A00FE8286BE8BBE0006B2BDAABD7B
:2044D000761F02315A069AA194A259A9767F645BD00092A254A0690A8F00850092A19494A3
:2044E00059A9D80192A254A066F8767F645B92A1FF5E9C0190FF59A9761F023193229A00D2
:2044F00055A156B001A986BE8BBE00069A00D0018F008C636F039494D801761F02319306B6
:204500009D0355A066F9FF5E9C0190FF93068F008C639D0358A8549456C000E6922452017A
:20451000EC7A5223EC6D5225EC5E5220EC5A5233EC365205EC3152B0EC1852A0EC1652B2C5
:20452000EC0452A256C000D0761F022B2B16761F022B2B15761F022B2B11761F022B2B12AF
:20453000761F022B2B14000652B0ED039AB06F029AEA761F022B9616761F001056BF0716EE
:204540002B2E2B3C761F00112B01761F00102B342B3D2B3E000656BF020100069226523195
:20455000ED039A016F065232ED039A026F029A00761F00129007CD04FFF1FF80CAA89604A6
:20456000BE00FFC0CD0400E09007FFD454A856B001A692A6CD04FFFE9001CAA89604000651
:204570002B00000656BF01005603082694270EA91E0C5603082894290EA91E0A000656033D
:20458000082694270EA91E088A0856030828942996C40006761F001056BF0716761F02317E
:204590009226761F00109001962E761F0231CC260002761F0010FFC0963C761F0231CC26AD
:2045A0000004761F0011FFC19601761F0231CC260008761F0011FFC29603761F0231CC267E
:2045B0000010761F0010FFC39639761F0231CC260060FFC4EC11CC260060FFC45201ED0373
:2045C0009A006F0BCC260060FFC45202ED039A016F049A026F029A03761F0010963A761FAC
:2045D0000231CC260080761F0011FFC69604761F02319227761F00109634761F02319228AF
:2045E000761F0010963D761F0231922A761F0010963E5603083E963E761F02319229761FBB
:2045F0000010983E0006761F02019001CD39FFFDFF80CAA896390006761F02011A39800063
:2046000000062DA9761F020C121F2DA935640EA9761F02021E300006761F02019B3C923F97
:204610009C1E00FF6C7C0006767F4815767F49247622761F00358F3F6D5FA8068F3F6B2F1D
:20462000A822761A7623000176230004761F00331A2200401A2200081A260002FF690006B1
:20463000B2BD8BA4767F1B91767F2DEC767F27B38AA1767F463F767F46C08BBE0006FE025F
:20464000C5A4761F020C241F92CF962192D7962392DF962592E7962792EF9629761F020F89
:2046500092F79601761F021092FF961B06A7DF08241D761F020D1EA7DF0924291EA7DF0A20
:20466000242B1EA7DF0B242D1EA7DF0C242F761F02101EA7DF0D2409761F02271EA7DF0EF3
:204670002422761F020C1EA7DF0F240B8AA9C5A4DF10240DD0113B01761F020385941E2293
:20468000D01285941E24761F020FC5A4DF132421761F0228C5A4DF14241D28ACB505361D5A
:20469000761F0228FF1E0001FF4E961E761F022F9619761F0201C5A4DF15243E761F0228A1
:2046A0000E1E761F02011E4256030C3E00FF6C2A761F0201962B761F020DC5A4DF16240F10
:2046B000C5A4DF172417C5A4DF182411C5A4DF192419761F0228C5A4DF1A2410FE82000642
:2046C000FE02761F020C921F761F0221962C761F020C0E21761F02211E3E761F020C9223CE
:2046D000761F0221962F761F020C9225761F0221962E761F020C9227761F0221962A761F0E
:2046E000020C9229761F0221962B761F02109211761F000C962B761F02109215761F0228BF
:2046F000960A761F02109217761F02289609761F0210921F761F02279637761F020F923B06
:20470000761F0227961D761F020F923D761F02279606761F02109221761F0227961B761FFB
:2047100002109223761F0227961E761F02109225761F0228960B761F020D9229761F022874
:204720009613761F020D922B761F022896123B01761F022802191E4256030C1000FF6C2A88
:20473000761F0228FF3F1E283B01761F022802191E4256030C1000FF6C2A761F0228961140
:20474000761F02100E27761F02291E3428AC0005761F022830151EA628ACC000761F02108F
:204750000200371B761F0227F61F561700A63F1728AC0005761F0228301528ACC000761FB3
:2047600002101EA6371D0200761F0228F61F561700A63F1C28AC0005761F0228301528AC1A
:20477000C000761F020F1EA637010200761F022AF61F561700A6A90428AC0005761F022897
:20478000301528ACC000761F020D1EA6372D0200761F0228F61F561700A63F1928AC00055A
:20479000761F0228301528ACC000761F020D1EA6372F0200761F0228F61F561700A63F205B
:2047A000761F020D920F761F0227960A761F020D9217761F0227963B761F020D9211761F9E
:2047B0000227963E761F020D9219761F0227963D761F020D9211761F02219636761F020F9B
:2047C0009221761F0221962D761F020F9223761F02219630761F020F9225761F0227961908
:2047D000761F020F027D1E420E3FFF3B00FF6C2A761F02291E28761F0212280501AE761F08
:2047E000020F281501F49215761F02219638761F02109201761F0221963A761F021092034B
:2047F000761F02219639761F02109205761F02219632761F02109207761F02219631761F10
:2048000002109209761F02219633761F0210920B761F0233961E761F02109213761F02279E
:204810009605767F5C2CFE8200067622761F01C0181CFFFB761A7622761F01A11A0D00C088
:20482000761F01A21A0D00C0761F01A31A0D00C0761F01A11A120100761F01A21A12010070
:20483000761F01A31A120100761F01A1CC14FFF350089614CC14FFFC50029614761F01A2E8
:20484000CC14FFF350089614CC14FFFC50029614761F01A3CC14FFF350089614CC14FFFCC5
:2048500050029614761F01A12B15761F01A22B15761F01A32B15761F01A11A180004761FE2
:2048600001A21A180004761F01A31A180004761F01A12B0428050C3502001E0218003FFFA4
:20487000CC00FFFC500296001800FFFB1800FFF71A0000301800FC7F1800E3FF1807FFEF75
:204880001807FFFC2809061ACC0BFFCF5020960BCC0BFF3F5040960B180FFFCF1A0F000390
:20489000CC0FFFF35008960F56BF8C1156BF8C1056BF0F1C1A190008CC19FFF85001961984
:2048A000CC1AFFFC5001961ACC19F8FF1AA906009619CC1AFCFF1AA90100961A1A19080032
:2048B0002B0A761F01A22B0428050C3502001E0218003FFFCC00FFFC500296001800FFFBA5
:2048C0001800FFF71A0000301800FC7F1800E3FF1807FFEF1807FFFC2809061ACC0BFFCFD6
:2048D0005020960BCC0BFF3F5040960B180FFFCF1A0F0003CC0FFFF35008960F56BF8C11D4
:2048E00056BF8C1056BF0F1C1819FFF7761F01A32B0428050C3502001E0218003FFFCC0086
:2048F000FFFC500296001800FFFB1800FFF71A0000301800FC7F1800E3FF1807FFEF1807A2
:20490000FFFC2809061ACC0BFFCF5020960BCC0BFF3F5040960B180FFFCF1A0F0003CC0F53
:20491000FFF35008960F56BF8C1156BF8C1056BF0F1C1819FFF7761A7622761F01C01A1C1A
:204920000004761AFF6900067622761F01C01A1C000876FD7C80FF693E6777007700761F4A
:2049300001C456BFE0002B12CC2007FF1AA928009620CC20FC3F50C09620CC20FFC05008ED
:204940009620CC2107FF1AA928009621CC21FC3F50C09621CC21FFC050089621CC2207FF6E
:204950001AA928009622CC22FC3F1AA901009622CC22FFC050089622CC2307FF1AA9280062
:204960009623CC23FC3F1AA901C09623CC23FFC050089623CC2407FF1AA928009624CC24CD
:20497000FC3F1AA901C09624CC24FFC050089624CC2507FF1AA938009625CC25FC3F504084
:204980009625CC25FFC050099625CC2607FF1AA938009626CC26FC3F50409626CC26FFC0BF
:2049900050099626CC2707FF1AA938009627CC27FC3F1AA902409627CC27FFC05009962789
:2049A000182807FFCC28FC3F1AA901C09628CC28FFC050069628CC2907FF1AA938009629C4
:2049B000CC29FC3F1AA901C09629CC29FFC050099629182A07FFCC2AFC3F1AA901C0962AEB
:2049C000CC2AFFC05009962ACC2B07FF1AA93800962BCC2BFC3F1AA902C0962BCC2BFFC022
:2049D0005009962BCC2C07FF1AA93800962C1A2C03C0CC2CFFC05009962CCC2D07FF1AA955
:2049E0003800962D182DFC3FCC2DFFC05009962DCC2E07FF1AA93800962ECC2EFC3F1AA9B1
:2049F0000380962ECC2EFFC05009962ECC2F07FF1AA93800962FCC2FFC3F1AA90380962F88
:204A0000CC2FFFC05009962FCC10FFE0500496101A004000FF69FF200BB67640801F761A82
:204A1000FF690006FE04761F022E920B5208EC0C0200761F02021E2A761F02021E2C761F07
:204A200002012B3F6F26FF2F4000761F02281EA6D4000E15761F000C1EAC560500325663DB
:204A3000003228AC001E761F0202565700A6564000A4562CA92A3B01062A761F0202FF3F84
:204A4000032CFF4D5601002C062C761F0201973F761F02030606761F02281E34761F022842
:204A50009A0028A84000BE642D151E42761F0221362C761F0203C50687A6564400A91E4487
:204A600006A7FF311EA606A7FF3503A6767F6693761F000F1E26767F590B761F01A142164D
:204A7000EE03767F5873761F022E920B5207ED05761F0201180DFFFD761F022E540CEC0AF4
:204A8000761F022E9A00930B530856B101A9767F2DB6767F2DB1767F2E28761F022A9208BC
:204A9000761F01A19609761F022A9207761F01A29609761F022A9206761F01A39609761F39
:204AA000020202015601001EFE840006767F5950761F022E920B761F022E960C767F5988B5
:204AB000767F5980767F5966767F25FF761F022A92390A39520968022B390006767F5943BC
:204AC000767F27A70006B2BDFE0276FF743E5CADDC82F6012484761F0010451AEE16441A0B
:204AD000EE0C922293235C2F5D30767F4B4D59A9761F001079306F13D10D761F0216923698
:204AE000761F001096306F0B56BF0D3156BF0D30D10D9220EC042B312B30D100CD1A00102D
:204AF000CC1A0002FFD3FFC0CAA8931A9101CBA9ED0A5CAD9225932F5D37DC82767F4CA3B9
:204B000088A96F0456BF0D42BE00761F0010CDA60001CC1DFFEFFF93CBA9971D92A6FFC12D
:204B1000CD1FFFF79001FF82CAA8961F5CAD9337DC819224767F4DE888A9761F0010CDA611
:204B20000001FF92CC1DFFF7CBA9971D93A6FFD0CC1EFFFD9101FF90CBA9971E92A6FFC1AC
:204B3000CD1FFFFB9001FF81CAA8961FFFC19001CD1FF7FFFF8ACAA8961F9A025CADDC8261
:204B4000767F0744761F0010963292A15432690259327931FE828BBE0006D00C00FF6D1424
:204B500059A57C4C5AA85BA976FF74065CADDC8BF60A24849A038F0084A6767F54869A03B0
:204B60008F0084A3767F54869A028F0084A9767F5486761F001092195201EC0492175201FA
:204B7000ED06761F02122B262B232B2992A39EA2761F0212540E6205540E56B401106F02C1
:204B80002B10960E934CED062B102B172B262B232B299310ED4E1BA9FFFB64451BA9FFFBF1
:204B900064035200643D520064035205643652056403520A642F520A6403520F6428520F43
:204BA000640352146421521464035219641A52196403521E6413521E64035223640C522303
:204BB000640352286405522856B30A196F1D56BF09196F1A56BF08196F1756BF07196F1435
:204BC00056BF06196F1156BF05196F0E56BF04196F0B56BF03196F0856BF02196F0556BF64
:204BD00001196F022B1993175519562B06196F525301ED505223634852236303521E6341DD
:204BE000521E63035219633A521963035214633352146303520F632C520F6303520A6325A3
:204BF000520A63035205631E5205630352006317520063041BA9FFFB630F1BA9FFFB630474
:204C00001BA9FFF663061BA9FFF663202B196F1E56BF01196F1B56BF02196F1856BF0319C4
:204C10006F1556BF04196F1256BF05196F0F56BF06196F0C56BF07196F0956BF08196F0695
:204C200056BF09196F0356BF0A1993175519562B0819934CED1858195CADDC8B5994520ACB
:204C300056B400A1761F0010920F5201761F021256B1010F920F5201ED0492A156B101A19F
:204C40002B266F3D2B0F92195417ED1F922652B4681C2B269219520A6609520568072B29D8
:204C500092A1520D672CD9016F2A5201EC05520056B100A16F2492A152016902D9819229D5
:204C6000523C56B700A16F1B92195417EC182B292B265417660E5417671292179E1954A197
:204C7000670692A19E17941959A96F09D1016F0794A19E1759A9520D56B60DA19219961703
:204C8000761F0010961292A1ED09924C5201ED06761F0212922352B4680A761F0212922346
:204C900052B46806921956B100A16F02D101924CED022B23922352B456B7B42392A1D00C31
:204CA00000FF6D700006FE0C80A8761F0010CD200002FFD088A8CD210002FFD0CBA6EC062B
:204CB00056BF0DC49A00FFEF0133761F00119306530567355304EC192B4B761F02159305F9
:204CC000974A93069749930797489308974793099746930A9745930B9744930C9743930D04
:204CD0009742930E97416F322B4B761F0214933B974A933C9749933D9748933E9747933F22
:204CE0009746761F021593009745930197449302974393039742930497416F182B4B761F6E
:204CF00002149331974A933297499333974893349747933597469336974593379744933840
:204D0000974393399742933A9741761F021254136205541356B401146F022B14961393A7DF
:204D1000ED0456BF01142B189314ED5B1BA9FF74644F1BA9FF7464041BA9FFA664461BA9D6
:204D2000FFA664041BA9FFCE643D1BA9FFCE64041BA9FFF664341BA9FFF664035232642CB6
:204D300052326403526E6425526E640352B4641E52B4640352F0641752F064041BA90118CF
:204D4000640F1BA9011864041BA9014A64061BA9014A64202B0D6F1E56BF010D6F1B56BF08
:204D5000020D6F1856BF030D6F1556BF040D6F1256BF050D6F0F56BF060D6F0C56BF070DEC
:204D60006F0956BF080D6F0656BF090D6F0356BF0A0D9318550D562B080D930D97186F5B97
:204D70005301ED591BA90136634F1BA9010E64041BA90136644652E664041BA9010E643EE7
:204D800052AA640352E664375264640352AA643052286403526464291BA9FFEC640352287C
:204D900064211BA9FFC464041BA9FFEC64181BA9FF9C64041BA9FFC4640F1BA9FF6A64040E
:204DA0001BA9FF9C64061BA9FF6A56B40A0D6F1D56BF090D6F1A56BF080D6F1756BF070DC3
:204DB0006F1456BF060D6F1156BF050D6F0E56BF040D6F0B56BF030D6F0856BF020D6F0540
:204DC00056BF010D6F022B0D9318550D562B060D930D9718580D5DADDD8B939597C4931119
:204DD0005304EC1092C456B10411EC10761F00109B009230761F021254C456B601A89711E2
:204DE0006F051BA9013663022B119211FE8C000600FF6D1082A45AA959A8761F0011410AD9
:204DF000EF0656BF0DC39A00FFEF00FC9A038F00849D767F54869A038F00849A767F548610
:204E00009A038F0084A0767F5486761F001092195201EC0692175201EC03922FED06761FAA
:204E100002122B1D2B1A2B20761F02152D30350A08A9FD8054A2FFE500C1761F0212921238
:204E2000520456C100AB761F02152D32350A08A9FD8054A262522D30350A08A9FD8054A278
:204E3000654C761F021292125202EC092B1A92A1520169039CFF6F029A01960C2B202B1D08
:204E4000761F02152D31350A08A9FD8054A262152D30350A08A9FD8054A2650F761F021291
:204E5000921A521E68232B1A92A1520169039CFF6F029A01960C6F1A2D32350A08A9FD80C6
:204E600054A262142D31350A08A9FD8054A2650E761F0212921A523C68092B1A92A1520173
:204E700069039CFF6F029A01960C761F0212920C96C356BF02126F6F2D34350A08A9FD80F8
:204E800054A262422D32350A08A9FD8054A2653C761F02122B1D2B1A92A1EC30761F0215E4
:204E90002D33350A08A9FD8054A26523761F02129220523C670F92169EA15201ED07921583
:204EA0005201ED04921696C36F1C791679C32B156F182B2092A1520D67049A0194A16F0207
:204EB0009A0D96C37700C5A3241656BF01156F09761F02122B2079C36F042B2056BF01C35F
:204EC00056BF01126F28761F02122B1D2B1A2B2056BF0DC32B126F1F2B202B1A2B1D2BC31C
:204ED000761F02152D34350A08A9FD8054A26513761F02122B126F0F761F02122B1A2B203D
:204EE000921D520A670379C36F0656BF0A1D2BC356BF0412761F021292125201EC022B1668
:204EF00000FF6D6C00069A048F00884F767F5486761F022B1B1B55AAED07761F02211B0F24
:204F000007D068056F00761F02212B0F0006761F00109236761F022B9605767F1904767F15
:204F10001949767F0271767F528A761F00119203767F4F61761F0010922F9336767F4F642F
:204F20008F00043A767F5017761F00119201767F505C761F0011920D767F643D767F5067E7
:204F3000767F50DF767F520F767F353A767F5080767F40B4767F4EF3767F54360006B2BDAB
:204F400059A98F0088589A04767F54869A0494A1560301A9761F02211B1803E868112B180B
:204F50000A0D540D66022B0D920D52086906CC0D0001767F56CD6F049A00767F56CD8BBE61
:204F60000006767F56D90006B2BDAABD5AA859A98F00885B9A03767F5486761F00109239D9
:204F7000EC039A026F029A00761F02109615767F46C0761F02019230761F00109614EC1594
:204F8000761F0221921B5296681356BF961B761F0010CD1F0040CC1F2000FFD5FFCCCAA896
:204F9000ED07767F45FC6F04761F02212B1B761F00119204ED1A761F0012CC0400E0FFC409
:204FA0005202ED0C92A15201761F022856B1320E761F022856B1010FEC10761F02282B2339
:204FB000761F02282B0F6F09761F022856BF1924761F022856BF012392A15201EC0D761F53
:204FC00002289223ED09761F0228920FED059A00767F45F36F049A01767F45F392A2767F7F
:204FD0004601767F460C761F0010963886BE8BBE0006761F00104520EE1A923C5201ED13FA
:204FE000923E52C86810923F52C8670D761F02210A0C920C521E68182B0C761F00101A207E
:204FF00000206F12761F02212B0C6F0E761F02210A0C920C523C68082B0C761F00109211AB
:20500000ED031820FFDF761F0010923C5201ED074520EE05923E767F69CE6F049A00767F7A
:2050100069CE767F69D2761F0010963F0006D00800FF6D145DADC5A4DD87F6062485594725
:205020005B455A4492A15203EC09761F00124804EE05761F00104B1AEF08761F022B92106A
:205030005201ED03767F4FD9761F0010931A761F0012FFDA9204FFC7CEA840A9EE1A92A138
:20504000EC145201EC0D5202EC0692A393A2767F56E56F0F92A393A2767F57086F0A92A33A
:2050500093A2767F56F16F0592A393A2767F56E5D00800FF6D7000069B00761F0222520061
:2050600056B001A89704767F40A900060006761F02229216761F0010962B761F02229208E2
:20507000761F0010962A761F0222920A761F0010962C761F02019223761F0010962D000644
:205080009A048F008855767F5486761F0221921552C869552B15430EEE15920ECDA9FFF85F
:2050900090079C019007CAA8960E90075206640CCC0EFFF85006960E761F00101821FFFD1B
:2050A0006F03180EFFF8761F0221470EEE18920ECDA9FF8FFFC390079C019007FF83CAA829
:2050B000960EFFC390075206640CCC0EFF8F5060960E761F00101821FFFB6F03180EFF8F61
:2050C000761F02214F0EEE19920ECDA98FFFFFCB90079C019007FF8BCAA8960EFFCB90077A
:2050D0005206640DCC0E8FFF1AA96000960E761F00101821FFF70006180E8FFF000600FF35
:2050E0006D10D1009A048F008852767F54869A038F008867767F54869A038F008861767F98
:2050F00054869A038F00885E767F5486761F02219212520AFFE801122B12761F002C920E95
:20510000FFC1930CFFD15BA8930BFFD15AA88F008AF2767F54E85200EC0E761F022B8F3FD5
:20511000724F9A888F7FFED49333767F6A4F761F001096258F008ADE92A3767F54E8520039
:20512000EC0E761F022B8F3F724F9A888F7FFED4931F767F6A4F761F001096268F008AE860
:2051300092A2767F54E85200EC0E761F022B8F3F71AE9AA18F7FFED49329767F6A4F761FE5
:2051400000109627761F022B9233521969041B3303F8680492A1500159A9761F022B921F75
:20515000521969041B1F03F8680492A1500259A9761F022B9229521469041B2903F8680444
:2051600092A1500859A9761F001092A1CD20FFFD9001FF80CAA8962092A1FFC0CD20FFFBD0
:205170009001FF81CAA8962092A1FFC2CD20FFF79001FF82CAA896208821CD20000292A605
:20518000FFD0FFC09001CBA99101CCA6FFFDFF90CBA99721761F0221CD0EFFF7761F001093
:20519000CC200002FFC0761F0221FF82CAA8960E761F00108821CD200004FFD192A6FFC1FC
:2051A0009001CBA99101CCA6FFFBFF91CBA99721761F0221CD0EFF7F761F0010CC2000048A
:2051B000FFC1761F0221FF86CAA8960E761F00108821CD200008FFD292A6FFC29001CBA9BA
:2051C0009101CCA6FFF7FF92CBA99721761F0221CD0E7FFF761F0010CC200008FFC2761F18
:2051D0000221FF8ECAA8960E761F001092165207EC34441AEE324120EF0B761F02219227E9
:2051E000520A6709761F00101820FFFD6F04761F02212B27761F00104220EF0B761F0221D4
:2051F0009221520A6709761F00101820FFFB6F04761F02212B21761F00104320EF0B761F3B
:205200000221921E520A6709761F00101820FFF76F04761F02212B1E00FF6D6C00069A042C
:205210008F008864767F5486761F02219224520A68252B248F008B00761F002C920D767F1F
:2052200054E85200EC1B761F022C8F3F72D79A7ED5009301767F6A4F9C059B0A00FF6C7CA3
:20523000527D63065200620528A9FFF66F029A009B0A95A9761F0010972900067622761F21
:2052400001BF56BF0C20761F01C12B301A300001761AFF690006B2BD767F5557D1001BA1B5
:2052500005146709FF20270E7640801FD9011BA1051468F9767F527F767F531D767F3FE1BC
:205260008F008B40767F463029102920FF69767F55BAD10092A152C86709FF20270E7640E3
:20527000801FD90192A152C868F9767F646D767F523E761F01BF1A0200028BBE0006767FF5
:2052800057735200ED07761F00101A20000156BF01110006761F00124004EF11761F001061
:20529000922FED0D9238ED0B767F529F8F008B40767F4630761F00121804FFFE0006B2BDA1
:2052A0008F3F737E76FF73A2761F0012CC04000EFFC05201EC14CC04000EFFC05202EC052C
:2052B0009B011804FF1F6F129B0076FF73BD8F3F7386CC04FF1F504096046F089B008F3F88
:2052C0007396CC04FF1F50209604D00092A0521067088F408B262B95D80192A0521068FAEB
:2052D0005300ED1CD00092A0521B67098F408B402495DF01D80192A0521B68F9D00092A075
:2052E0005210673A9294EC3892948F408B269695D80192A0521068F76F2FD00092A0521BB7
:2052F000671A9A8A8F00850094A08F4085000EA9FF30560100A4560301A059A908A10113C3
:205300005603089D94C48F008B409694D80192A0521B68E8D00092A05210670E8D40010143
:205310008F00850072A1929C8F008B269694D80192A0521068F48BBE0006761F00102B16C0
:2053200056BF010056BF030156BF1A0256BF0A0656BF090556BF13042B0302001E08761FAE
:2053300002149200761F0010960E761F00121804FFF11804FF1F1804FFFE1804FEFF767F58
:20534000529F761F022C2B18761F0214920D761F022C9619761F0214920E761F022C961ADC
:20535000761F0214920F761F022C961B761F02149210761F022C961C761F02149211761FD8
:20536000022C961D761F02149212761F022C961E761F02149213761F022C961F761F021413
:205370009214761F022C9620761F02149215761F022C9621761F02149216761F022C962264
:20538000761F02149217761F022C9623761F02149218761F022C9624761F02149219761F80
:20539000022C96252B0A761F0214921A761F022C960B761F0214921B761F022C960C761FD2
:2053A0000214921C761F022C960D761F0214921D761F022C960E761F0214921E761F022CE4
:2053B000960F761F0214921F761F022C9610761F02149220761F022C9611761F021492214E
:2053C000761F022C9612761F02149222761F022C9613761F02149223761F022C9614761F35
:2053D00002149224761F022C9615761F02149225761F022C9616761F02149226761F022C8C
:2053E0009617761F0214920DEC03921AED07761F00101A20000156BF0111761F02179200E0
:2053F00052046405761F00102B3A6F059200761F0010963A761F022B56BF023A56BF0639F2
:2054000056BF022656BF062556BF023056BF062F761F022C56BF030856BF0A07761F0010D0
:2054100056BFFA2556BFFA2656BFFA2756BFFA2856BFFA2356BFFA2456BFFA2256BF1929B9
:20542000761F0217920D761F022B960E761F02175603010E761F022B960D2B1A761F001252
:2054300056BF01022B032B012B000006761F022B9210EC1F2B100201761F00105601000808
:20544000922FED0702001E0A02015601000C6F0602015601000A02001E0C923CEC03923E75
:20545000ED05761F00112B000006761F00110A000006761F022B0A1C28A803E8921C00FF6D
:205460006D7D5200ED230A0B9B3C920B00FF6D7D5200ED180A0C9B3C920C00FF6D7D520051
:20547000ED0D0A099B18920900FF6D7D5200ED022B091B0CEF1068022B0C1B0BEF1068020D
:205480002B0B1B1CEA6068022B1C0006761F022B2F09270C800B881C93D4ED1356BF01D4F1
:205490002BC45204EC0D5203EC095202EC055201ED0857CC6F063FCC6F047FCC6F027ECCCB
:2054A0005204EC375203EC255202EC135201ED4092AA54CC690C1BC4FFF0670992AA9ECC85
:2054B00028A8FFFF9FC455A9690272C457CC000692AB54CC690C1BC4FFF0670992AB9ECC2C
:2054C00028A8FFFF9FC455A9690272C43FCC000692A754CC690C1BC4FFF0670992A79ECC3C
:2054D00028A8FFFF9FC455A9690272C47FCC000692A654CC690C1BC4FFF0670992A69ECCEE
:2054E00028A8FFFF9FC455A9690272C47ECC0006C5A496C70EC7560100D792EF54C76802BD
:2054F00024EF92E754C7660224E70AF792FF54F766142BF70EE7564100D70EEF564100D73B
:205500002BE728EF1000D0082D9706D7562296CF02001ED79A0100069A00000688A993A65A
:20551000FFD771C4D50092A55208670C40A8EE03FFD06F04FFD01CA8A001DD0192A55208D9
:2055200068F6CCA600FF71A9D50092A55208670C40A8EE03FFD06F04FFD01CA8A001DD017C
:2055300092A5520868F697C40006FE022841FFFF76FF00008F3F7F7E76408FC058A98F00CF
:205540007F7EA8ABA8A9EC0D8AA776408FC05CADDC81767F550EDF01A9A91901FF5AEDF536
:205550009A0093A0554156B101A9FE820006767F6441767F675C767F592D8F7F6DA08F3FEB
:205560006DC3A0A9564100A4A8A98F008000767F6C9E8F7F7C498F3F7C4BA0A9564100A42C
:20557000A8A98F008FC0767F6C9E76408000767F55355200EC36767F6C5476260000762FCE
:205580000000767F6D297622761F00358F3F6AC3A80C761F00348F3F6AE7A81A761AFF69CD
:20559000D431028B767F562AD431FF2003E8767F5644767F3F83767F69B1767F4614761FAC
:2055A00000331A2200407623000176231000767F565EFF200960767F5674767F6842000664
:2055B0008F1E847EA8A97640801F761F01BF1A0E00046FF7761F021392065202620852024B
:2055C000EC295200EC505201EC356F565203EC175204ED52761F002C9201761F02139C6404
:2055D0005404684A761F01BF1A1A0040761F023E2B06761F021356BF05066F3E761F023E96
:2055E0009206520968392B06761F021356BF04066F33761F002C9201761F02139C64540425
:2055F000682B761F023E2B06761F021356BF03066F23761F023E92065223670F761F002C8F
:205600009201761F021354046717761F002C9201761F021396046F102B06761F021356BF70
:2056100002066F0A2804019A761F023E2B06761F021356BF0106761F021392065205670660
:20562000761F023E920652586896761F01BF1A1A00400006761F00301E0292A428A8FFFF9D
:2056300000FF6D7D96067680FFFF0EA4F60F1FA696071804FBFF1804F7FF1A0400201A0444
:2056400040001804FFEF0006761F00301E0A92A428A8FFFF00FF6D7D960E7680FFFF0EA4D6
:20565000F60F1FA6960F180CFBFF180CF7FF1A0C00201A0C4000180CFFEF00067622761FA2
:2056600001BE180DEFFF1A0D20001A050300CC09FCFF1AA901009609CC09F3FF1AA904002E
:205670009609761AFF6900061EA628A9BC209BBE2901FF5A0200F61F561700A6A9A9FF4273
:20568000FF5A88ABDE81761F01C11810FFF71A1000071A1000201A1000401810FF7F56BF0A
:2056900003112B14B6FF0EA6F60F1FA796129BFF92A600FF6D7D961356BF23112B1C0006D1
:2056A000761F02139205ED099201761F01C19619761F021356BF0105761F01C14714EF06AE
:2056B000761F021356BF01002B050006761F01C14615EF07C617761F0213960356BF010204
:2056C000761F01C14515EF091811FFDF1A110020FF200960767F567400065200ED06761FA8
:2056D00001BF1A0A00040006761F01BF1A0C000400065201EC06761F01BF1A050001000687
:2056E000761F01BF1A03000100065201EC06761F01BF1A0500020006761F01BF1A030002FC
:2056F00000065200EC115303EC0A5302EC085301ED0F761F01BF1A0500020006761F01BF8F
:205700001A0300020006761F01BF1A050002000600069A0000060006D00800FF6D14974607
:205710009645D3002B479246ED039A016F59924752036755D200924654A2692B9A505CAD1D
:20572000D50493A29445DC84767F68725200ED18D300D00092A05204671992455CAD560318
:2057300008A98F40850059A9DC8492A272A19294969DDA01D80192A0520468F06F07DB016C
:2057400092A3520569039A006F2B924654A266D7BE00D0008F0085006F0B9245560308A915
:2057500059A992A072A192A6949C88A9D80192469CFF54A066F39245560308A98F008500CB
:2057600058A9924672A092A6D88190FF5494ED039A016F060A479247520368AD9A00D00830
:2057700000FF6D700006B2BDD1009A0028A80100767F570C5200ED0492A1500159A99A01D0
:2057800028A80100767F570C5200ED0492A1500259A9761F022B2B069A001BA90200630D53
:205790003B018F00850085A9560100A493C473069C011BA9020064F59A0093A156B101A975
:2057A0008BBE0006B2BD88A993A6FFB591FF58A893A6913F2DA8560301A6520063059BFF4B
:2057B000EBA09B40EBACD10193A08F7F6EC68F3F6EC6290173A1939D9F9436A8FF459494A8
:2057C00093A66302FF5C8BBE00067622761F01A1CC0EFFFC5001960E761F01A2CC0EFFFCDB
:2057D0005001960E761F01A3CC0EFFFC5001960E761AFF6900067622761F01A1180EFFFCD3
:2057E000761F01A2180EFFFC761F01A3180EFFFC761AFF6900067622761F01A11A180004F3
:2057F000761F01A21A180004761F01A31A180004761AFF6900067622761F01A11A170004BA
:20580000761F01A21A170004761F01A31A170004761AFF690006761F022E2B002B112B094F
:205810002B0A761F022F2B072B06761F022E2B3B2B360200761F02301E061E02761F022FBB
:205820002B032B022B1F2B271E3A761F02012B23761F02272B1A761F02272B0D0006761F9F
:20583000022E9210523F663F0A103B018520761F022F5601002A761F022E851C761F022FE2
:2058400056010030761F022E92105240ED2C761F022F062A761F022EFF459612761F022F42
:205850000630761F022EFF45961308A9F80085A9FF5652C8620C921208A9F80085A9FF56CC
:2058600052C8761F020156B501266508761F020156BF0121761F02012B260200761F022F57
:205870001E2A1E300006FE02761F002C9206761F022E9620761F002C9207761F022E961CD7
:20588000761F0201922656C10086761F022F0E19761F022E1E4292209E1234A9043400FF93
:205890006C2AFF5C9611761F022F0E19761F022E1E42921C9E1334A9043400FF6C2AFF5CEA
:2058A00096099411FF5C960A761F02280E1E761F022E1E4292209E1234A910D000FF6C2AE5
:2058B000761F000CFF5C9607761F02280E1E761F022E1E42921C9E1334A910D000FF6C2A7E
:2058C000761F000CFF5C9609761F000C9407761F000CFF5C9608761F022E92099E0A761FBA
:2058D000022F34A949E7B306761F022E9211761F022F9607761F022E963B761F022F920602
:2058E000761F022E9636923B761F022F9603761F022E9236761F022F96022D0333032D026B
:2058F000120207AB767F7BC5761F022F562F031F341F2D41562F0127761F0201922B761FD8
:20590000022F541F6207767F57EB761F020156BF0130FE820006FE02761F002C9209761FEE
:20591000022E96153B01341501F7761F022FFF4B9605761F022E9E27FFA07227761F0228F3
:205920000E25761F022E1E4256030E2700FF6C2A761F000C9602FE8200068F0080409A0044
:205930001BA90FC063062B849C011BA90FC064FCD4509A001BA904B063062B849C011BA96D
:2059400004B064FC0006761F020C0E1D761F022F1E34761F02030628761F022F1E3C000659
:20595000761F01A19205761F022A9609761F02108F0003E82D0D0200761F022A3709F61F96
:20596000561700A4761F022A3F0B0006761F022E9227761F020196133B01761F022F2527F8
:20597000033AFF465601003A8819063A87A6FF4F2901564400A9FF4B761F0201962300069A
:20598000761F01BF4C00761F020156BC0A320006761F022E920B5207620A5207EC3252008A
:20599000EC685201EC635202EC5900065208EC17520AED63761F02014F36EF0C767F582FC5
:2059A000761F022E92105240ED5856BF080B2B100006761F022E56BF070B0006761F0201B6
:2059B0004F36EF08761F02019230ED47767F57DB0006761F022E56BF070B767F57EB000677
:2059C000761F02014F36EF16767F57C50201761F02020F20ED0B761F022E56BF0A0B767FED
:2059D00057FB0200761F02021E200201560100200006767F57EB767F580B761F022E2B107D
:2059E000761F022F02001E2A1E301E2E761F02021E20761F02012B260006761F02014B3D17
:2059F000761F022E56BD070B000656BF020B000656BF010B767F580B0006FE04761F022146
:205A0000063E1E44761F02280E1D761F02281EAC5C2556440044FF32767F798496411BA950
:205A10007FFF690328417FFF9241761F02339609FE840006FE04761F0221922B542F66057C
:205A2000922F9E2B96416F022B4129018F0024F35603032EBE0AA8AC566500A90200F61F37
:205A3000561700A6A9A9FF4DFF5A3F43761F02285C432D41361D767F79849642761F022822
:205A40008F00048E2D423615767F79849642761F02212D2C124296421BA97FFF690328424C
:205A50007FFF9242761F0233962FFE840006FE02761F0221922F9642761F02282D42361DFB
:205A6000761F02285C25767F79849641761F02288F0001DC2D413615767F79849641761FDB
:205A700002212D2C124196411BA97FFF690328417FFF9241761F02339626FE820006FE02FC
:205A8000761F0221922A9642761F02282D42361D761F02285C25767F79849641761F022871
:205A90008F0001DC2D413615767F79849641761F02212D2C124196411BA97FFF69032841B6
:205AA0007FFF9241761F02339634FE820006FE02761F02212D2D761F0228361D1E42761F62
:205AB00002285C250642767F798F1E428F000273A8AC8F0003E856440042767F798F1E427B
:205AC0008F007FFFA8A90F426702A8429242761F0233960CFE820006FE02761F02212D2DEC
:205AD000761F0228361D761F02285C25767F798F1E42761F02219230EC0A02645C301EACDB
:205AE00056440042767F798F1E426F0902001E42761F000C1E2E761F000C1E348F007FFFA6
:205AF000A8A90F426702A8429242761F02339606FE820006FE04761F022128AC1AAB122C50
:205B00000EA91E44761F02288F00C3500E151EAC56440044767F798496411BA97FFF6903C9
:205B100028417FFF9241761F0233961FFE840006FE06761F022828AC00DA3015761F02283F
:205B20001E420E1D761F02211E440E37767F79961E4628A9FFFF28A87FFF0F46670628AA62
:205B30007FFF28ABFFFFA9460646761F02341E04FE860006FE02761F02219236EC0E8F014A
:205B40004000A8A95C36767F798496411BA97FFF690C28417FFF6F092B410200761F000F31
:205B50001E1C761F000F2B0F9241761F0233960EFE820006FE022901761F022156030D38D6
:205B6000761F02285C25767F798496411BA97FFF690328417FFF9241761F02339619FE82BB
:205B70000006FE022901761F0221D40A5603073A767F7984761F0233961A761F02215C39FC
:205B8000290156030C3A767F798496411BA97FFF690328417FFF9241761F02339618FE8213
:205B90000006FE022901761F0221D40A56030832767F7984761F02339617761F02215C31EE
:205BA000290156030C32767F798496411BA97FFF690328417FFF9241761F02339621FE82F2
:205BB0000006FE02761F022192339641761F0228921D5441562A08415C1D290156030E4164
:205BC000767F798496411BA93999690328413999761F02332B399241FF5C761F0233962AD9
:205BD000761F023328A9C0009E419638FE820006FE02761F022128AC0346122C963529011F
:205BE00028AC1A21761F02283025761F0221FF4D96348F0024F3A8AC5603032E564400A9ED
:205BF000FF4D963B2D3436351E425C3B02521EAC56440042767F79840EA91E428F007FFFA5
:205C0000A8A90F426702A8429242761F000C960CFE820006FE06761F02218F0100002D2C4D
:205C1000761F0228A84236158F0753001E44A8A9767F79961E4628A9FFFF28A87FFF0F460A
:205C2000670628AA7FFF28ABFFFFA9460646761F02341E00FE860006767F59FD767F5A1A74
:205C3000767F5A57767F5A7F767F5AA7767F5ACC767F5AFA767F5B5A767F5B71767F5B913A
:205C4000767F5BB1767F5BD8767F5C0A0006B2BDFE0476FF74355CADDC84F6032484761F8C
:205C50000010922293235C2F767F5CCE59A9761F0010411AEE1B5CAD9225932F5D37DC848F
:205C6000767F317888A9761F0010CDA60001FF93CC1DFFEFCBA9971D92A6FFC1CD1FFFF7D1
:205C70009001FF82CAA8961F6F0356BF0D445CAD92249337DC83767F32DD88A9761F001041
:205C8000CDA60001FF92CC1DFFF7CBA9971D93A6FFD0CC1EFFFD9101FF90CBA9971E92A688
:205C9000FFC1CD1FFFFB9001FF81CAA8961FFFC19001CD1FFBFFFF89CAA8961F5CAD93375D
:205CA000DC829226767F33AB88A9761F0010CDA60001FF91CC1DFFFBCBA9971D93A6CC1EF3
:205CB000FFFEFFD09101CBA9971E92A6FFC1CD1FFFFD9001FF80CAA8961F9A035CADDC8430
:205CC000767F0744761F00109632793092A15432690259327931FE848BBE0006D00C00FF69
:205CD0006D1459A45AA85BA976FF741C5CADDC8BF60A24849A038F008AA5767F54869A034C
:205CE0008F008AA8767F5486761F001092195201EC0492175201ED07761F022A2B282B252D
:205CF000D1002B2392A29EA3761F022A54226205542256B401216F022B21962293A1ED0327
:205D00002B212B24520A63291BA9FFF66316922852B4670D761F0010920FEC06761F022AA1
:205D10009223FFEF00EC9A00FFEF00E956BFB4289A002B25FFEF00E32B281B2503C0690404
:205D20009A002B256F071B25025868039A006F029A049623FFEF00D32B282B259321ED4E49
:205D30001BA9FFFB64451BA9FFFB64035200643D520064035205643652056403520A642F7D
:205D4000520A6403520F6428520F640352146421521464035219641A52196403521E641371
:205D5000521E64035223640C5223640352286405522856B30A206F1D56BF09206F1A56BFA3
:205D600008206F1756BF07206F1456BF06206F1156BF05206F0E56BF04206F0B56BF032059
:205D70006F0856BF02206F0556BF01206F022B2092245420562A06206F525301ED50522368
:205D8000634852236303521E6341521E63035219633A521963035214633352146303520F91
:205D9000632C520F6303520A6325520A63035205631E5205630352006317520063041BA919
:205DA000FFFB630F1BA9FFFB63041BA9FFF663061BA9FFF663202B206F1E56BF01206F1B5C
:205DB00056BF02206F1856BF03206F1556BF04206F1256BF05206F0F56BF06206F0C56BF1C
:205DC00007206F0956BF08206F0656BF09206F0356BF0A2092245420562A0820761F00100C
:205DD000923093A1EC1A761F022A93205524EC1B5524660C5524671793249F2055A9670402
:205DE0009E2494206F109A016F0E95A99F2492A8520D69099A0D6F07761F022A58205CAD2B
:205DF000DC8B929493209724761F00109712520456B804A9761F022A9623D00C00FF6D7007
:205E00000006FE029A048F008AAD767F5486761F001056BF0D322B334B1A56CC008C56BFCA
:205E1000012E56BF0139761F00124804EF72761F001056BF013C761F022A1B2D01F4697AC8
:205E20002B2D922B520562115205EC5F520262085202EC475200EC4A5201EC576F135203A7
:205E3000EC385204EC316F0E520862085208EC195206EC255207EC1C6F055209EC0B520A2F
:205E4000EC0456BF0C2B6F41761F01BF1A0C00406F3C761F01BF1A0C00101A0A00406F355D
:205E5000761F01BF1A0C00201A0A00106F2E761F01BF1A0C00081A0A00206F27761F01BF14
:205E60001A0A00086F22761F01BF1A0500026F1D761F00112B03761F01BF1A0300026F1597
:205E7000761F001156BF01036F10761F00112B03761F01BF1A0500021A0C00401A0C0010EE
:205E80001A0C00201A0C0008761F022A0A2B6F12761F001156BF0101761F00102B3A283EEA
:205E9000032056BF033D56BF013C761F001156BF0103761F0010922A767F5F2B761F0010E4
:205EA000FFC19001CD1FFFDFFF84CAA8961F93365CAD922BDC81767F5F4188A9761F0010C6
:205EB000CDA60001FF95CC1DFFBFCBA9971D93A6FFD0CC1EFFF79101FF92CBA9971E92A68F
:205EC000FFC1CD1FFFEF9001FF83CAA8961F9227767F5F7D761F0010FFC19001CD1FFF7F04
:205ED000FF86CAA8961F923454416902924196359214ED11761F0217920F761F00109CC0AE
:205EE000542965041820FFBF6F111A2000801A1F20006F0C520AEC061A2000401A1F004077
:205EF0006F051A2000801A1F2000761F02352B09761F00101820FFEF1820FFFD1820FFF7DE
:205F00001820FFFB1820FBFF9220CA11CA1FED089235EC03922E6F029A00962F6F052B2F9E
:205F10002B3C56BF0111761F0012CC0400E0FFC45202ED05761F001092356F07761F0010FC
:205F200092359336767F5F8A761F00109636767F1402FE820006525568041BA9010E680B98
:205F3000525068041BA901226809761F022A56BF042C6F04761F022A2B2C761F022A922CDB
:205F4000000600FF6D1082A45AA859A99A048F008AB3767F5486761F02165603013754A129
:205F500069225603013754A1690F5603013754A1660B761F022A1B3303E8680492A29CFF7C
:205F600096C39A026F135603013754A169085603013754A166047AC39A016F0856BFFFC39D
:205F70009A006F0456BFFFC39A045202EC04761F022A2B3300FF6D6C000688A9761F021571
:205F80002D22350A08A9FD8054A662039A0400069A00000600FF6D1059A85BA95AA18F0097
:205F90008AB09A04767F5486761F022A1B3001F468162B3092A354A169099A0194A15AA901
:205FA00092A1520A56B80AA26F0A54A1670892A1520A69039CFF6F029A0A5AA992A200FFDA
:205FB0006D6C0006FE0C761F022A92099648960A9649920E652D920F6514540E630A920E74
:205FC0009E0F96425603010F964356BF01416F4C940E9642920F9E0E964356BF02416F443D
:205FD000FF5C540E620B920FFF5CFF809642920F940E964356BF06416F37920F940EFF5C78
:205FE0009642920E9E0F964356BF05416F2D920F6518920EFF5C540F650B5603010F96427F
:205FF000920F940EFF5C964356BF03416F1D920F940E9642920F9E0E964356BF02416F1419
:20600000540E620A940EFF5C9642920E9E0F964356BF05416F099E0E9642920FFF5CFF80E5
:20601000964356BF0441924394429645920B5445670D5C452901250B767F798496472D47CF
:20602000364297422D47364397439243944296459248964692495445FFE800A9924354429D
:20603000693892465443670A761F022A9610961196432B122B42FFEF009A544569209E45B1
:2060400096449249544568109244761F022AFFC0944596109244FFC0944396119244FFC0FD
:206050009612FFEF00849245761F022A94449610924394449611924496126F78761F022A86
:206060009610924396112B1292469E4396426F6E924654426709761F022A961096422B43C8
:206070002B112B126F635445691C9E45964492495445680F9244761F022AFFC0944596102A
:206080009244FFC0944396119244FFC096126F4E9245761F022A9610924396112B126F4647
:20609000761F022A96109E42961196432B126F3E9246761F022A9E109442961092469E11F5
:2060A0009443961192469E129E429E4396126F3E761F022A92109E429E43961092427211A3
:2060B000924372126F33761F022A9246EA10EA11EA126F2C761F022A92427410924374113D
:2060C00092429412944396126F219246761F022A9E1094429443961092469E119E4296118F
:2060D00092469E129E4396126F1192415204620A5204ECDA5201EC0A5202ECBB5203ECC920
:2060E0006F055205ECD85206ECE1761F022A921293109411FFC09FA9970C8F006EDAA8AC6A
:2060F0000E110112564400A9B30D761F022792365201ED17761F000C922A761F022A9410BC
:20610000964A761F000C9219761F022A9411964B761F000C9218761F022A9412964C6F0900
:20611000761F022A9210964A9211964B9212964C9248544A67049248964A6F04924A6302D1
:206120002B4A9248544B67049248964B6F04924B63022B4B9248544C67049248964C6F040C
:20613000924C63022B4C924A9610924B9611924C961292489E10960892489E1196079248E3
:206140009E129606FE8C0006621C003F622F003F6252003F6256003F626E003F6272003FCA
:206150006288003F6298003F629C003F62A0003F62A4003F62A8003F62AC003F62BE003F15
:2061600062C2003F62C6003F0005AABDA2BDA8BDA0BDC2BDC3BDABBDFF695616294277B7F4
:206170005633761F023D0A0076C00B01062E8C3D102410B88CAC1024102F8CACDFB810B82B
:206180001E2E213D922F961376FF6144560301003E01000F560100A7C5B8FF2000007620F9
:206190003B015633761F023D2D10361C2DA83613562F062028A904C656740020962076C08D
:2061A0000B02761F023D92229EB856C200039A009621852008A9FFFF9E219623A62A560591
:2061B000002656630026568F2D241229A7237700770077007700332807AB1E2A2D2D1231C1
:2061C0002D2B333007AB2D39FF5007341BA8FFE756C3000528A8FFE79A000F3A56C50003E4
:2061D000063A1E34530056C300039B0076C00B031BB80C8B56C400039B001B190001ED0784
:2061E00092211BA902F056C400039B00551E56C200039B0028A9037D9EA893A976C06809DB
:2061F00097B8761F023E1B330001EC170A321B32023056C400052B3228330001761F023DB2
:206200009221520056C200039A00963E2D3E123E761F023E07301E30761F023D92135433DB
:2062100056C40003963387BEC5BEC4BE83BE8ABE82BE86BE00030006761F023D76C00B0310
:206220002DB82101060633031002330310073304A7011E0692089E079609007F6190761FD0
:20623000023D060E2D09330C07AB1E0E330B07AB2D1556C2000702001E0E961056CF00124C
:206240005627000D56C5000A02005623000D1E0E5610961056CF00065623000D5610961012
:20625000007F6190F60A7700007F6190761F023D2D1312131EAC761F023E0720AB200324E6
:2062600003241EAC5605002C5663002C56570022A922564000241E24007F6190F60A770044
:20627000007F6190761F023E0A068724ABA90726AB26032A032A1EAC5605002E5663002E28
:2062800056570028A9285640002A1E2A007F6190761F023D28AC323912325689963028AC10
:20629000DA0E12325689963156CF0002007F6190F60A7700007F6190F60A7700007F6190B7
:2062A000F60A7700007F6190F60A7700007F6190F60A7700007F6190761F023D76C00B0311
:2062B000061A8C17032C10B88CAC032C101B8CACF9A810B81E1A2117007F6190F60A77008A
:2062C000007F6190F60A7700007F6190F60A7700007F6190B2BD8BA49A048F008B5F767FD6
:2062D000548692C152CD620F52CD56C101125200EC1A523FEC1A527756C1009252C856C116
:2062E00001126F0A52DF56C1012852EB56C1013952F756C1014B2BC19A03FFEF014E761F0C
:2062F00000112B3E56BF3FC1761F001292015400ED0A92025201EC0792035201EC049A002E
:20630000FFEF013B92025201EC3492035201EC23920154006414761F022D56BF021E761F68
:2063100000129E00761F022D961B761F00129200ED28761F022D081B00086F23761F022DB5
:2063200056BF011E761F001292009E01761F022D961B6F1756BF0203761F022D56BF021E43
:20633000761F00129201761F022D9C08961B6F0956BF0202761F022D56BF021E281B0230FB
:20634000761F001156BF013E761F022D581D8F3F74274094EE06761F01BF1A0C00406F05AA
:20635000761F01BF1A0A00404194EE041A0C00106F031A0A00104294EE041A0C00206F0351
:206360001A0A00204394EE041A0C00086F031A0A0008761F022D2B1F56BF77C1761F022D25
:206370001B1F021267049A00FFEF00C72B1C921B541CFFE90083921E5201EC1E761F02177B
:2063800092125201EC0B5202ED11761F022D921D56B1071DEC0B0B1D6F09761F022D921D15
:20639000520768032B1D6F020A1D761F0012920165200B016F1E761F021792125201EC0C54
:2063A0005202ED11761F022D921D520768032B1D6F0A0A1D6F08761F022D921D56B1071D57
:2063B000EC020B1D761F00121B0101F463020A01761F022D581D8F3F74274094EE06761F90
:2063C00001BF1A0C00406F05761F01BF1A0A00404194EE041A0C00106F031A0A00104294F1
:2063D000EE041A0C00206F031A0A00204394EE041A0C00086F031A0A0008761F022D921CB8
:2063E0009E1B1BA9FFFFEC0B2B1F56BFCDC1761F022D921F521E670D9A006F4E2B1F56BF2F
:2063F000C8C1761F022D1B1F021267039A006F440A1C921B541C6680761F01BF1A0C004057
:206400001A0C00101A0C00201A0C0008761F022D2B1F56BFDFC1761F022D921F521E6703C0
:206410009A006F2A761F001292025202ED1056BF0302761F022D2B1D2B1F56BFEBC1761FE7
:20642000022D1B1F07D067039A006F16761F00129203520256C0FEC556BF0303761F022D4B
:206430002B1D2B1F56BFF7C1761F022D1B1F07D0FFE7FEB79A008BBE0006761F0012960057
:206440000006767F64657622761F01C01A1C0008FF6976FD7C803E67761F01C0181CFFF750
:20645000761AFF69767F65219A0A9B02767F6475767F64C000067622761F01C056BF55250E
:2064600056BFAA25761AFF6900067622761F01C056BF6F29761AFF6900067622761F01C0B3
:2064700056BF2F29761AFF69000688A9761F01C04311EF0676221A110010761A7625CC11F6
:206480000180EC0576221811FE7F761A9221900F54A6EC1576221A110040CC21FFF080A967
:20649000CCA6000FCAA79621761AFF69767F64654011EFFF76221811FFBF761A5301EC03FC
:2064A0005302ED0B7622CC11FE7F88A9CCA80003FF86CAA69611761A5303ED117622CC1100
:2064B000FE7F1AA901009611FF69FF2001F27640801F761F01C01A110180761AFF69000615
:2064C0007622761F01BE1A080030761F01C056BF021BCC10FFFC500296101A1C00081A20AF
:2064D00000011A2000021A2001001A2002001A2004001A1D01001A1D00011A1D00021A1DDA
:2064E00000041A1D00081A2020001A1C00011A1C00101A1C0400181CFEFF1A1C0004761A4D
:2064F000FF690006FE027622761F002B2820FFFF2821FFFF2822FFFF2823FFFF2824FFFF5E
:206500002825FFFF2826FFFF2827FFFF761A761FFDFF9238964192399641923A9641923BC3
:206510009641923C9641923D9641923E9641923F9641761F002B922F9001F001FE82FF690F
:2065200000067622761F01C01812FEFF1812FFFE1A1220001A1240001A120400761AFF6939
:2065300000067622761F01C01812FBFF1A1200021A1220001A1240001A1200011A120100F3
:20654000761AFF6900067622761F01C01812BFFF1A1220001812FFFD1A1200011A12000498
:206550001A1204001A120100761AFF6900067622761F01C01A1000401A1240001812DFFF04
:206560001812FFFD1A1200011A1200041A1204001A120100761AFF690006761B29425616D5
:2065700076256F00761B2942561676256F00761B2942561676256F00761B2942561676251A
:206580006F00761B2942561676256F00761B2942561676256F00761B2942561676256F0036
:20659000761B2942561676256F00761B2942561676256F00761B2942561676256F00761B04
:2065A0002942561676256F00761B2942561676256F00761B2942561676256F00761B29421A
:2065B000561676256F00761B2942561676256F00761B2942561676256F00761B2942561609
:2065C00076256F00761B2942561676256F00761B2942561676256F00761B294256167625CA
:2065D0006F00761B2942561676256F00761B2942561676256F00761B2942561676256F00E6
:2065E000761B2942561676256F00761B2942561676256F00761B2942561676256F00761BB4
:2065F0002942561676256F00761B2942561676256F00761B2942561676256F00761B2942CA
:20660000561676256F00761B2942561676256F00761B2942561676256F00761B29425616B8
:2066100076256F00761B2942561676256F00761B2942561676256F00761B29425616762579
:206620006F00761B2942561676256F00761B2942561676256F00761B2942561676256F0095
:20663000761B2942561676256F00761B2942561676256F00761B2942561676256F00761B63
:206640002942561676256F00761B2942561676256F00761B2942561676256F00761B294279
:20665000561676256F00761B2942561676256F00761B2942561676256F00761B2942561668
:2066600076177602761B2942561676256F00761B2942561676256F00FE014FA8EF03FF54F6
:206670000901F60F1F45964025A8F60F1F4593405632FE8100068AABA3A90200F61F5617A6
:20668000004392ABA3A40006A8BD8AAB2904565F2FA92BAB85A8F61F5617004506AB5632D6
:20669000A3A48ABE0006A8BD29048AAB565F87A906465605004656630046F61F56170048F3
:2066A00006AB5632A3A48ABE0006FE022904565F87A906465605004656630046A9A6A3A973
:2066B0000200F61F56170048A9A7A3A6F61F5617004806A76C025658A9841EC4FE8200063D
:2066C000A8BD8AAB2FA92BAB85A8F61F5617004506ABA3A48ABE0006ABBD761DA8BD2904AB
:2066D00087A9064A5605004A5663004A3B01565F8F0002000FA463055632568906AB6F045A
:2066E000FF207FFE563229018ABE761187BE0006761F02012D06761F02013607761F0201FA
:2066F000F60F1F08761F0201961D5608FFFF761F0201F60F1F08761F020196200006761F0A
:2067000002012508761F02010D07761F0201F60F1F06761F0201961D5608FFFF761F02019C
:20671000F60F1F06761F020196200006761F02012D06761F02013607761F02019620761F68
:2067200002019706761F02013608761F02018106761F0201961D761F0201971E0006761F91
:2067300002012D06761F02013607761F0201961F761F0201971E851E761F0201370807AB78
:20674000761F02019620761F0201971EFF200000761F02012B1D0C1D961D251D761F0201E9
:206750000D1E761F0201370507AB761F0201971E761F0201961D000676220200761F01BEEC
:206760001E061E081E161E361E0A1E1A2B3A1E021E041E121A0C0001CC06FFFC500196062F
:206770001A0C00021806FFF3761F01BF1A040002761F01BE1A0A00021A0C0004CC06FFCF18
:20678000501096061A0C0008CC06FF3F504096061A0C0010CC06FCFF1AA9010096061A0C0A
:206790000020CC06F3FF1AA9040096061A0C0040CC06CFFF1AA9100096061A0C0080CC06B5
:2067A0003FFF1AA940009606180CEFFFCC07FCFF1AA901009607180AEFFF1808FFFC761FFB
:2067B00001BF1A050001761F01BE1A0B00011808FFF3761F01BF1A050002761F01BE1A0B6E
:2067C00000021808FFCF180BFFFB1808FF3F761F01BF1A030008761F01BE1A0B0008180D2E
:2067D000EFFFCC09FCFF1AA9010096091A050300CC09F3FF1AA904009609CC16FFFC50010B
:2067E00096161A120003CC16FFF3500496161816FFCF761F01BF1A0C0004761F01BE1A1AE7
:2067F00000041816FF3F761F01BF1A0C0008761F01BE1A1A00081816FCFF761F01BF1A0C62
:206800000010761F01BE1A1A00101816F3FF761F01BF1A0C0020761F01BE1A1A002018163F
:20681000CFFF761F01BF1A0C0040761F01BE1A1A0040CC36FFCF50209636CC36FCFF1AA94B
:20682000020096361836CFFF761F01BF1A1C0040761F01BE1A3A00401837FFCF183AFBFF52
:206830001837FCFF761F01BF1A1A1000761F01BE1A3A1000CC37CFFF1AA920009637761A9C
:20684000FF6900067622761F01C01A1C0010761F01BE181CFFFE181CFFFD1A1200031A1286
:20685000000CCC16FFFC50019616CC16FFF350049616761A761F01E41809FFDF56BF5007F9
:2068600056BF040C56BF2D0356BF2D042B011A09002028206000282120402B052802FFFF50
:20687000FF690006D00200FF6D1482A459A87D429641D200761F01E44B09EE3F924196074E
:206880004C02EF0428A910006F4056BF0105CCA100FF9608280966201A020020D200761FA8
:2068900001E44202EE0A767F645BDA011BA20FA069F728A9FFFF6F29D20092429605280993
:2068A0006C20761F01E44502EE0A767F645BDA011BA2177069F728A9FFFF6F17D000924267
:2068B00054A0690792069693D801924254A066FB767F645B9A006F09767F645BDA011BA28F
:2068C000177069B928A95555D00200FF6D700006D00200FF6D1482A459A87D429641D200FF
:2068D000761F01E44B09EE21924196074C02EF0428A910006F229A0194429605CCA100FF30
:2068E0009608D000924254A06908929390FF9608D801924254A066FA767F645B761F01E470
:2068F00028096E209A006F09767F645BDA011BA2177069D728A95555D00200FF6D70000675
:20690000761F01BF4A18EE05761F02122B376F04761F02120A3792375284690456BF853788
:206910002B36761F01BF4A18EF06761F02129236ED022B39761F02120A3992395204EC039A
:206920005205ED08761F01BF4A18EF04761F02120A2C5206EC07520C6832761F02122B3932
:206930000006761F01BF4A18EF04761F02120A2C761F02129B00922C520256B701A82B2C55
:206940009236ED065300ED1B2B2E0A3600065200EC035209680F5209EC0B520AEC032B3671
:2069500000062B3656BF0135922E963800060A3600069CFF2DA9FF67992E0A3600069A011C
:20696000761F0212932F5301ED042B2F933497300A2D932D530C68459331EC3A5300EC183B
:20697000530967169DFF2DA8FF66CE30ED06761F01BF1A1C10006F08761F01BF1A1A1000BC
:20698000761F02120A32761F02120A316F2992315209EC0F520AED24761F01BF1A1A100077
:20699000761F02122B3156BF012F56BF01336F184032EE06761F01BF1A1C10006F05761FC3
:2069A00001BF1A1A1000761F02120A316F09761F01BF1A1C1000761F02120A312B322B2D43
:2069B00000067622761F01BE180DFFF71804FF3F1A0800C0761A761F01A81A1502001A1550
:2069C00004008F0009C4A80402001E0656BFFF181816FF7F1A150010FF690006761F022A3F
:2069D000961A0006761F022A92160006761F022A9219ED0656BF01198F01CC00A81C761F3F
:2069E00001BFCC010004761F022AFFC15414EC0A761F01BFCC010004761F022AFFC19614D6
:2069F0000A180A151B1503E8685A2B152D183505FFC096162B18921AEC4892169C32541A38
:206A00006706761F0011920052146906761F022A921756B10117761F022A9217EC29921A48
:206A10009E16961F9E1E2DA9921F520A63061B1FFFF665032B1F2BAC3B01310A5603021F4C
:206A200007AB1EA68F027100071C0FA4620D06A68F017700071C0FA4640506A65601001C88
:206A30006F04A81C6F02A81C921F961E6F06921F961E8F01CC00A81C061C3B01761F01A8DF
:206A4000FF4519011E0A00060200761F01A81E0A761F022A2B178F01CC00A81C000627A84A
:206A50002DA99CFF58A9B6003B01C4A492AC9CFF85A9560100A693AB55C66405350A94A51C
:206A60009CF6000655C4620392A5000692A754A0625894A0FFA02FA93B01C4A485A9560108
:206A700000A693AB55C6ED052DAA350A94A5000692AAC4A485A9560100A693AB55C6643CF8
:206A80009A01C4A494AA85A9560100A693AB55C6622F9A0158AAC4A4C5A494A085A9560179
:206A900000A685A0560100A72DC7350394C680A985A0C4A40AA0560100A685A0560100A41A
:206AA0002DC4350394C658A9560302AB88A993A755A656B200A6620793A055A656B205A6EE
:206AB00056B50AA62DAA350A94A694A500069A0194AA80A96F0358AAD88192A754A065AA71
:206AC00028A9FE700006761B0005ABBDA8BDA0BDC2BDC3BDFF6929425616761F003356BF96
:206AD0000121761F023592025201EC08761F02129233ED06767F695F6F03767F6900C5BE6C
:206AE000C4BE83BE8ABE87BE000376177602761B0005ABBDA8BDA0BDC2BDC3BDFF692942AC
:206AF0005616767F5459761F02130A071B0703E868062B07761F022B56BF0110761F001083
:206B0000923A5203EC0E761F00124804EE0A761F00104B1AEE060200761F01A81E0A6F0397
:206B1000767F69D6767F4051767F34BC767F4364761F00124804EE0C761F02179212520198
:206B2000EC035202ED058F008ADA767F62CAC5BEC4BE83BE8ABE87BE000376177602761BA0
:206B30000005ABBDA8BDA0BDC2BDC3BDFF6929425616761F01A11A1C0001761F003356BF8D
:206B400004217623000429100201761F02235601000206029B00901FFF58761F022A56B1B3
:206B5000013B92365201EC0956BF0136FF69767F4A12761F022A2B36761F022306029B0055
:206B6000761F022A9007AF37ED1356BF0137FF69767F4AA62B37923BEC0B2B3B923CED08EE
:206B700056BF013C767F4ABE761F022A2B3CC5BEC4BE83BE8ABE87BE00037617760228ADDE
:206B80000500FF69561F5616561A2940761F00002902761B762228A97A0E28A8003F090173
:206B9000611B76FF7A0E29046F0F9B0024A9DF016C04290424A8DF011EA6F7A1248606A77D
:206BA00081A109011EA724A96303FF5C3B0459A9DF010009FFEC761A28A9FFFF28A8FFFF14
:206BB0000901610E76FFFFFF6F06DF01C3BD1EA73E67C5BE24A9DF0124A8FF5860F7767FFB
:206BC0006CDE767F6CF9767F524B767F645B767F0013761F001092165207EC28520262084B
:206BD0005202EC135200EC175201EC126F055203EC095204EC04767F00006F0F767F000D33
:206BE0006F0C767F4AC36F09767F5C476F06767F2E5B6F03767F0000767F0064767F014D12
:206BF000767F015C767F07306F03767F5E01767F4F076FCC761B0005ABBDA8BDA0BDC2BD7C
:206C0000C3BDFF6929425616767F6164761F02220A18761F023D1B13019A6406761F022260
:206C10001B1802306508761F02222B18761F023D923F9632761F01A01A1C0001761F0033F4
:206C200056BF0421C5BEC4BE83BE8ABE87BE00037617760229022904565FFF5A0642565FDC
:206C30001E420200F61F5617004206AB56322902762029022904565FFF5A0642FF561E42C1
:206C40000200F61F56170042563229027620FF5A0200F61F56170042A9A97620FF5A0200C3
:206C5000F61F5617004276203B10761F00331820FFFE2B222B242B262B282B2A2B2C2B2E3D
:206C60002B302B322B342B362B382B232B252B272B292B2B2B2D2B2F2B312B332B352B3771
:206C70002B39FF690006761F00331A2000012821FFFF2910FF6900065CA871A997A63B01AA
:206C800085A9FF565DA985A4FF565CA992A5F60F1FA44FA66C02FF5C762096A65CA83B0119
:206C900085A9FF565DA985A4FF565CA992A5F60F1FA44FA66C02FF5D92A87620FF5A8EA4BF
:206CA000C5A492ABEC079CFF88A992859687000EFFFE92AB88A9A9A90FA6EC1093AAEC0E88
:206CB000A9A99DFF5CA876BFFFFE92859687000EFFFE92859687000CFFF88AA00006762262
:206CC0000200761F01BE1E061E081E161E361E0A1E1A2B3A1E021E041E121E0C1E1C1816C3
:206CD000FFCF1A1A0004181CFFFB1808FFCF180BFFFB1A0D0004761AFF69000628ABFFFF6B
:206CE00028AAFFFF28A9FFFF28A8FFFF0FABED04BE00D4006F098AA928A9FFFF28A8FFFFA2
:206CF00088C409028AA992A6767F6BC3000677006F00B2BD761F021259A9C53C3E67761F5E
:206D0000022DC52406A7EC0392A13E67761F022D0622EC031EA73E67767F6CF78BBE0006FB
:206D1000B2BDAABDA2BD7620B2BDAABDA2BD27AD565700A03FAD7620B2BDAABDA2BD5AAD84
:206D200027AD565700A03FADAAAB565D00A6A9A276208F7F6FCE8F000D0676229A00527DC9
:206D30006306C485C2849C01527D64FC761A761F00331A200001FF690006761D1EBD874445
:206D400056050048A9A4564700488742A9A95665004807AB87465665004407ABA8ABFE843B
:206D50007620561F7622B9C0282900680200761F01BE19011E0C1E1C761A007F6B7F761BF0
:206D600029425616761F003356BF0121761F020156BF0A327617760282BE86BE8BBE7620EC
:206D700027AD565D00A03FAD82BE86BE8BBE762097A69B00F60F1FA6762097A69B00F60F78
:206D80001FA692A87620C5A48A44A0A90FA769052484DF010FA766FD0006761F001056BF59
:206D9000063056BF063156BF0D322B330006761F0212A83A0006761F0212A83C000600067F
:206DA0007622761F002A1A0200031A0301001A0401FF1A0501FFCC06FFF050029606CC0681
:206DB000F0FF1AA902009606CC07FFE0500296071A000001761AF6067700FF69000619012C
:206DC00056C3FFFF0006FFFF00001000100006A016A005161BB6044A200003C723C7036AA1
:206DD000273103242A5502EC2D4102BF30000298329802793511025C376D024339B0022DD4
:206DE0003BDD021A3DF70209400001F841F801EA43E201DC45BE01D0478E01C4495201BAFD
:206DF0004B0C01AF4CBB01A74E62019E500001955195018E5323018754AA017F56290179AE
:206E000057A201735915016D5A8201675BE901625D4B015D5EA80158600001536153014E22
:206E100062A1014A63EB0146653101426673013E67B1013A68EB01376A2201336B55012F00
:206E20006C84012D6DB101296EDA012670000123712301207243011D7360011B747B01186A
:206E30007593011676A9011277BB011178CC010E79DA010C7AE601097BEF01087CF70105A4
:206E40007DFC01037EFF0101800000FF80FF00FD81FC00FB82F700F983F000F884E800F585
:206E500085DD00F486D100F387C400F088B400EF89A300ED8A9000EC8B7C00EA8C6600E931
:206E60008D4F00E78E3600E68F1C00E4900000E390E300E191C400E092A400DF938300DE11
:206E7000946100DC953D00DB961800D996F100D997CA00D798A100D6997700D59A4C00D4B7
:206E80009B2000D39BF300D19CC400D19D9500CF9E6400CF9F3300CDA00000CCA0CC00CBC0
:206E9000A19700CBA26200C9A32B00C8A3F300C8A4BB00C6A58100C6A64700C4A70B00C4E6
:206EA000A7CF00C3A89200C2A95400C1AA1500C0AAD500C0AB9500BEAC5300BEAD1100BDEB
:206EB000ADCE00BCAE8A00BBAF4500BBB00000BAB0BA00B9B17300B8B22B00B8B2E300B6A0
:206EC000B39900B7B45000B5B50500B5000000C90192025B032403ED04B6057F0648071113
:206ED00007D908A2096A0A330AFB0BC40C8C0D540E1C0EE30FAB1072113A120112C8138F6A
:206EE0001455151C15E216A8176E183318F919BE1A821B471C0B1CCF1D931E571F1A1FDD21
:206EF000209F2161222322E523A62467252825E826A82767282628E529A32A612B1F2BDCE8
:206F00002C992D552E112ECC2F87304130FB31B5326E332633DF3496354D360436BA376F92
:206F1000382438D9398C3A403AF23BA53C563D073DB83E683F173FC54073412141CE427AFE
:206F2000432543D0447A452445CD4675471C47C34869490F49B44A584AFB4B9D4C3F4CE0E9
:206F30004D814E204EBF4F5D4FFB5097513351CE52685302539B543254C9556055F5568AF9
:206F4000571D57B0584258D3596459F35A825B0F5B9C5C285CB35D3E5DC75E4F5ED75F5DBB
:206F50005FE3606860EB616E61F0627162F1637063EE646C64E8656365DD665666CF67469E
:206F600067BC683268A66919698B69FD6A6D6ADC6B4A6BB76C236C8E6CF86D616DC96E30E7
:206F70006E966EFB6F5E6FC17022708370E27140719D71F9725472AE7307735E73B5740AC0
:206F8000745F74B27504755575A575F37641768D76D87722776B77B377FA783F788478C723
:206F90007909794A798979C87A057A417A7C7AB67AEE7B267B5C7B917BC57BF87C297C59E0
:206FA0007C887CB67CE37D0E7D397D627D897DB07DD57DFA7E1D7E3E7E5F7E7E7E9C7EB99F
:206FB0007ED57EEF7F097F217F377F4D7F617F747F867F977FA67FB47FC17FCD7FD87FE1CE
:206FC0007FE97FF07FF57FF97FFD7FFE7FFF00006662003F6662003F6662003F6662003F5B
:206FD0006662003F6662003F6662003F6662003F6662003F6662003F6662003F6662003F69
:206FE0006662003F656D003F6572003F6577003F657C003F6581003F6586003F658B003FAA
:206FF0006590003F6595003F659A003F659F003F65A4003F65A9003F65AE003F65B3003F55
:2070000065B8003F65BD003F65C2003F65C7003F65CC003F65D1003F6667003F65D6003F77
:2070100065DB003F65E0003F65E5003F65EA003F65EF003F65F4003F65F9003F65FE003FDC
:207020006667003F6667003F6667003F6667003F6603003F6608003F660D003F6612003F62
:207030006667003F6667003F6667003F6667003F6617003F6667003F6667003F6667003F30
:207040006667003F6667003F6667003F6667003F6667003F6667003F6667003F6667003FD0
:207050006667003F6667003F6667003F6667003F661C003F6621003F6667003F6667003F51
:207060006667003F6667003F6667003F6667003F6667003F6667003F6667003F6667003FB0
:207070006667003F6667003F6667003F6667003F6626003F662B003F6667003F6667003F1D
:207080006667003F6667003F6667003F6667003F6630003F6635003F6667003F6667003FF9
:207090006667003F6667003F6667003F6667003F6667003F6667003F663A003F663F003FD5
:2070A0006644003F6649003F664E003F6653003F6667003F6667003F6667003F6667003FDE
:2070B0006667003F6667003F6667003F6667003F6658003F6667003F6667003F6667003F6F
:2070C0006667003F6667003F6667003F6667003F000100000000000001000000000000007E
:2070D00000000000000000000000000000000BB800000BB80000000000000000000000001A
:2070E00000020000000000000000177000000000000000640000000003E804E204E261A8E3
:2070F00061A80000004B00DC008C29AB0C80000304DD038401A4038400C803E8004B017C52
:207100000095138805A00396026100560247042C003B03E80000000A000000000000000A95
:207110000190000009C4000A0190001F0DAC00000007032000000000000A000D05DC07D095
:20712000000003E8001E000200C800640000000000000BB8000003E80000000003E800007F
:2071300003E8000000000000000000000000000000000064000000000000000000000000F0
:20714000000000000064000A000200000000000007D000000000000000010BB80000000123
:2071500000C80000017C0000000000501001000004B00064000103E80000000A03E803E895
:20716000000100020064005A00040002000D001F0032001E002800320046332C0352000078
:20717000005000140002003267840FA012C003E8004600C8000A03E8000700000009000AF3
:2071800003E803E800000000000000000000000000000000000000010514003203E80001E1
:207190000578000105DC03E8000100000032000000000000000000000000000006000065F7
:2071A0000000006E017C006400010000000B000303E803E801900096008C00E6000C000CEA
:2071B000000D000E000F001000100011001300140015001600170019001A001B001D001E72
:2071C00000200022002400260028002A002C002E0030003300350038003B003E00410044A9
:2071D0000047004A004E005100550059005D00610065006A006E00730078007D0082008755
:2071E000008D00920098009E00A400AA00B000B700BE00C400CB00D200D900E100E800F0D4
:2071F00000F800FF0107010F011801200128013101390142014A0153015C0165016E017715
:20720000018001890192019B01A501AE01B701C001C901D201DC01E501EE01F70200020912
:207210000212021A0223022C0234023D0245024E0256025E0266026E0276027E0286028D30
:207220000295029C02A302AB02B202B902BF02C602CD02D302DA02E002E602EC02F202F8A9
:2072300002FD03030309030E03130318031D03220327032C03310335033A033E03420346D5
:20724000034A034E03520356035A035D036003640367036B036E037103740377037A0035FB
:207250000038003B003F00430047004B004F00540058005D00630068006D00730079007F9C
:207260000086008C0093009A00A200A900B100B900C100CA00D300DB00E500EE00F7010115
:20727000010B0115011F012A0134013F014A01550160016B01760181018D019801A401AF39
:2072800001BB01C601D201DD01E901F40200020B02160221022C02370242024C02570261DC
:20729000026B0276028002890293029C02A602AF02B802C002C902D102DA02E202E902F1A8
:2072A00002F903000307030E0315031B03220328032E0334033A03400345034A0350035507
:2072B000035A035E03630367036C037003740378037C038003830387038A038E0391039401
:2072C0000397039A039D03A003A203A503A803AA03AC03AF03B103B303B503B703B903BBD8
:2072D00003BD03BF03C003C203C403C503C7041D04420468048E04B404DB0502052A0552B2
:2072E000057A05A305CB05F4061D0646066F069906C206EB0714073C0763078B07B207D96F
:2072F0000800084A089108D40914094F098709BB09EB0A170A400A660A880AA80AC40ADE1D
:207300000AF50B090B1B0B2A0B360B410B490B4E0B510B530B6E0B890BA40BBE0BD70BF0A9
:207310000C080C200C380C4F0C650C7B0C910CA60CBA0CCE0CE20CF50D070D1A0D2C0D3DEA
:207320000D4E0D5E0D6F0D7E0D8E0D9D0DAC0DBA0DC80DD50DE30DF00DFC0E090E150E21A5
:207330000E2C0E370E420E4D0E570E620E6B0E750E7F0E880E910E990EA20EAA0EB20EBAE9
:207340000EC20EC90ED10ED80EDF0EE60EED0EF30EF90F000F060F0B0F110F170F1C0F21FE
:207350000F260F2B0F300F350F3900050005000500050005000300040005000500050002B2
:207360000003000400050005000100020003000400040001000200030004000500020003DA
:20737000000500050005000300040005000500050005000500050005000500000075006EDC
:20738000006B006E006F0077000000000044004B00510035006D004800310032004100318F
:2073900000380030003500300033000000410053004E003900380044003300320055004646
:2073A000005A0000000304B5037A01D4037A00C807D00FA012C0000A000A00000000003282
:2073B0000DAC01F401F4753075300834005000A0000A000A0190019000280002032F01F41D
:2073C000019E01F4000000000FA012C00000000005DC07D000461B5801F401F44E204E2061
:2073D00004B00050008C000A000A01900190001E00030003000300020003000300010002A5
:2073E000000300010001000200010001000300020002000300020003000300030003000369
:2073F000001500080009000A000B000C00130014001D0020002700280029002D0039006A8A
:20740000006C006E00730075007700D400000000000000000001000200050007000800093F
:20741000000A00000000000000000001000300060009000A000B000D00000000000000001D
:207420000001000300060009000A000B000D000100090008000C0004000600020003000DDD
:20743000000D000D000D000D000D000D000D000D000D000D000D000D00E600BB000D000DE5
:207440003B02FF683B01FE0A761F000C56BF003E56030F14F60F1F029B00FF3E560100A9D6
:20745000971356030F0756000E0956000E0834A8555507A907A9970756030F0956000F08C8
:207460008CA849E716AC560100A94A24563297008F408D182D2B56030607565000C5566105
:2074700000D533A9572A56030609565000C5566100D533A9571956030608565000C5566196
:2074800000D533A957188F008CC92DC425173307110C974556000C3733A8250A0407920741
:20749000960A76C08CEF2DC712A807A907A907A907AB5600083B5601003A25168F008CC9D2
:2074A0002DC43300110C974656000C3933A8250B04009200960B2DC712A807A907A907A913
:2074B00007AB5600083D5601003C2D1712072D16330007AB76808D141EC68F008CC92DC407
:2074C000330716AC2DA8120776808D0A1EC62DC4330016AC2DA8120076808D081EC64224AF
:2074D000EF178F0003321BCC000856C40012254556BC00A856000C37FF4B560100362546B8
:2074E00056BC00A856000C39FF4B56010038933DFF569744933BFF56974392445544562A72
:2074F0000443562B04449FA9FF90933DFF53933BFF53FF533E0000078F3F7A06560100A473
:2075000056030F44F60F1F438F7F79C59B00FF352DA90EA8560100A593CD9FC536A805C549
:20751000FF4005C4FF56FF30441A8F408CC2562B0CC5451A562B0D038F408D028AC59A00CB
:2075200028AC000756229641560301A8560100A4A8A9FF10010083A906C487D4564100AC2F
:20753000324107AB07A9974306C587D5564100AC324107AB07A92DA8333B1643333D10AC85
:207540008F40034A97C58F008CEE25039FC473C497418F00886C2DC429048541810D565F66
:20755000F60F1FAC2DA985A85632960D85AC56322902768089E772C63B0225418F008D00DC
:2075600087C4560500A9566300A956818F008D18565000C4566100D456AF76808D161EC6D8
:2075700076808A7E03C607A98F008A682DC4566300A9560100C62D00330E1607330F170EA1
:2075800097201600330F11ACFF54971D2D008F008CC433C416078F408CD133C517C48F006A
:207590008CCB97C4160033C511ACFF548F408CCD97C525178F008CC504C4974125168F0001
:2075A0008CC804C497422D418F008CD133C416428F408CC433C517C48F008CD097C416419E
:2075B00033C511AC8F008CCA97C48F008CF48F408D172DC533C48F008CCD16C410AC33A802
:2075C0008F008CC916C410AC07A98F008CD005C476808CCB33C68F008CCD13C48F008CFBB2
:2075D00097C48F008CE62DC412C507A907A92DC612A807A907A907A98F008CCA04C410ACF1
:2075E000FF548F008CFE97C48F008CE40EC48F008CDB94C496C4FFC68F408D028AC58F400A
:2075F0008CDC2DC58F408CDDFF30560100A406C412A8562F01C5452556BC00C58F008CC0D4
:2076000056030FC48F008CDF2DC4333310AC8F408D028AC556090FA828AC00065610964157
:20761000560301A8560100A4A8A9FF10010083A906C487D4564100AC324107AB07A98F0004
:207620008CC497C406C587D5564100AC324107AB07A98F008CD197C48F008CDD2DC412A876
:207630008F008CC5B3C48F008CC412C48F008CC8B3C42D021215B3AC8F008A8C12C4562F1F
:20764000061725CC4A24563212A8562F06162D17330F1616330E170F97231617330E11ACCD
:2076500097228F408D184426EE488F008CE225C4974307A94226562B0D4376808D0E8F0084
:207660008CF42D3333C4161D10AC974133A8571C8F008CC9560302C4565000C52DA9252392
:2076700017C613CE974225222D411320571B1143042712A856040CCE2FCEFF4B565000C5EA
:20768000566100D596CE93A904AA07A99728124256040CC62FC6FF4B565000C5566100D5EB
:2076900096C693A904AA07A997294E2456BD002956BD00282B292B288F408D182D04333389
:2076A0008F008CE516C412A8FF49565000C5566100D596278F0003D093C4482456BC00A85B
:2076B000768003DD56BC00C68F000356567500C4567300CC921E431A562A0DA8971E041DE8
:2076C0009741FF569228552C56B400A9934104A997418F008CE992C49648FF5C96478F0037
:2076D0008CCC92C44024EF078F008CF02DC436A992A893412D3E432656BD00ACFF649645D8
:2076E0002DA912A8FF47565000C5566100D5FF3F56BB00AC0734971F0527567500485673C9
:2076F0000047411A562B0C062D41FF54562B0AAC930671AC2F4156B300AA8F008CC693C43C
:207700004024EF058F008CF02DC436A82DA8214633AA16AC5601003493109221421A562A9F
:207710000DA8972104209741FF569229552C56B400A9934104A997412D4512A8FF4756503B
:2077200000C5566100D5FF3F56BB00AC072E5675004856730047411A562B0C052D41FF54F7
:20773000562B0AAC930571AC2D4156B300AC124607A95601002E4124EE0BFF2000008F0091
:207740008D0E96C496CC96359606962F960556030F038F008CDF2DC4333310AC8F408D0235
:207750008AC556090FA828AC000656109641560301A8560100A4A8A9FF10010083A906C449
:2077600087D4564100AC324107AB07A9970E06C587D5564100AC324107AB07A9970F2D05DA
:20777000330F1606330E130F8F008CC505C497121605330E10138F008CC805C497118F0084
:207780008A8E33A857A98CA949E757A84A24563297CC931233A857C42902FF69FE8A00067D
:207790003B013B02FF69FE0A761F000FF549032406165601002606208F40032641C556BC18
:2077A00000A956BC00A8072656BB01AC560901085650002C5661002A56CA0004560D0108D0
:2077B0001E248F4003102DC512C528AA10002BAB564100ABFF200000566100ABC4A0563562
:2077C000560900AC563BFF47FF9097A08F3F6DC421A52DA9069437A893A5FFD02DA85613A8
:2077D00000A9565300AB56228EA62DA88F40034B12C5562F01058F408D0487C506248F0037
:2077E000033203C49700560500A9566300A98F008D1856500084566100C456AF1E48071C29
:2077F000050297048F0003C392034249562A0CA856BC001D8F0003CB2DC48F00032640C4F5
:2078000056BC00AC05AC97068F0003402DC433A82507567500058F000356567500C4FF4408
:207810001E4293099205FF5C567300A9567300CCFF441E4456BF014556090008A9A9565004
:20782000004256B302455661004456B50045562F04108F008CCE25C4FF5A2D450BAC92AC40
:20783000EC08560D0008124756B300AA56B300ABA9AC56050048566300482D0F565C565785
:2078400000AC5640001C570F56845650004256610044FF341E1C8F0003D22DC42510031A93
:2078500012A807A9071A1E1A031E12A807A9071E1E1E92AC562B0010FE8A00063B013B0293
:20786000FF69FE0A761F000DF54903248F008CD98F40030225C456000FC58F008CDA9741E9
:207870002DC412A85604081BFF4456BB00AC8F008D18565000C4566100D496422D41560DFE
:2078800000A9FF54562B0AAC934271AC2D4156B300AC8F008CD812C45601001A8F000332A2
:207890002D424FCC8F0003D112C407A992C4562A0CA897168F0003D312C407A992C4562A6D
:2078A0000DA897178F008A8C561500C40200561500CC07ABC4A05635560900AC563BFF47D5
:2078B000FF9097A08F3F6DC421A52DA9069437A893A5FFD02DA8561300A9565300AB562224
:2078C0008EA6031434A8100007141E148F0003142DC48F008CDE12C407A907A903149709A7
:2078D000FF2F10008F000304562F02C4970056BF00AC4F0956BC04AC8F008CD725C4FF51DC
:2078E00097418F008CE125C4FF5197422D091241FF438F008D18565000C4566100D4560454
:2078F000051DFF438F008CF98F408CF856BB00AC56BF02AC567400C4567200C556B400AC5C
:2079000096100BAC93ACFF5D9209562B0AA970AC2D0956B300AC12425601001C92108F4061
:207910008CEA567200C58F00031096C48F408CF892C59E108F008CFD8F408CEB567400C414
:20792000567200C5FF5C960BFE8A000685AD00063B0256562DA503C4560500A9566300A910
:2079300056A02DD4565700AC564000C457D41EC4290200065635560900AC563BFF47FF9053
:2079400097A08F3F6DC421A52DA9069437A893A5FFD02DA8561300A9565300AB5622FF1013
:207950007FFF0EA80006FE063B0196449745FF5697439344FF56974292435543562A044280
:20796000562B04439FA9FF909345FF539344FF53FF533E0000078F3F7A06560100A45603DC
:207970000F43F60F1F428F7F79C59B00FF352DA90EA8560100A593CD9FC536A805C5FF40F1
:2079800005C4FF56FE86000655A456C8000628A9FFFF56CF0004F60F1FA49B000006FF5A68
:207990000200F61F561700A4A9A900061EAC56470044A9A9560500440F4656C80006FF2023
:2079A0000000FF550006F61F56170046A9A900061EAC56470044A9A900061EAC564700A43F
:2079B000A9A9560500A48F008D1C565000D4565900C4A9A900062DA836A900062DA812A99F
:2079C0000006020056B701A9000600000145028A03CE05100650078D08C509FA0B2B0C56D8
:2079D0000D7D0E9D0FB810CD11DB12E313E414DF15D416C117A8188919631A371B041BCB01
:2079E0001C8D1D481DFE1EAE1F591FFF0000FFFF00018000FFFF800000000001800000017D
:2079F000FFFF0000000100008000FFFF00000001FFFF0000FFFF00000000000100010000FB
:207A00000000FFFF0000FFFF000100000000C00080004000E00020006000A000FFFF870262
:207A100000000000FFFF870400000000FFFF870500000000FFFF870D00000000FFFF87111B
:207A200000000000FFFF872200000000FFFF872400000000FFFF872500000000FFFF8727A0
:207A300000000000FFFF872800000000FFFF872D00000000FFFF872F00000000FFFF873B63
:207A400000000000FFFF873E00000000FFFF873F00000000FFFF874400000000FFFF87450C
:207A500000000000FFFF874600000000FFFF874700000000FFFF874A00000000FFFF874CDF
:207A600000000000FFFF874D00000000FFFF874E00000000FFFF874F00000000FFFF8750B8
:207A700000000000FFFF875300000000FFFF875500000000FFFF875700000000FFFF87588B
:207A800000000000FFFA88180000000000000000000000000000FFFA881E000000000000AE
:207A90000000000000000000FFF98824000000000001000200050007000D0000FFF4882C6F
:207AA0000000000000000000000000000000000000000000000000000000FFF4884000000B
:207AB000000000000000000000000000000000000000000000000000FFFF8D4000000000EB
:207AC000FFFF8D4100000000FFFF8D4200000000FFFF8D4400000000FFFF8D45000000006E
:207AD000FFFF8D4600000000FFFF8D4700000000FFFF8D4900000000FFFF03CE000000044C
:207AE000FFFE03D6000000000000FFFE03E2000000000000FFFE8D0E000000000000FFFF38
:207AF0008A9400000000FFFF8A9500000000FFFF8A9600000000FFFF8A9900000000FFFFFE
:207B000089EB00000001FFFF89F300000000FFFE8A4E00002E0C003FFFFF8C41000000005D
:207B1000FFFF8C4200000000FFFF8C4300000000FFFF888400000000FFFF88970000000095
:207B2000FFFF889800000000FFFF8B5B00000000FFFF8B5C00000000FFFF8B5D0000000078
:207B3000FFFE84BA00006D9F003FFFFE84BC00006D9F003FFFFE8B62000000000000FFFE40
:207B40008B64000000000000FFFF8AA200000000FFFF8AA300000000FFFF84C5000000009A
:207B5000FFFF84C600000000FFFF848E00000000FFFF849100000000FFFF8AAB0000000077
:207B6000FFFF8AAC00000000FFFF8AC600000000FFFF8AC700000000FFFF884C0000000062
:207B7000FFFF884D00000000FFFF8AB900000000FFFF8DD300000000000000001EBD06465C
:207B80005635563B1EA4FFD5EC3B58A876FFE4129B33EBAC83AC879776FFE502C4875605ED
:207B900000A4566300A456A003A6FF54560500A9566300A956A287A9560500A4566300A4F8
:207BA00056A003A6FF54560500A9566300A956A287BE560500A9566300A956A187A5562C25
:207BB0005657008756400087565000D7565900C7566100F7565100E7568006AB000628A9D7
:207BC000FFFF28A87FFFFE8200065635563BC4A9FFB556B5FEA808A8FF0258A840AC93AC09
:207BD000FFD01EBD76FFE7228A9776FFE712838756BC0CA056BD0AA087A4566300AC87A69C
:207BE000FF31566300A987A5564100AC566300A4FF318AA987A4566300AC87A6FF3156631E
:207BF00000A987A5564100AC566300A4FF3187A6566300A98797560500A9566300A956A0C7
:207C000087BE562C08AA8000564000D700065635563BC4A9FFB556B5FEA808A8FF0258A859
:207C100040AC93ACFFD01EBD76FFE7228A9776FFE712838756BC0CA056BD0AA087A4566309
:207C200000AC87A6FF31566300A987A5564100AC566300A4FF318AA987A4566300AC87A6ED
:207C3000FF31566300A987A5564100AC566300A4FF3187A6566300A98797560500A956633C
:207C400000A9568787BE562C08AA8000564000D7000692C40006FFFFFFFFFFFFFFFFFFFFE0
:207C5000FFFFFFFFFFFFFFFFFFFFFFFFFFFFFFFFFFFFFFFFFFFFFFFFFFFFFFFFFFFFFFFF34
:207C6000FFFFFFFFFFFFFFFFFFFFFFFFFFFFFFFFFFFFFFFFFFFFFFFFFFFFFFFFFFFFFFFF24
:207C7000FFFFFFFFFFFFFFFFFFFFFFFFFFFFFFFFFFFFFFFFFFFFFFFFFFFFFFFFFFFFFFFF14
:207C8000FFFFFFFFFFFFFFFFFFFFFFFFFFFFFFFFFFFFFFFFFFFFFFFFFFFFFFFFFFFFFFFF04
:207C9000FFFFFFFFFFFFFFFFFFFFFFFFFFFFFFFFFFFFFFFFFFFFFFFFFFFFFFFFFFFFFFFFF4
:207CA000FFFFFFFFFFFFFFFFFFFFFFFFFFFFFFFFFFFFFFFFFFFFFFFFFFFFFFFFFFFFFFFFE4
:207CB000FFFFFFFFFFFFFFFFFFFFFFFFFFFFFFFFFFFFFFFFFFFFFFFFFFFFFFFFFFFFFFFFD4
:207CC000FFFFFFFFFFFFFFFFFFFFFFFFFFFFFFFFFFFFFFFFFFFFFFFFFFFFFFFFFFFFFFFFC4
:207CD000FFFFFFFFFFFFFFFFFFFFFFFFFFFFFFFFFFFFFFFFFFFFFFFFFFFFFFFFFFFFFFFFB4
:207CE000FFFFFFFFFFFFFFFFFFFFFFFFFFFFFFFFFFFFFFFFFFFFFFFFFFFFFFFFFFFFFFFFA4
:207CF000FFFFFFFFFFFFFFFFFFFFFFFFFFFFFFFFFFFFFFFFFFFFFFFFFFFFFFFFFFFFFFFF94
:207D0000FFFFFFFFFFFFFFFFFFFFFFFFFFFFFFFFFFFFFFFFFFFFFFFFFFFFFFFFFFFFFFFF83
:207D1000FFFFFFFFFFFFFFFFFFFFFFFFFFFFFFFFFFFFFFFFFFFFFFFFFFFFFFFFFFFFFFFF73
:207D2000FFFFFFFFFFFFFFFFFFFFFFFFFFFFFFFFFFFFFFFFFFFFFFFFFFFFFFFFFFFFFFFF63
:207D3000FFFFFFFFFFFFFFFFFFFFFFFFFFFFFFFFFFFFFFFFFFFFFFFFFFFFFFFFFFFFFFFF53
:207D4000FFFFFFFFFFFFFFFFFFFFFFFFFFFFFFFFFFFFFFFFFFFFFFFFFFFFFFFFFFFFFFFF43
:207D5000FFFFFFFFFFFFFFFFFFFFFFFFFFFFFFFFFFFFFFFFFFFFFFFFFFFFFFFFFFFFFFFF33
:207D6000FFFFFFFFFFFFFFFFFFFFFFFFFFFFFFFFFFFFFFFFFFFFFFFFFFFFFFFFFFFFFFFF23
:207D7000FFFFFFFFFFFFFFFFFFFFFFFFFFFFFFFFFFFFFFFFFFFFFFFFFFFFFFFFFFFFFFFF13
:207D8000FFFFFFFFFFFFFFFFFFFFFFFFFFFFFFFFFFFFFFFFFFFFFFFFFFFFFFFFFFFFFFFF03
:207D9000FFFFFFFFFFFFFFFFFFFFFFFFFFFFFFFFFFFFFFFFFFFFFFFFFFFFFFFFFFFFFFFFF3
:207DA000FFFFFFFFFFFFFFFFFFFFFFFFFFFFFFFFFFFFFFFFFFFFFFFFFFFFFFFFFFFFFFFFE3
:207DB000FFFFFFFFFFFFFFFFFFFFFFFFFFFFFFFFFFFFFFFFFFFFFFFFFFFFFFFFFFFFFFFFD3
:207DC000FFFFFFFFFFFFFFFFFFFFFFFFFFFFFFFFFFFFFFFFFFFFFFFFFFFFFFFFFFFFFFFFC3
:207DD000FFFFFFFFFFFFFFFFFFFFFFFFFFFFFFFFFFFFFFFFFFFFFFFFFFFFFFFFFFFFFFFFB3
:207DE000FFFFFFFFFFFFFFFFFFFFFFFFFFFFFFFFFFFFFFFFFFFFFFFFFFFFFFFFFFFFFFFFA3
:207DF000FFFFFFFFFFFFFFFFFFFFFFFFFFFFFFFFFFFFFFFFFFFFFFFFFFFFFFFFFFFFFFFF93
:207E0000FFFFFFFFFFFFFFFFFFFFFFFFFFFFFFFFFFFFFFFFFFFFFFFFFFFFFFFFFFFFFFFF82
:207E1000FFFFFFFFFFFFFFFFFFFFFFFFFFFFFFFFFFFFFFFFFFFFFFFFFFFFFFFFFFFFFFFF72
:207E2000FFFFFFFFFFFFFFFFFFFFFFFFFFFFFFFFFFFFFFFFFFFFFFFFFFFFFFFFFFFFFFFF62
:207E3000FFFFFFFFFFFFFFFFFFFFFFFFFFFFFFFFFFFFFFFFFFFFFFFFFFFFFFFFFFFFFFFF52
:207E4000FFFFFFFFFFFFFFFFFFFFFFFFFFFFFFFFFFFFFFFFFFFFFFFFFFFFFFFFFFFFFFFF42
:207E5000FFFFFFFFFFFFFFFFFFFFFFFFFFFFFFFFFFFFFFFFFFFFFFFFFFFFFFFFFFFFFFFF32
:207E6000FFFFFFFFFFFFFFFFFFFFFFFFFFFFFFFFFFFFFFFFFFFFFFFFFFFFFFFFFFFFFFFF22
:207E7000FFFFFFFFFFFFFFFFFFFFFFFFFFFFFFFFFFFFFFFFFFFFFFFFFFFFFFFFFFFFFFFF12
:207E8000FFFFFFFFFFFFFFFFFFFFFFFFFFFFFFFFFFFFFFFFFFFFFFFFFFFFFFFFFFFFFFFF02
:207E9000FFFFFFFFFFFFFFFFFFFFFFFFFFFFFFFFFFFFFFFFFFFFFFFFFFFFFFFFFFFFFFFFF2
:207EA000FFFFFFFFFFFFFFFFFFFFFFFFFFFFFFFFFFFFFFFFFFFFFFFFFFFFFFFFFFFFFFFFE2
:207EB000FFFFFFFFFFFFFFFFFFFFFFFFFFFFFFFFFFFFFFFFFFFFFFFFFFFFFFFFFFFFFFFFD2
:207EC000FFFFFFFFFFFFFFFFFFFFFFFFFFFFFFFFFFFFFFFFFFFFFFFFFFFFFFFFFFFFFFFFC2
:207ED000FFFFFFFFFFFFFFFFFFFFFFFFFFFFFFFFFFFFFFFFFFFFFFFFFFFFFFFFFFFFFFFFB2
:207EE000FFFFFFFFFFFFFFFFFFFFFFFFFFFFFFFFFFFFFFFFFFFFFFFFFFFFFFFFFFFFFFFFA2
:207EF000FFFFFFFFFFFFFFFFFFFFFFFFFFFFFFFFFFFFFFFFFFFFFFFFFFFFFFFFFFFFFFFF92
:207F0000FFFFFFFFFFFFFFFFFFFFFFFFFFFFFFFFFFFFFFFFFFFFFFFFFFFFFFFFFFFFFFFF81
:207F1000FFFFFFFFFFFFFFFFFFFFFFFFFFFFFFFFFFFFFFFFFFFFFFFFFFFFFFFFFFFFFFFF71
:207F2000FFFFFFFFFFFFFFFFFFFFFFFFFFFFFFFFFFFFFFFFFFFFFFFFFFFFFFFFFFFFFFFF61
:207F3000FFFFFFFFFFFFFFFFFFFFFFFFFFFFFFFFFFFFFFFFFFFFFFFFFFFFFFFFFFFFFFFF51
:207F4000FFFFFFFFFFFFFFFFFFFFFFFFFFFFFFFFFFFFFFFFFFFFFFFFFFFFFFFFFFFFFFFF41
:207F5000FFFFFFFFFFFFFFFFFFFFFFFFFFFFFFFFFFFFFFFFFFFFFFFFFFFFFFFFFFFFFFFF31
:207F6000FFFFFFFFFFFFFFFFFFFFFFFFFFFFFFFFFFFFFFFFFFFFFFFFFFFFFFFFFFFFFFFF21
:207F7000FFFFFFFFFFFFFFFFFFFFFFFFFFFFFFFFFFFFFFFFFFFFFFFFFFFFFFFF5C4406ADBA
:207F80000000000000000000000000000000000000000000000000000000000000000000E1
:207F90000000000000000000000000000000000000000000000000000000000000000000D1
:207FA0000000000000000000000000000000000000000000000000000000000000000000C1
:207FB0000000000000000000000000000000000000000000000000000000000000000000B1
:207FC0000000000000000000000000000000000000000000000000000000000000000000A1
:207FD000000000000000000000000000000000000000000000000000000000000000000091
:207FE000000000000000000000000000000000000000000000000000000000000000000081
:207FF000000000000000000000000000007F6D51FFFFFFFFFFFFFFFFFFFFFFFFFFFFFFFF44
:00000001FF
