:02000004003FBB
:20000000761F00102B2F2B302B31491AEF06023C0F0C66031A1A04000006761F00102B2FD3
:200010002B302B310006761F0010451AEF039A016F06441AEF039A026F029A009618761FD3
:20002000021D9B009212761F0010541856B001A897199218761F021D9612920E761F0010A7
:200030005416EC2D56BF011792165203EC0F761F021D920E5203EC0A761F0010CC16FFFBE8
:20004000ED1F2B1B2B1C2B1D6F1B761F0010181BFFF7181BFFEF181BFFFB181CFFFD181CB5
:20005000FFFE181DFFFE181DFFFB181DFBFF181DF7FF181DFFF7181DFFFD6F022B17921621
:20006000761F021D960E0006B2BDFE0876FF76F75CADDC87F6052484761F00109228932D9D
:200070005CADDC87767F076459A9761F0010401AEE09CCA10001CD1BFFDFFF84CAA8961BD2
:200080006F05181BFFDF56BF0D4792A1CD1DFFDFFFC19001FF84CAA8961D922A767F08883D
:20009000761F0010FFC19001CD1DFEFFFF87CAA8961D761F023D9218EC081B1801F46705C2
:2000A000761F00101A1D0100761F00105CAD92299335DC86767F08D059A9761F0010CCA1EF
:2000B0000001CD1BFFBFFF85CAA8961B92A1FFC0CD1CFFF79001FF82CAA8961C92A1FFC1E8
:2000C000CD1DFFEF9001FF83CAA8961D5CAD920A5D35DC85932396419225767F09C559A96F
:2000D000761F0010CCA10001CD1BFF7FFF86CAA8961B92A1FFC0CD1CFFFB9001FF81CAA897
:2000E000961C92A1FFC1CD1DFF7F9001FF86CAA8961D5CAD9335922BDC84767F095C59A96E
:2000F000761F0010CCA10001CD1BFEFFFF87CAA8961B92A1FFC0CD1CFFEF9001FF83CAA801
:20010000961C92A1FFC1CD1DFDFF9001FF88CAA8961D5CAD9335DC839227767F0AFF59A92E
:20011000761F00105CAD93359227DC82767F0C0893A9CBA142A8EE2393A9CBA141A8EE1601
:20012000CAA140A9EE0A761F0010181DEFFF181CFFDF181BFDFF6F1B761F0010181DEFFF18
:20013000181CFFDF1A1B02006F12761F0010181DEFFF1A1C0020181BFDFF6F09761F00107B
:200140001A1D1000181CFFDF181BFDFF5CAD9A06DC87767F0759761F00105430562A0830D5
:20015000401A562A0D309230542F562A082FFE888BBE0006767F017F767F023A767F01E12A
:20016000767F19E3767F1A9A767F1AEA767F1D9E0006761F0010451AEE0E441AEE10767FE5
:2001700002A7767F060C761F0010401AEE08767F07010006767F02C9767F051F0006761F53
:2001800000109214EC14520AEC125204EC105205EC0E5206EC0C5207EC0A1A1E0040441A37
:20019000EF0856BF01111A1D00406F03181EFFBFCC1E0040FFC588A99316EC05761F021DE7
:2001A000550AEC0D0200761F02211E001E021E041E061E081E0A761F021D2B0D761F0010CA
:2001B0009216761F021D960A92A6540CEC27930CED250A0D761F022106021E0006041E02B8
:2001C00006061E0406081E06060A1E08761F00100608761F02211E0A8F000708060A030045
:2001D0000FA4670C761F021D930D53066807761F001056BF01111A1D0040761F021D7E0C4C
:2001E0000006761F00109214520AED0A1A1E0080441AEF0856BF01111A1D20006F03181E28
:2001F000FF7FCC1E0080FFC688A99316EC05761F021D5516EC0D0200761F02201E2E1E300C
:200200001E321E341E361E38761F021D2B15761F00109216761F021D961692A6540FEC2743
:20021000930FED250A15761F022006301E2E06321E3006341E3206361E3406381E36761FFD
:2002200000100608761F02201E388F0007080638032E0FA4670C761F021D9315530668073C
:20023000761F001056BF01111A1D2000761F021D7E0F0006761F0010CC1E0020FFC488A9A1
:20024000441AEF04520056B001119316EC05761F021D5509EC0A0200761F02201E1C1E1E12
:200250001E20761F021D2B05761F00109216761F021D960992A6540BEC1E930BED1C0A0575
:20026000761F0220061E1E1C06201E1E761F00100608761F02201E208F0007080620031C7C
:200270000FA46709761F021D93055303761F001056B70111761F021D7E0B0006761F023ECD
:200280008800761F021D92A65407EC1E9307ED1C0A08761F0220062A1E28062C1E2A761F94
:2002900000100608761F02201E2C8F000258062C03280FA46709761F021D93085303761F8C
:2002A000023E56B70101761F021D7E070006761F0010421EEF0692239316767F030A6F06E1
:2002B000922493235C16767F035D5200EC05761F00101A1A0001761F0010922D93365C163F
:2002C000767F04D55200EC05761F00101A1A00020006761F02162D1D353C761F021D960674
:2002D0008F00880F9A03767F5724761F021D9206761F0220540F562A090F761F0010922D79
:2002E000EC0492165203EC04761F02202B0F761F0010401AEE0492195201ED04761F022099
:2002F0002B0F761F021D9206761F0220540F6612761F02162D1C350A761F001008A9FD80CE
:2003000054246408761F02202B0F761F00101A1A0001000600FF6FD85BA85AA9D1008F007C
:2003100087C69A02767F57249A028F0087B6767F57249A028F0087B9767F5724761F00101C
:20032000401AEE0692195201EC03922DED08761F021F2B06761F021E2B362B3992A35203E3
:20033000ED2192A252466404761F021E2B3652786404761F021E2B39761F021E9236522D0E
:200340006806D101761F00112806012C761F021E9239525056B701A1761F001156B7B4061E
:200350006F09761F021F2B06761F021E2B362B39D10092A100FF70340006B2BDAABD5AA433
:2003600059A99A028F0087C9767F57249A038F0087A4767F57249A038F0087C3767F5724E3
:200370009A038F0087AD767F57249A038F0087E4767F57249A038F0087ED767F57249A03E9
:200380008F0087DE767F5724761F0010401AEE0792195201EC0492A25203EC19761F021FD3
:200390002B09761F021E2B24761F021F2B03761F021E2B2D761F021F2B242B2D2B1E761FE9
:2003A000021D2B132B179A00FFEF012E761F021D921356C10113520156C100F8520256C196
:2003B00000C9520356C0010F761F0010922DED08761F021D9218761F021F96096F07761FD2
:2003C000021F9209761F021D9618761F02162D02350A08A9FD8054A16204761F021F2B0377
:2003D000761F02162D03350A08A9FD8054A16204761F021E2B2D761F02162D04350A08A98D
:2003E000FD8054A16204761F021F2B24761F02162D05350A08A9FD8054A16204761F021FC3
:2003F0002B2D761F02162D06350A08A9FD8054A16204761F021F2B1E761F02169209761F11
:20040000021F54096618FF200258761F00100F0A6612761F021F9203521E680D761F021654
:200410002D07350A761F021D94A108A9FD80541156B40117761F0216920A761F021F54095F
:200420006718FF200258761F00100F0A6612761F021E922D521E680D761F02162D08350A14
:20043000761F021D94A108A9FD80541156B40117761F0216920B761F021F5409670FFF201C
:200440000258761F00100F0A6609761F021F9224523C761F021D56B70117761F0216920CF7
:20045000761F021F5409670FFF200258761F00100F0A6609761F021F922D523C761F021DA6
:2004600056B70117761F0216920D761F021F5409675AFF200258761F00100F0A6654761FB1
:20047000021F921E523C761F021D56B701176F4B761F021E1B2401A4660892A1761F021D8C
:200480005411631179116F0F761F021F2B03761F021E2B2D761F021F2B242B2D2B1E761F4F
:20049000021D0A13761F0010922DED08761F021D9218761F021F96096F26761F021F92091E
:2004A000761F021D96186F1FFF20012C761F00100F0A6619761F021D7911761F021E2B2481
:2004B000761F021D56BF0518761F021F56BF0509761F021D0A136F0792A25203ED040A138F
:2004C0006F022B13761F02162D14353C761F00119606761F0010411AEF039A006F04761F38
:2004D000021D921786BE8BBE0006D00200FF6FDC5AA45BA89641D1009A028F0087E7767F5E
:2004E0005724761F001092195201ED04761F021F2B279241ED04761F021F2B2792A2520390
:2004F000ED0B3B01761F02158F008B0A8535560100A492C46F0A3B01761F02158F008B184A
:200500008535560100A492C454A368129236761F021F54276610761F0010CC1BFFCFED0B9E
:20051000921CED09D101761F021F2B276F04761F021F2B2792A1D00200FF703800069A0383
:200520008F0087D8767F57249A038F0087DB767F57249A038F0087CC767F5724761F0010CB
:2005300092195201ED06761F021F2B182B1B2B0C761F001092165203ED03922DED03181AD1
:20054000FFFE401A56CC00BE761F02162D24350A761F001008A9FD8054246310761F0216BC
:200550009226761F021F541B761F021D56B80110761F021F562A081B6F04761F021F2B1B13
:20056000761F02162D25350A761F001008A9FD8054246310761F02169227761F021F540C03
:20057000761F021D56B80110761F021F562A080C6F04761F021F2B0C761F02162D23353C80
:20058000761F021F5418761F021D56B80110761F0216921E761F021F54186647761F021D86
:200590009210EC39761F001056BF0139761F021C9215761F02169420761F021F5418691D2D
:2005A000D0038F008B0A761F0010929454366707761F021F9218761F021C9615761F021C10
:2005B0009215761F02169421761F021F5418761F001156B901006F39761F00112B07D003F7
:2005C000761F021F2B182B1B2B0C761F0010181AFFFE6F2B761F02165822761F021F9218B0
:2005D000761F021C96156F21D0038F008B0A761F0010929454366704761F021F2B18761FD8
:2005E0000216921F761F021F54186609761F00102B39761F00112B0056BF0107761F021FF4
:2005F0009218761F021C961592A0761F0010543068025830782F8F008B0A929496330006D6
:20060000761F021D2B10761F021F2B182B1B2B0C761F00112B0700069A038F0087CF767F20
:2006100057249A038F0087D5767F57249A038F0087EA767F5724761F001092195201ED06B4
:20062000761F021F2B0F2B152B2A761F001092165203EC03181AFFFE761F021C9216761F85
:200630000010CA2DED03181AFFFE401A56CC00BF761F02162D15350A761F001008A9FD8048
:2006400054246310761F02169217761F021F5415761F021C56B80114761F021F562A081511
:200650006F04761F021F2B15761F02162D16350A761F001008A9FD8054246310761F021687
:200660009218761F021F542A761F021C56B80114761F021F562A082A6F04761F021F2B2AE0
:20067000761F00119206761F021F540F761F021C56B90114761F0216920E761F021F540FD6
:20068000664B761F021C9214EC3D761F001056BF0139761F021C9217761F02169410761FF1
:20069000021F540F691C761F0010922CEC07761F021F920F761F021C9617D000761F021CB1
:2006A00056BF01169217761F02169411761F021F540F761F001156B901006F40761F0011EF
:2006B0002B07761F02165813761F021C2B16761F021F2B0F2B152B2A761F0010181AFFFE93
:2006C0006F2D761F02165813761F021F920F761F021C96176F23761F021658128F008B0AE2
:2006D000761F0010929454366704761F021F2B0F761F0216920F761F021F540F6609761FEF
:2006E00000102B39761F00112B0056BF0107761F021F920F761F021C961792A0761F00100A
:2006F000543068025830782F0006761F021C2B14761F021F2B0F2B152B2A761F00112B0778
:2007000000069A038F0087D2767F5724761F001092195201ED04761F021F2B12761F0010B2
:20071000922DED03181AFFFD411AEF2C761F02159238761F021F54126920761F00109230F4
:20072000761F02155437761F0010562A092F6907761F02159237761F0010962F92135201DE
:20073000EC055202EC035203ED10761F02179216761F0010962F0006761F0010181AFFFD8A
:200740000006761F021F2B120006767F101B767F12A5767F13D5767F140A767F1426767FBA
:2007500015CB761F021592395201ED03767F1497000693A99AFFD0006F05549469029294B7
:20076000D80155A066FB0006B2BDAABD59A986A4761F02202B22761F02159216761F022033
:200770009623761F02159215761F02209624761F02159214761F0220962556BF0D262B278E
:200780008F00880C9A03767F5724761F021C92A154186605541856B801106F022B107918A4
:200790009213ED0856BF01132B1056BF041256BF04119210ED55761F0215560301139C0756
:2007A00054A16646560301139C0754A16606560301129C0754A16637560301129C0754A182
:2007B0006606560301119C0754A16628560301119C0754A16606560301109C0754A166193C
:2007C000560301109C0754A166065603010F9C0754A1660A5603010F9C0754A1761F021C86
:2007D00056B9050F6F18761F021C56BF040F6F13761F021C56BF030F6F0E761F021C56BFE3
:2007E000020F6F09761F021C56BF010F6F04761F021C2B0F9212540F562A060F6F4F52018B
:2007F000ED4D761F02155603010F54A1693D5603010F54A169055603011054A169305603E2
:20080000011054A169055603011154A169235603011154A169055603011254A16916560371
:20081000011254A169055603011354A169095603011354A1691D761F021C2B0F6F19761F8C
:20082000021C56BF010F6F14761F021C56BF020F6F0F761F021C56BF030F6F0A761F021C95
:2008300056BF040F6F05761F021C56BF050F761F021C9212540F562A080F920F9612ED0D9C
:200840000203761F00100F086731761F021C2B11761F02202B0C6F2A5205EC249211540F5C
:200850006614540F670E761F0220920C521E681E761F021C920F9611761F02202B0C6F167D
:20086000761F02202B0C6F12761F0220920C5205680D761F021C920F9611761F02202B0CFF
:200870006F052B11761F02202B0C761F021C58118F008822929496C29211ED039A046F0651
:200880009B00520456B001A892A886BE8BBE0006B2BD59A98F0087E19A03767F5724761FE1
:200890000215560301179C0A54A169055603011854A16814761F021C921FED10761F021FBD
:2008A0009221520467039A006F2A56BF04219A04761F021C56BF011F6F22761F021C921FDD
:2008B0005201ED16761F021F2B21761F0215560301189C0A54A1660A5603011754A16806D3
:2008C0009A00761F021C2B1F6F0A9A046F08761F021F2B21761F021C2B1F9A008BBE00060B
:2008D000D00400FF6FDC82A459A85AA99A038F0087B0767F5724761F001092165203EC1649
:2008E000761F02155603011B96435603011A9642560301199641761F0010451AEF1B761FC5
:2008F00002165603013796416F15761F02155603011E96435603011D96425603011C96414B
:20090000761F0010451AEF06761F021656030137964192A25441674254416728544268260F
:20091000761F021C921E5202EC0D761F021E2B3092A1520169039CFF6F029A01761F021CBB
:200920009621761F021E9230520568092B3092A152016905D981761F021C7921761F021C18
:20093000922196C356BF021E6F21544267035443670C5443671B761F021E2B3056BF0DC3BE
:20094000761F021C2B1E6F12761F021E2B3079C3761F021C56BF011E6F09761F021E2B305F
:200950002BC3761F021C56BF041E761F021C921ED00400FF7038000600FF6FD882A459A85E
:200960005AA99A038F0087A7767F5724761F02155603011F54A2694C5603011F54A2692AD8
:200970005603012054A26626761F021C92205202EC0D761F021E2B2792A1520169039CFF25
:200980006F029A01761F021C9639761F021E9227520568092B2792A152016905D981761F5E
:20099000021C7939761F021C923996C356BF02206F275603012054A269055603012154A284
:2009A000690E5603012154A2691B761F021E2B2756BF0DC3761F021C2B206F12761F021EAB
:2009B0002B2779C3761F021C56BF01206F09761F021E2B272BC3761F021C56BF0420761FC2
:2009C000021C922000FF7034000600FF6FD882A459A55AA9761F0010CD1E0008CC1F0008A6
:2009D000FFD2FFC2CAA8EC0656BF0DC39A00FFEF01259A038F0087B3767F57249A038F007C
:2009E00087AA767F57249A038F0087C0767F5724761F001092195201EC0692175201EC03F3
:2009F000922DED08761F021E2B332B2A761F021F2B00761F02152D22350A08A9FD8054A28C
:200A0000FFE500E4761F021C921A520456C100CA761F02152D24350A08A9FD8054A2626650
:200A10002D22350A08A9FD8054A26560761F021C921A5202EC26761F021E2B2A92A15201FA
:200A20006916761F0010BE050608761F021D03220FA66707761F021C921956B101196F0BCC
:200A300092A1761F021C9CFF96196F05761F021C56BF0119761F00100608761F021D1E2279
:200A4000761F021F2B00761F021E2B33761F02152D23350A08A9FD8054A26511761F021E18
:200A5000922A525A681B2B2A92A1520169039CFF6F029A01761F021C96196F10761F021E17
:200A6000922A522D680B2B2A92A1520169039CFF6F029A01761F021C9619761F021C92191A
:200A700096C356BF021AFFEF00832D26350A08A9FD8054A262492D24350A08A9FD8054A256
:200A80006543761F021E2B332B2A92A1EC33761F02152D25350A08A9FD8054A26426761F74
:200A9000021F920052B46711761F021C921C9EA15201ED07921B5201ED04921C96C36F1FA8
:200AA000791C79C32B1B6F1B2B0092A1520D67049A0194A16F029A0D96C3C5A3761F021C11
:200AB000241C56BF011B6F0B761F021F2B0079C36F06761F021F2B0056BF01C3761F021C3C
:200AC00056BF011A6F34761F021F2B00761F021E2B332B2A56BF0DC3761F021C2B1A6F2787
:200AD000761F021F2B00761F021E2B2A2B332BC3761F02152D26350A08A9FD8054A26517F1
:200AE000761F021C2B1A6F13761F021F2B00761F021E2B2A9233520A670379C36F0856BF3E
:200AF0000A33761F021C56BF041A2BC3761F021C921A5201EC022B1C00FF7034000600FF46
:200B00006FD882A459A85AA99A038F0087BC767F57249A038F008809767F57249A038F002C
:200B10008812767F572428AC00CD761F00103B013028FF4893A99A529EA86405520A6504FE
:200B20009A0A6F029A00761F022B5408650D761F021E923C523C680C761F022B0A08761F88
:200B3000021E2B3C6F059608761F021E2B3C761F0217920F9CC054A2FFE900BA761F021CFA
:200B4000921D520456C100A8761F0217920F9CC054A269459210761F022B9E089CC054A226
:200B5000663E761F02202B12761F021C921D5202EC20761F02202B0992A152016910761FAC
:200B60000010BE050608761F021D03200FA6680B92A1761F021C9CFF96016F05761F021C56
:200B700056BF0101761F00100608761F021D1E20761F02209209523C680B2B0992A152019C
:200B800069039CFF6F029A01761F021C9601761F021C920196C356BF021D6F72761F021796
:200B90009210761F022B9E089CC054A2694A761F02179211761F022B9E089CBB54A2664189
:200BA000761F02202B0992A1EC34761F02179211761F022B9E089CC054A26826761F0220A7
:200BB000921252B46711761F021C92009EA15201ED07920B5201ED04920096C36F1D790067
:200BC00079C32B0B6F192B1292A1520D67049A0194A16F029A0D96C3C5A3761F021C240061
:200BD00056BF010B6F0979C3761F02202B126F042B1256BF01C3761F021C56BF011D6F203E
:200BE000761F02202B092B1256BF0DC3761F021C2B1D6F16761F02202B122B092BC392A21E
:200BF000525A670E761F021C2B1D6F0A761F02202B122B092BC3761F021C56BF041D761FBC
:200C0000021C921D5201EC022B0000FF7034000600FF6FD882A459A85AA99A038F008818B6
:200C1000767F57249A038F008815767F5724761F0010922B52A0671C529667135264670DB8
:200C2000523C68092D2B350528A8028AFFC09FA9FFD16F0F9B7D6F0D9AC89E2B93A96F09FF
:200C30002D2B350528A801A9FFC09FA96F029B0092A89CFB80A956B400A792A89CF688A9DD
:200C400056B400A692A89CF156B400A993A755A2695F55A2693F93A655A2663C761F022049
:200C50002B15761F021C920C5202EC20761F02202B1892A152016910761F0010BE05060824
:200C6000761F021D03240FA6680B92A1761F021C9CFF96096F05761F021C56BF0109761F76
:200C700000100608761F021D1E24761F02209218523C68092B1892A152016905D981761FCA
:200C8000021C7909761F021C920996C356BF020C6F2E93A655A2690354A2690D54A26927BF
:200C9000761F02202B152B1856BF0DC3761F021C2B0C6F1D761F02202B152B1892A156B13B
:200CA00001A179C3761F021C56BF010C6F10761F02202B1892155203670379C36F0856BFDA
:200CB00003152BC3761F021C56BF040C020A761F00100F0A690656BF0DC3761F021C2B0C3E
:200CC000761F021C920C00FF7034000600FF6FD85BA85AA98F0087F69A03767F57249A0318
:200CD0008F0087F9767F5724761F001092165203EC0B761F0214580480A059058F008B1835
:200CE0009394889C6F0A761F0214580480A059058F008B0A9394889C761F0010920FEC3ECC
:200CF00092195201EC3B922FEC39401AEE3592A154A2662158A2761F021C920EED0C58A16D
:200D0000761F0010CC1BFFCFCA1CEC0592A254A0670258A2761F021C920AED2F58A7761F18
:200D10000010CC1BFFCFCA1CEC2892A254A0672558A26F23761F021C920AED0C761F0010D7
:200D2000CC1BFFCFCA1CEC1992A254A0671658A26F1458A26F1258A26F10761F021C2B0A15
:200D30002B0E761F021F2B362B39D000761F001092195201ED0258A255A3ED0C761F0214F7
:200D40009206761F021F5436761F021C56B9010A6F04761F021F2B3692A654A3ED0C761FA7
:200D500002149207761F021F5439761F021C56B9010E6F04761F021F2B39761F00109216E6
:200D60005203EC058F008B1892946F048F008B0A929400FF7034000600FF6FD85BA9D10054
:200D7000D2008F0087F09A03767F57249A038F0087F3767F5724761F0010CC1A01C0761F87
:200D8000021CFFC55402EC0B2B04761F021F2B30761F021C2B03761F021F2B33761F00104A
:200D900092165201EC74520356C000E3CC1A01C0FFC55202EC64CC1A01C0ED34761F021C10
:200DA0009203ED16761F022C9210761F021C9605761F0216592ED23C761F021C920452010A
:200DB00056B10103761F021F2B33FFEF00C2520156C000BF761F021F9233520556B7053315
:200DC0006704761F021C2B04761F022C920B761F021C9605761F0216592E8D800258FFEF8F
:200DD00000A8CC1A01C0FFC55201EC1ECC1A01C0FFC55203EC10CC1A01C0FFC5520456C000
:200DE0000098761F02165930761F021C56BF0104FFEF008F761F0216592F761F021C56BFDE
:200DF0000104FFEF0086761F022C921E761F021C9605761F0216592DD23C6F7A761F0216D2
:200E0000592C761F021C56BF01046F72CC1A01C0FFC55202EC66CC1A01C0ED33761F021C14
:200E10009203ED17761F022C921E761F021C9605761F0216592AD23C761F021C920452018E
:200E2000ED0456BF01032B04761F021F2B336F505201ED4E761F021F9233520556B7053301
:200E30006704761F021C2B04761F022C9219761F021C9605761F0216592A8D8002586F385B
:200E4000CC1A01C0FFC55201EC21CC1A01C0FFC55203EC14CC1A01C0FFC55205ED293B01F3
:200E5000761F02168F008B188535560100A459C4761F021C56BF01046F1B761F0216592B49
:200E6000761F021C56BF01046F13761F022C921E761F021C9605761F02165929D23C6F08AE
:200E7000761F02165928761F021C56BF0104761F0010CC1A01C0761F021CFFC59602761F77
:200E80000010922DEC1892195201EC15922FEC13761F021C9204EC09761F00109232ED0329
:200E900079326F1C59326F1A59059205761F001096326F14761F021C2B04761F021F2B3020
:200EA000761F021C2B03761F021F2B33D100761F001093195301ED0259A393A3761F021CF3
:200EB0005505ED0A93A2761F021F5530761F021C56B901046F04761F021F2B3092A100FFE4
:200EC0007034000600FF6FD85BA85AA98F0088039A03767F57249A038F008806767F5724CB
:200ED0009A038F0087FC767F57249A038F008800767F5724761F001092165201EC1C5202C3
:200EE000EC1A5203ED3B8F008B0AD003761F021C929496389B0558A89294963BD003929441
:200EF000963A56BF3C3356BF1E3656BF1E3556BF0F376F248F008B18D003761F021C9294F1
:200F000096389B0158A89294963BD0069294963AD10D761F021D929C9602761F021492030C
:200F1000EC039A3C6F029A1E761F021C963356BF0F3656BF0F3556BF0F37761F021C9234D0
:200F2000761F00105416EC0A761F021C2B082B0D2B062B07761F021D2B01761F00109216FE
:200F3000761F021C9634761F0010922D56C100CF9219520156C100CB92165203EC4152017D
:200F4000ED6C761F021C9208EC2D920DEC209206EC159207ED0C9A0D54A2690358A26F0288
:200F5000D00D761F021D56BF04016F26761F02165835761F021D2B016F1F92A054A2690206
:200F600058A2761F021D56BF03016F1692A854A2690358A26F0258A8761F021D56BF020152
:200F70006F0B9A0354A2690358A26F02D003761F021D56BF01018F008B1892946F2E761F55
:200F8000021C9208EC1D920DEC109206ED0A92A054A2690258A2761F021D56BF03016F1A83
:200F9000761F021D2B016F1692A854A2690358A26F0258A8761F021D56BF02016F0B9A03F2
:200FA00054A2690358A26F02D003761F021D56BF01018F008B0A9294761F021D93015301E0
:200FB000ED0F93A3761F021C5538ED0A9333761F02205503761F021C56B901086F04761F10
:200FC00002202B03761F021D93015302ED0F93A3761F021C553BED0A9336761F02205506DD
:200FD000761F021C56B9010D6F04761F02202B06761F021D93015303ED0F93A3761F021C53
:200FE000553AED0A9335761F021F553C761F021C56B901066F04761F021F2B3C761F021D4F
:200FF00093015304ED0F93A35502ED0C761F021C9337761F02205500761F021C56B9010721
:201000006F18761F02202B006F14761F021C2B082B0D2B062B07761F021D2B01761F0220CC
:201010002B032B06761F021F2B3C761F02202B0000FF703400069A038F008769767F57242D
:201020009A038F008766767F57249A048F00876F767F57249A038F00876C767F57249A0368
:201030008F008772767F5724761F001092165201EC0D5202EC0B5203ED10D0038F008B0A7B
:20104000761F021D929496146F08D0038F008B18761F021D92949614761F0010441AEE38E3
:20105000761F021D9203761F00105416EC1492165203EC0B761F021D92035203EC06761F0F
:201060000010CC16FFFBED07761F0010920C761F021D962C761F00109216761F021D96033D
:20107000761F00104A1AEE0C761F021C923D5201ED07761F0010920C761F021D962C761F46
:201080000010CC1A0400761F021CFFC9963D761F021D9204EC05761F00104A1AEF05761F3B
:20109000021D56BFAF2C761F021D922C52AF6705761F00102B2F6F0356BFAF2C761F00104C
:2010A0009211ED2492105201EC21921DED1F761F022B9201EC1B761F0010922FED143B01C0
:2010B000761F02148F008B188508761F0010560100A492C4543668032B2C6F0B56BF012CB8
:2010C0002B2F6F0756BF012C6F04761F00102B2C922CED0C2B0F401AEF2E9210ED2C921DBD
:2010D000761F021D56B1AF296F26761F021D9204ED139229520A67075200EC1D761F001009
:2010E000441AEF19761F021D56BF0104761F001056BF010F6F10761F00104A1AEE0A761FDD
:2010F000021D922952AF761F001056B7010F6F0356BF010F761F0010920FEC15761F021DB1
:201100009226520567075200EC14761F0010441AEF10761F001056BF012D761F021D56BF4D
:2011100005266F07761F021D2B26761F00102B2D761F0010922D5201EC08761F021D922902
:2011200052AF56B7AF296F04761F021D2B29761F0010922DED0456BF14342B339218520141
:20113000EC165202EC0C922F9334767F0CC69633767F1BEB761F001096336F11922F9334C8
:20114000767F0EC2761F001096336F09401AEE079234767F0D6C761F001096339233EC043E
:20115000520A56B80A33761F021D922F5264FFE800BF761F021C0A3C761F021D2B2F761F6B
:2011600000109234543368635433FFE900B1761F021D9214761F001054346612761F02147D
:201170009A64930C00FF6F44761F021C543C6618761F00100B34761F021C2B3C6F11761F3C
:2011800002149A64930B00FF6F44761F021C543C6607761F00100B34761F021C2B3C761FA8
:20119000001092165203ED1AD00092A0520D667F8F008B0A761F001092945434660B9294D7
:2011A0005434EC06D80192A0520D69F36F7078356F6E92A09CFF96356F6AD00092A0520DB4
:2011B00066668F008B18761F001092945434660B92945434EC06D80192A0520D69F36F5731
:2011C00078356F5592A09CFF96356F51761F021D9214761F001054346612761F02149A649E
:2011D000930A00FF6F44761F021C543C6618761F00100A34761F021C2B3C6F11761F0214C7
:2011E0009A64930900FF6F44761F021C543C6607761F00100A34761F021C2B3C761F001051
:2011F00092165203ED13D00092A0520D66208F008B0A761F0010929454346706D80192A00C
:20120000520D69F66F1478356F12D00092A0520D660E8F008B18761F001092945434670698
:20121000D80192A0520D69F66F027835761F00109233ED103B01761F02148F008B188508CA
:20122000761F0010560100A492C4543668032B2D2B359213EC04923556B101350006761FD7
:20123000001092165203EC18CC1A01C0ED06761F02172D09350A0006CC1A01C0FFC552010C
:20124000ED06761F02172D09350A0006761F02172D08350A0006CC1A01C0ED06761F021702
:201250002D0B350A0006CC1A01C0FFC55201ED06761F02172D0B350A0006761F02172D0A40
:20126000350A0006767F122F1BA9025868081BA9032067039A0200069A0300069A0100062E
:20127000761F0010923B5204620A5204EC1B5201EC285202EC215203EC1A6F055205EC0DE6
:201280005206EC06761F02172D01350A0006761F02172D06350A0006761F02172D05350A9E
:201290000006761F02172D04350A0006761F02172D03350A0006761F02172D02350A0006CF
:2012A000761F02172D01350A00069A038F008792767F5724761F022B9201EC15761F00105D
:2012B000401AEE0E920FED07021E0F0C66102B3A2B396F0D56BF013A56BF01396F0892395C
:2012C000963A6F05761F00102B3A2B3992165203ED155203ED26922352F064039A046F0A80
:2012D000526464039A056F06520063039A076F029A06761F021C963F6F141B2301CC6403E6
:2012E0009A006F0C1B23012C64039A016F07922352C864039A026F029A03761F021C963F8E
:2012F000761F001092385203ED41922F5201660C28AC0005761F021C8F3F761D303F5601B3
:2013000000A492C46F585202660C28AC0005761F021C8F3F761E303F560100A492C46F4BDE
:201310005203660C28AC0005761F021C8F3F761F303F560100A492C46F3E5204660C28ACFE
:201320000005761F021C8F3F7620303F560100A492C46F3128AC0005761F021C8F3F762140
:20133000303F560100A492C46F26922F5202660C28AC0003761F021C8F3F76A0303F56018D
:2013400000A492C46F185204660C28AC0003761F021C8F3F76A1303F560100A492C46F0B9B
:2013500028AC0003761F021C8F3F76A2303F560100A492C4761F0010963BCD1E0002CC1E00
:201360000008FFD0FFC2CAA856B0033B923A5201ED5B92385203EC22451AEF06767F1262CE
:20137000761F0010963B2B3C761F021C923E761F0010543B690F761F021E9212523C56B75D
:201380003C126747761F021C923E761F0010963B6F40761F021E2B126F3C451AEE17CD1EBD
:201390000002CC1E0008FFD0FFC2CAA8ED07767F1270761F0010963C6F0E761F02172D0508
:2013A000350A761F0010963C6F06767F122F761F0010963C761F021C9227761F0010543CB4
:2013B000690F761F021E9212523C56B73C126711761F021C9227761F0010963C6F0A761FFA
:2013C000021E2B126F062B3C2B3B761F021E2B12761F0010923B761F021C963E761F0010DE
:2013D000923C761F021C96270006761F0010931ACC1A04009101FFC9CAA8ED0A92169B0077
:2013E000761F0011520356B101A897006F05761F001192009601761F022B9201EC17761F7B
:2013F0000010441AEE0E02960F0C6904920F5201ED11922DED0F761F0011920096010006D1
:20140000761F0011920096010006761F00112B012B000006FE02761F022BCC0A2FF6761FA2
:20141000022BCA19ED0C761F00109214761F0011CA08ED059A01767F59736F075CADDC81C6
:20142000767F15FB767F51AEFE8200069A038F008795767F5724761F0010451AEE10920FD2
:20143000ED0B922852A0680552AA695E2B3F6F5C56BF013F6F5956BF013F6F569216520161
:20144000EC225203ED3ECC1A01C0FFC55201EC14CC1A01C0FFC55202ED089A00761F021645
:20145000933EEC2F9A016F2D9A00CD1A01C0FFD5EC289A016F269A00761F0216933FEC21D9
:201460009A016F1FCC1A01C0FFC55201EC14CC1A01C0FFC55202ED089A00761F0216933CBB
:20147000EC109A016F0E9A00CD1A01C0FFD5EC099A016F079A00761F0216933D56B001A965
:201480005201EC0C761F021E9315537856B77815761F0010562A073F6F07761F021E2B1569
:20149000761F0010963F401EEF022B3F00069A028F00878C767F57249A028F00878F767F1F
:2014A00057249A028F00879E767F5724761F00109216EC04761F021E2B1E5203ED09761FD6
:2014B0000010920F5201761F021C56B10122761F001092165203EC04761F021C2B22761F14
:2014C000021C9222ED04761F021E2B0C761F021C9228ED060200761F021D19011E1E761F5C
:2014D000021C9228ED240203761F00100F08661F761F02152D3A350A761F001008A9FD80A8
:2014E00054236510761F02152D3B350A761F001008A9FD80542465069216761F021C56B195
:2014F0000126761F021C56BF01286F21761F021E1B1E0168691C761F02152D3A350A761F71
:20150000001008A9FD8054236512761F02152D3B350A761F001008A9FD8054246508761FFF
:20151000021C56BF0126761F021E2B1E761F021E920C52086630761F001092165203ED2B66
:20152000761F021C9230ED08761F00109214EC04761F021C0A23761F021C922352036822DF
:20153000761F02152D3A350A761F001008A9FD8054236518761F02152D3B350A761F00108A
:2015400008A9FD805424650E761F021C2B2356BF01296F08761F021E56BF080C761F021C2A
:201550002B23761F00109214761F021C96309229520156B101269226EC0C761F0215923C03
:20156000761F021E540F6708761F021C2B266F04761F021E2B0F761F021C92265201ED0BC8
:2015700092295201EC08761F0010920FEC04761F021C2B26761F02152D3D350A761F001025
:2015800008A9FD8054236307761F021C92295201EC022B26761F0010921EEC06461EEE049F
:20159000761F021C2B26761F021C92295201ED0A9226ED082B29761F00100608761F021D17
:2015A0001E1E761F0010BEB40608761F021D031E0FA6660D061E761F00100F086708761FE9
:2015B000021C9223761F001056B00111761F021C9226761F00119602761F0010CD1DBFFF95
:2015C000761F021C92299001FF8DCAA8761F0010961D00060006761F0010451AEF2ACC1AA7
:2015D00001C0FFC55201ED0492165201EC17CC1A01C0FFC55201ED0F92165203ED0C761FEF
:2015E00002169B00923A761F0010520156B101A89737000656BF01370006761F02169B0055
:2015F0009239761F0010520156B101A89737000656BF013700069A00761F0011460856CD90
:2016000000E7400856CD00E0450856CD00DA410856CD00D3420856CD00CC480856CD00C59E
:20161000430856CD00BE470856CD00B7761F022B401956CD00AE441956CD00A7491956CDCD
:2016200000A0461956CD00864719EE7F4819EE7A4319EE744A19EE6E4219EE684119EE6294
:201630004519EE5C761F022B440AEE55490AEE50450AEE4B480AEE464C0AEE41470AEE3B01
:201640004A0AEE36410AEE314B0AEE2C430AEF06761F001092165201EC22761F022B430A3A
:20165000EF06761F001092165203EC16761F001092145204EC0D5205EC0B5206EC09520753
:20166000EC039A0000069A2056BF01C400069A2356BF01C400069A172BC400069A162BC45F
:2016700000069A152BC400069A142BC400069A132BC400069A1256BF01C400069A112BC445
:2016800000069A102BC400069A0F2BC400069A0E2BC400069A0D2BC400069A0C56BF01C44E
:2016900000069A0B56BF01C400069A0A56BF01C400069A0956BF01C400069A0856BF01C42C
:2016A00000069A072BC400069A0656BF01C40006761F001093145309EC0F5310EC0D5308B4
:2016B000EC095301EC055313ED089A226F069A216F049A056F029A0456BF01C400069A03FB
:2016C00056BF01C400069A0256BF01C400069A0156BF01C400069A1F56BF01C400069A1EE2
:2016D00056BF01C400069A1856BF01C400069A1D56BF01C400069A1C56BF01C400069A1BA6
:2016E0002BC400069A1A56BF01C400069A1956BF01C40006761F022B401956CD00AA441989
:2016F00056CD00A5491956CD00A09319761F0010921DFFD5FFC5CEA840A956CD0081761FBD
:20170000022B9319761F0010FFD6921DFFCCCEA840A9EE73761F022B4819EF039A07000680
:201710004319EF039A0800064A19EF039A0900064219EF039A0A00064119EF039A0B0006D7
:201720004519EF0E761F0010CC1A1000CD1A0800FFCBFFDACA11CBA9EC039A0C0006761FA2
:20173000022B440AEF039A0D0006490AEF039A0E0006450AEF039A0F0006480AEF039A10AE
:2017400000064C0AEF039A110006470AEF039A1200064A0AEF039A130006410AEF039A14B1
:2017500000064B0AEF039A150006430AEF08761F001092165201EC1F5202EC1D761F022B69
:20176000430AEF06761F001092165203EC12761F001092145204EC055205EC035206ED0367
:201770009A1800065207ED039A1900069A0000069A1700069A1600069A06000692145209EB
:20178000EC035210ED039A0400065208ED039A0500065201ED039A1A00065213ED039A1B6E
:2017900000069A0500069A0300069A0200069A0100069A0193C41BA814A0623F1BA814A027
:2017A00056C101771BA81468621F1BA8146856C100FF1BA81421620F1BA8142156C1009C71
:2017B0005300EC661BA8140EEC741BA8141756C100826F5B1BA8145356C100C11BA8145EA7
:2017C00056C100D56F521BA81483620E1BA8148356C101111BA8147156C100EB1BA8147A74
:2017D00056C100F86F421BA8148C56C101151BA8149756C1012D6F391BA814D9621E1BA85B
:2017E00014D956C1019C1BA814BC620E1BA814BC56C101621BA814AA56C1013C1BA814B3D9
:2017F00056C101496F221BA814C556C101661BA814CF56C101736F191BA814F6620E1BA814
:2018000014F656C101B61BA814E256C101891BA814EB56C101966F091BA8150056C101BFFF
:201810001BA8151A56C101CC9A032BC400060200761F021D1E1A761F022B4019EF0E56BF35
:2018200001C5761F021D1A1A00019A0028C4140E5200ED039A010006761F022B4419EF0E52
:2018300056BF02C5761F021D1A1A00029A0028C414175200ED039A010006761F022B49191A
:20184000EF0E56BF03C5761F021D1A1A00049A0028C414215200ED039A010006761F022B62
:201850009319761F0010FFD5921DFFC5CEA840A9EF2992145209EC035210ED039A046F1604
:201860005208ED039A056F125201ED07441AEF039A1A6F0C9A056F0A5213ED07441AEF0377
:201870009A1B6F049A056F029A0596C5761F021D1A1A00089A0028C414535200ED039A016C
:201880000006761F022B9319761F0010FFD6921DFFCCCEA840A9EF0E56BF06C5761F021DF0
:201890001A1A00109A0028C4145E5200ED039A010006761F022B4819EF0E56BF07C5761F83
:2018A000021D1A1A00209A0028C414685200ED039A010006761F022B4319EF0E56BF08C5D3
:2018B000761F021D1A1A00409A0028C414715200ED039A010006761F022B4A19EF0E56BFCB
:2018C00009C5761F021D1A1A00809A0028C4147A5200ED039A010006761F022B4219EF0EC1
:2018D00056BF0AC5761F021D1A1A01009A0028C414835200ED039A010006761F022B41190F
:2018E000EF0E56BF0BC5761F021D1A1A02009A0028C4148C5200ED039A010006761F022B51
:2018F0004519EF19761F0010CC1A1000CD1A0800FFCBFFDACA11CBA9EC0E56BF0CC5761F81
:20190000021D1A1A04009A0028C414975200ED039A010006761F022B440AEF0E56BF0DC568
:20191000761F021D1A1A08009A0028C414A05200ED039A010006761F022B490AEF0E56BF83
:201920000EC5761F021D1A1A10009A0028C414AA5200ED039A010006761F022B450AEF0EA7
:2019300056BF0FC5761F021D1A1A20009A0028C414B35200ED039A010006761F022B480A62
:20194000EF0E56BF10C5761F021D1A1A40009A0028C414BC5200ED039A010006761F022B7D
:201950004C0AEF0E56BF11C5761F021D1A1A80009A0028C414C55200ED039A010006761FFA
:20196000022B470AEF0E56BF12C5761F021D1A1B00019A0028C414CF5200ED039A010006CA
:20197000761F022B4A0AEF0E56BF13C5761F021D1A1B00029A0028C414D95200ED039A011C
:201980000006761F022B410AEF0E56BF14C5761F021D1A1B00049A0028C414E25200ED039E
:201990009A010006761F022B4B0AEF0E56BF15C5761F021D1A1B00089A0028C414EB5200CB
:2019A000ED039A010006761F022B430AEF15761F001092165201EC035202ED0E56BF16C5B5
:2019B000761F021D1A1B00109A0028C414F65200ED039A010006761F022B430AEF13761F05
:2019C000001092165203ED0E56BF17C5761F021D1A1B00209A0028C415005200ED039A018D
:2019D0000006761F021D061C0F1AEC04061CEC022BC5061A1E1C9A0028C4151A520056C08B
:2019E000FE389A0100069A038F0087A1767F5724761F001092165203ED5B520356C000AB4C
:2019F000761F00114108EE04761F021E2B21761F0010931ACC1A00029101FFC0CAA856C0E2
:201A0000009A761F00114108EE24761F0010411EEE1B431EEE14421EEE0D761F0011420870
:201A100056CC0089761F0010922F520656B6062F0006922F520656B6062F0006922F52058E
:201A200056B6052F0006922F520456B6042F0006761F0010922152C86216761F021E1B2129
:201A30000708680A1B21087068032B210006761F00102B2F0006761F0010922F520556B6D6
:201A4000052F0006922F520356B6032F0006761F00114108EE04761F021E2B21761F00106B
:201A5000411AEE48761F00114108EE23761F0010421EEE1A411EEE13431EEE0C761F001177
:201A60004208EF38761F0010922F520656B6062F0006922F520556B6052F0006922F520679
:201A700056B6062F0006922F520556B6052F0006761F0010922152FA6216761F021E1B21A4
:201A80000708680A1B21087068032B210006761F00102B2F0006761F0010922F520356B688
:201A9000032F0006922F520556B6052F761F021E2B210006D400761F0010411EEF02DC01F9
:201AA000431EEF02DC01421EEF02DC01761F00114108EF0BDC01761F00101B21FED46504E7
:201AB0001B2103206402DC01761F00114208EF0BDC01761F00101B22FED465041B22032030
:201AC0006402DC0192A452026721761F00119308CC0800409101FFC5CAA8CD080020FFD4CC
:201AD000CBA9ED0F761F00109214ED089B00CC1EFBF156B001A89710000656BF011000064D
:201AE000761F001056BF01100006761F001056BF011000069A038F008798767F5724761FF4
:201AF000001092155202EC04761F021E2B18761F021E9218527856B77818761F001140082F
:201B0000EE524108EE4B4208EE44761F0010CC16FFFBEC3C761F021C92245203ED08761F96
:201B1000001092165201EC2F5202EC2D761F001092165203ED08761F021C92245201EC1EC5
:201B20005202EC1C761F001092155202ED06761F021E92185278682B761F0010922DCA2E9E
:201B3000EC0A431CEF24922FED22921DCA1E56B104156F1D56BF03156F1A761F001056BFAA
:201B400002156F1556BF02156F1256BF01156F0F761F001056BF07156F0A761F001056BF8B
:201B500006156F05761F001056BF0515761F0010922D5201ED022B159216761F021C962417
:201B600000069A038F00877B767F5724761F0010921E761F022B9619761F022B921DEC0797
:201B7000761F022B9219761F021C962F761F021C9225761F022BCA19EC0E761F021C9225FD
:201B8000ED07761F022B9219761F021C962F56BF01256F04761F021D2B3B761F021D923B23
:201B90005278680B761F021C92255201ED062B25761F021D56BF783B761F021C92255201BF
:201BA000ED05922F761F022B981900069A038F008780767F5724761F0010921D761F022B40
:201BB000960A761F022B921DEC07761F022B920A761F021C9631761F021C9232761F022B00
:201BC000CA0AEC0E761F021C9232ED07761F022B920A761F021C963156BF01326F04761FA4
:201BD000021E2B00761F021E92005278680B761F021C92325201ED062B32761F021E56BF42
:201BE0007800761F021C92325201ED059231761F022B980A0006B2BDAABD59A9D2008F004B
:201BF00087789A04767F57249A048F008789767F57249A028F008775767F57249A028F0059
:201C0000879B767F57249A038F008783767F5724761F00109223761F021C542A650B761FFC
:201C1000021D1B3803206909761F021C2B2D962A6F04761F021D2B38761F021C542A630CB8
:201C2000761F021E1B090320761F021C56B6012D562A062A6F04761F021E2B09761F021CFC
:201C3000932DED231BA9011863039A006F121BA9011864041BA90136640B1BA90136640454
:201C40001BA9015464039A036F049A026F029A01761F021D9600761F021C922B761F021DDE
:201C50005400562A06006F245301ED221BA9010E63039A006F121BA9010E64041BA9012C24
:201C6000640B1BA9012C64041BA9014A64039A036F049A026F029A01761F021D9600761F8F
:201C7000021C922B761F021D5400562A0800761F021D9200761F021C962B761F00109220D8
:201C80009CFB54216412761F021E921B5214681156BF131B761F00101B250352630A1B2458
:201C9000022656B401A26F05D200761F021E2B1BFF200384761F00100F0A670892A25201C4
:201CA000ED05761F021C1A2C0001761F001092209C0A54216205761F021C182C00FE761FD5
:201CB000001092195201EC0792175201EC0492165201EC0B761F021C182C00FE761F00109B
:201CC0002B13761F021D2B35761F021D9200ED16761F001092135201EC09761F021C922C66
:201CD000761F001056B001136F46761F021C922CED42761F00102B136F3E5201EC28520295
:201CE000EC11761F001092135204ED05431AEE332B136F31431AEF039A046F029A00961358
:201CF0006F2A761F001092135203EC09761F021C922C761F001056B003136F1D761F021C36
:201D0000922CED19761F00102B136F15761F001092135202EC09761F021C922C761F0010EF
:201D100056B002136F08761F021C922CED04761F00102B13761F00109213EC4B5201EC2DEF
:201D20005202EC155203ED11761F021D9235520A6905761F021792146F04761F022C921981
:201D300054A1693892A16F3692A16F34761F021D9235520A6605761F022C92196F0A5214C0
:201D40006605761F021792146F04761F0217921554A1692092A16F1E761F021D9235520AE7
:201D500069115214690B521E6605761F021792156F0C761F021792186F08761F0217921451
:201D60006F04761F022C921954A1690492A16F0292A1761F001093209DF1552165119313D1
:201D70005301EC055302EC035303ED0A761F021E930353B4680856BFB4039A006F04761F4D
:201D8000021E2B03761F0010932DEC039313ED04761F021D2B35761F0010931A910180A8EA
:201D9000CD1A0002FFD0CBA788A8CD1A2000FFDCCBA6EC0292A186BE8BBE00069A038F00A6
:201DA0008786767F5724761F00109216ED12761F021C922EEC0E761F00109211EC0A401E51
:201DB000EE08761F022B56BF031D761F021E2B06761F00109216761F021C962E761F022BBA
:201DC000921DEC3C761F021E920652036805761F022B2B1D0006761F00102B11181DFFBF39
:201DD000761F022B180AFFBF761F0010181DDFFF761F022B180ADFFF761F00102B1D761F55
:201DE000022B2B0A761F0010181EFFBF761F022B1819FFBF761F0010181EFFDF761F022BBC
:201DF0001819FFDF761F00102B1E761F022B2B19767F4869761F00102B1400068F0082C06F
:201E0000761F0202A810D00092A052E6670D8F3F739092948A1096CC020256010010D8018C
:201E100092A052E668F58F0080D0A824D40092A4521567189A013B018F7F76B894A485A9D7
:201E2000560100A585C58F7F7390560100A50EC583241EC5020256010024DC0192A45215F9
:201E300068EA0006761F02019232EC1196302B327622761F01A11A180004761F01A21A184F
:201E40000004761F01A31A180004761AFF690006767F27CC767F2021767F27C70006D00832
:201E500000FF6FDC1EA7925D8B602D59A3585B55C4548E529645065C1E4806A70FA16634C6
:201E60003AA90FA1662106A60FA1691092A35BA59EA30EA91E4206A603A01E44B2A903A037
:201E7000767F694F94A35AA96F2692AC565D00A69EA30EA91E42B2A9A94403A6767F694F49
:201E800094A35AA96F1892A55BA43AAB9EA30EA9565D00A71E42B2A9A94403A7767F694F15
:201E900094A35AA96F080EA41E42C344B2A9767F694F5AA906480FA166039A006F0A92450C
:201EA0000EA91E4206481E44064803A1767F694F93A295A992A8D00800FF70380006761FF5
:201EB00002212D2CBE00761F020F33010EAB761F02020F30761F020156B901A6CD0DFFFE48
:201EC00092A69001CAA8960D9239CD0DDFFF9001FF8CCAA8960D0006FE10761F0203062E8E
:201ED00029011E428F0003E8062C761F020E1E448F4003E856030E17FF5A761F0207020084
:201EE000F61F561700A4061C3F45761F020A1E48920C761F020796490626761F020A1E4CBD
:201EF000920D761F0208964D0624761F020E1E5056030E1FFF5A0200F61F561700A45CAB66
:201F000056030E1B761F0203FF5A0200F61F561700A506305DAB767F1E4F761F0201963124
:201F1000FE900006761F0201CD360030CC390002FFD3FFC0761F020ACAA8931D9101CBA9F1
:201F2000ED14761F020FBE000E0B761F02030F0056B701A6761F020192A6CD0DFFFB900191
:201F3000FF81CAA8960D0006761F0201180C7FFF761F020A2B000006761F02060624ED082E
:201F4000761F0208061A761F02061E346F13761F020A0E06761F02061EAC56440030761FD6
:201F5000020707201E20761F0206FF1F00010EA81E34761F020A2B1E181DFFFD0006FE041C
:201F6000761F02060624EC25761F0208061A761F0207032A1E420634761F02061E4406243C
:201F7000767F694F1EA6ED02BE01761F0208061A761F0207032A761F0206FF3FFF5A020072
:201F8000F61F561700A6A9300630ED0302011E30FE840006761F0207060AED08761F0208FF
:201F9000061A761F02061E340006761F020A0E06761F02061EAC56440030761F02070F2069
:201FA000680302006F05C420564100A606A61E20FF1F00010EA8761F02061E340006761FD6
:201FB000020C0E0B761F02061E24761F020C0E0D761F02071E0A761F020602641EAC5665FF
:201FC0000024A924761F02075665000AA90ABE00761F02060624761F02080F1056B001A60A
:201FD000761F020192A6CD37FFF79001FF82CAA89637761F0207BE00060A761F02080F12AA
:201FE00056B001A6761F020192A6CD37FFEF9001FF83CAA89637761F02060624761F0208BA
:201FF0001E10761F0207060A761F02081E120006FE04761F0207060AEC23062A761F020892
:20200000031A761F02071E4206341E44060A767F694F1EA6ED02BE01761F0207062A761F77
:202010000208031A761F0206FF3FFF5A0200F61F561700A6A9300630ED0302011E30FE8459
:202020000006767F2028767F2196767F220F0006761F020BCC31000F88A99231FFA3900FA2
:20203000761F02019001CD0CFBFFFF89CAA8960C92A65202EC061836F7FF1838FEFF0006E3
:202040001A3800C01838FEFF1836F7FF0006FF2003E8761F02030F0E761F020156B501244E
:2020500092245201ED1B761F02129207761F0201541366079C32541367111A3D080000069F
:20206000183DF7FF761F022E920B5208ED07767F5A91761F020156BF07300006761F020AFA
:20207000CC1B6000FFCC520156C000C0761F0201CD390040CC390004FFD5FFC1CAA856C012
:20208000008B761F020ACC1C00035202EC745203EC2F767F214D761F020A921C900356C0AA
:2020900000A5CC1B6000FFCC520156C0009F761F0201183DFFFE18367FFF767F276E761F9C
:2020A000020302001E06761F020A181B9FFFCC1B0060FFC4520356C00089CC1B9FFF1AA93D
:2020B0004000961B761F0201180DFFBF0006761F0201400DEE314139EE2C767F214D761F0E
:2020C000020A921C9003ED71CC1B6000FFCC5201ED6C761F0201183DFFFE18367FFF767FEC
:2020D000276E761F020302001E06761F020A181B9FFFCC1B0060FFC45203ED57CC1B9FFF01
:2020E0001AA94000961B761F0201180DFFBF0006767F1EAF0006180DFFFE761F020ACC1C38
:2020F000FFFC5002961C761F02011A368000767F22880006921C90035202ED37767F2231C3
:20210000761F020ACC1B1800FFCA5202ED2E767F25310006767F214D761F020A921C900351
:20211000ED24CC1B6000FFCC5201ED1F761F0201183DFFFE18367FFF767F276E761F020353
:2021200002001E06761F020A181B9FFFCC1B0060FFC45203ED0ACC1B9FFF1AA94000961B78
:20213000761F0201180DFFBF0006761F020ACC1B6000FFCC5201ED11761F0201183DFFFE20
:2021400018367FFF767F276E761F020302001E06761F020A181B9FFF0006761F020ACC1C68
:2021500000035201EC275202EC045203EC180006767F22A2761F020ACC1B1800FFCAED1C38
:20216000921C90035202ED180200761F02031E021E00761F020A181CFFFC0006761F02017D
:20217000180DFF7F180DFFFE761F020A181CFFFC0006181CFFFC0006761F02021801FFFED0
:20218000761F02011839FFFD18367FFF1839DFFF1839FFBF1839FFDF1835FEFF761F020A36
:20219000181DFFFE181DFFFD2B1E0006761F0201CD39FFBF761F0202CC010004FFC1761F62
:2021A0000201FF85CAA89639761F02021801FFFB761F0201CD39FFDF761F0202CC010010B9
:2021B000FFC3761F0201FF84CAA89639761F02021801FFEF761F0201403DEE0A1839DFFF15
:2021C000761F02021801FFF718037FFF0006761F0202FFCCCD0100089001FFD2761F020184
:2021D000CBA99101CC39DFFFFF9CCBA99739761F02021801FFF70006761F0201CC380100DC
:2021E000CD36FDFFFFC7FF88CAA896360006761F020ACC1B6000FFCC5201EC045202EC1DFC
:2021F0000006767F214D921C9003ED19CC1B6000FFCC5201ED14761F0201183DFFFE183681
:202200007FFF767F276E761F020302001E06761F020A181B9FFF0006181B9FFF0006761F12
:202210000201CD392000CC390040FFDCFFC5CAA8CD390020FFD4CBA9EC14403DEE10761FB2
:2022200002021801FFFE761F02011839FFFD18367FFF1839DFFF1839FFBF00061839FFFD42
:202230000006BEF5761F02030606FF560FA663080606761F0208FF5609011E246F060606ED
:20224000761F0208FF561E24761F0201923690035203EC034936EE3C490CEE35761F020356
:202250000628761F02071E1C761F020A280C4000761F0207061C761F02080F246920761FA3
:20226000020E0E238F0003E8761F02031EAC566500280200761F0207F61F561700A4A926C7
:20227000761F020E02002D21761F020A370CF61F561700A43F0D767F1ECC6F05761F020118
:20228000283140001B3140006803283140000006761F020ACC1B1800FFCA5202EC0ACC1B75
:20229000E7FF1AA91000961B767F24FD767F26A0761F020ACC1B1800FFCA5202ED03767F51
:2022A00025160006761F020ACC1B1800FFCA5202ED15767F263A761F020A921B9007ED0EE9
:2022B000CC1B1800FFCA5202ED09761F0201180EFFFC761F020A181BE7FF0006761F020AE2
:2022C000CC1B0600FFC8520156C101075202EC72520356C00174761F0208061A761F0206EA
:2022D0000F346707761F02014237EE034437EF5F761F0208061A761F02060F34683E761F98
:2022E0000208061A761F02060F34661A0200761F02081E201E1E761F020ACC1BF9FF1AA9F6
:2022F0000400961B761F0208061A761F02061E3402001E30761F02011A0E00030006761FBD
:20230000020ACC1BF9FF1AA90200961B761F02060634761F02071E2A767F1F5F761F02078E
:20231000062AFF3F1E20767F1F3C761F0201CC0EFFFC5001960E0006761F020A1A1B06006D
:20232000761F0201CC0EFFFC5002960E761F02060634761F02071E2A767F1FF8761F0207D3
:20233000062AFF3F1E20767F1F8A0006767F1F8A0006CC1B0600FFC8520256C00100761FE5
:202340000208061A761F02060F3456C100F8761F0208061A761F02060F346858761F020866
:20235000061A761F02060F3466280200761F02081E20761F020A181BF9FFCC1C000CFFC180
:20236000520156C000DC0200761F02081E201E1E761F020ACC1BF9FF1AA90400961B761F70
:202370000208061A761F02061E3402001E30761F02011A0E000300060200761F02081E203C
:20238000761F020A181BF9FFCC1C000CFFC1520156C000B5CC1BF9FF1AA90200961B761FB5
:2023900002060634761F02071E2A767F1F5F761F0207062AFF3F1E20767F1F3C761F020160
:2023A000CC0EFFFC5001960E00060200761F02081E20761F020A181BF9FFCC1C000CFFC1EE
:2023B000520156C0008C1A1B0600761F0201CC0EFFFC5002960E761F02060634761F020705
:2023C0001E2A767F1FF8761F0207062AFF3F1E20767F1F8A0006CC1B0600FFC85201ED6E59
:2023D000761F0208061A761F02060F346907761F02014237EE034337EF5F761F0208061A55
:2023E000761F02060F34683E761F0208061A761F02060F34661A0200761F02081E201E1E1D
:2023F000761F020ACC1BF9FF1AA90400961B761F0208061A761F02061E3402001E30761F42
:2024000002011A0E00030006761F020ACC1BF9FF1AA90200961B761F02060634761F02071D
:202410001E2A767F1F5F761F0207062AFF3F1E20767F1F3C761F0201CC0EFFFC5001960EF5
:202420000006761F020A1A1B0600761F0201CC0EFFFC5002960E761F02060634761F0207E2
:202430001E2A767F1FF8761F0207062AFF3F1E20767F1F8A0006767F1F3C0006761F02015C
:20244000CC0A0008CD0AFFFBFFC2FF81CAA8960A9A0193305301EC065302EC04530356B035
:2024500000A99001CD0AFFF7FF82CAA8960A930AFFC2FFD1CEA840A9EE08761F02082B3055
:20246000761F02092B246F07761F02080A30761F02090A241B24EA6069032824EA60761F30
:20247000020892305204640C761F02091B24EA60EC07761F02082B30761F02092B240006AF
:20248000FE02761F02279236EC55761F02099235EC0354366641761F0201453DEE0A18398B
:20249000FEFF761F0208061C761F02031E006F050200761F02031E00060E761F0205031CB9
:2024A000FF560F1E6410761F02282B01761F022756BF0124761F02282B01761F02011A0D99
:2024B00000026F39C51E28AC001F3B01761F020306A7562207A7FF401EA6060E761F020530
:2024C000031CFF560FA663039A016F029A02761F022896016F0A0A36761F02011A390100CA
:2024D0000200761F02031E00761F0201180DFFFD6F120200761F02031E00761F0201180D81
:2024E000FFFD761F0203060E761F02051E1C761F02272B24761F0201880DCD39000292A6E2
:2024F000FFD0FFC0FF5F9001CBA99101CCA6FFFDFF90CBA9970DFE820006761F0201CD3613
:20250000FFF3761F020E923D9003761F0201FF81CAA89636CD36FFCF761F020F92099003C7
:20251000FF83CAA8761F020196360006761F020A921B90075203EC0DCC1BFFF85003961B38
:20252000761F0201CC0EFFFC5001960E180DFFFD761F020A921B90075203ED03767F266271
:202530000006761F0201CC360030FFC35201ED284139EE26767F5A91767F214D921C90037F
:2025400056C000F9CC1B6000FFCC520156C000F3767F2135CC1B6000FFCC56C000ECCC1BB8
:202550000060FFC4520356C000E6CC1B9FFF1AA94000961B761F0201180DFFBF0006CC363B
:202560000030FFC3ED31420DEF2F180DFFFB767F214D921C900356C000CECC1B6000FFCC25
:20257000520156C000C8761F0201183DFFFE18367FFF767F276E761F020302001E06761F85
:20258000020A181B9FFFCC1B0060FFC4520356C000B2CC1B9FFF1AA94000961B761F020166
:20259000180DFFBF0006761F020F0E11761F02060F346905761F020A401DEF41761F020169
:2025A000CD360030CC390002FFD3FFC0CAA8ED28761F020F9213EC24761F020A411DEE2061
:2025B000761F0201400BEE1C761F020A1A1D0001761F020F0E11761F02060F346811761F92
:2025C000020A0A1E761F020F2D13350A761F020A541E66061A1D0002181DFFFE2B1E761FDA
:2025D000020A401DEF0C761F020F9213ED08761F020A1A1D0002181DFFFE2B1E767F1F12CC
:2025E000767F26A0761F020ACC1B00075202EC3F5203ED50921B90075203ED4C761F020116
:2025F000410DEE0B761F020ACC1C00C0FFC55202ED41767F24800006761F020ACC1C00C00D
:20260000FFC55202ED0C761F02092B36761F02011839FEFF761F020A181CFF3F761F020117
:20261000180DFFFD761F020A181BFFF8CC1B1800FFCA5202ED1F767F26A7761F020A921B86
:2026200090075202ED17767F26DB0006767F2789767F1FAF761F02060634761F02031E00B8
:20263000761F020ACC1C000CFFC15201ED03767F22BE0006761F020ACC1B00075202EC1C2C
:202640005203ED20CC1C00C0FFC55202ED0C761F02092B36761F02011839FEFF761F020AD7
:20265000181CFF3F761F0201180DFFFD761F020A181BFFF80006767F2767761F020A181B17
:20266000FFF80006761F0201CC36000CFFC15201EC1ECC36000CFFC1ED1A761F020ACC1C3C
:2026700000C0FFC55202EC13761F02092B362B350200761F02081E1C761F020ACC1CFF3F70
:202680005080961C767F2687767F24800006761F020F2D03350A761F02050EA91E1E761F3E
:20269000020F2D29761F020935649635761F02212D2C761F020F3601761F02081E1C0006F2
:2026A000761F020306001E0206021E060006761F020A921B90075202EC2E0200761F020636
:2026B0001E30761F02071E201E2A761F020A2B06761F02061E24761F02071E0A761F020882
:2026C0001E1A761F02071E34761F02061E34761F02071E1E761F020ACC1BFFF85002961B87
:2026D000767F2789767F1FAF761F02030600761F02061E340006761F0201483656CD00882C
:2026E000761F020ACC1C000CFFC15201EC0BCC1CFFF35004961C56BF01060200761F0206A0
:2026F0001E30761F020ACC1C000CFFC15201ED6F761F0208061A761F02060F34684A761F92
:202700000208061A761F02060F346621761F020ACC1B0600FFC85202EC5A0200761F020898
:202710001E201E1E761F020ACC1BF9FF1AA90400961B761F0208061A761F02061E34020087
:202720001E30761F02011A0E00030006761F020ACC1B0600FFC85201EC3ACC1BF9FF1AA912
:202730000200961B761F02060634761F02071E2A767F1F5F761F0207062AFF3F1E20767F67
:202740001F3C761F0201CC0EFFFC5001960E0006761F020ACC1B0600FFC85203EC181A1BD3
:202750000600761F0201CC0EFFFC5002960E761F02060634761F02071E2A767F1FF8761FA2
:202760000207062AFF3F1E20767F1F8A0006761F020A181BF9FF181CFFF300060200761F71
:2027700002031E02761F0201180EF7FF180AF7FF180AEFFF761F02021801FFFE761F020101
:202780001839FFFD18367FFF1839DFFF1839FFBF0006761F0201483DEE1A4139EE11761FA9
:20279000020A401DEE060200761F02081E186F15761F020F0E11761F02081E186F0E761FC5
:2027A00002020630761F02081E186F07761F02060634761F02081E180618BE000F14761F54
:2027B000020156B001A692A6CD37FFFB9001FF81CAA89637761F020806181E1406181E1A8E
:2027C000761F02030622761F02071E340006761F020206301E360006761F0201180EFFF368
:2027D0001839FFFE0006761F02019232ED1A761F02129205761F0201541366134F36EF0FF7
:2027E000920E90035201ED039A046F0A920E90035202ED039A056F049A066F029A0596324B
:2027F0000006761F0201430AEE179230520AED2C761F02090A101B1027106941761F020144
:202800004F39EE06761F020928104E206F38761F02092B106F270201761F02075601003CAA
:20281000761F02089230520464098F030D40761F0207A8A90F3C68086F22FF201770761F2F
:2028200002070F3C671C761F02014F39EE078F0493E0761F0207A83C6F120200761F020703
:202830001E3C761F02019232ED0A761F0203060E761F02021E0C761F02012B30761F0201DF
:2028400018397FFF0006761F02019232ED04453956BD0F320006761F0201433DEE05767F7E
:202850002854767F27D30006761F02019232ED14761F01BF4C00EF0C761F0201403DEE0CEF
:2028600092215201ED092B2156BF13320006761F020156BF0A320006761F020A4F1CEE4483
:202870001A1C80004D1CEE200200761F02041E08761F02051E26761F02041E06761F02051D
:202880001E24761F020A1A1C2000761F02022B01761F02012B3B2B392B362B3D2B0E2B0C9F
:202890002B0D2B0B2B37761F020A4D1C56CC015A4C1CEE0A761F02082B3002001E18761FAA
:2028A000020A1A1C10004C1C56CC014CCC1B0060FFC45202EC05CC1BFF9F5040961B1A1CA4
:2028B0004000FFEF013F4D1CEF160201761F02035601000E060E761F02281E32761F02036D
:2028C000400EEE03767F2047767F284B767F1E32767F1E48761F020A4C1C56CC0123761F71
:2028D00002019239CD36BFFF9001FF8DCAA89636767F2843767F21DC761F020ACC1B0060C4
:2028E000FFC4520156C100C7520256C100A7520356C00108CC1B0060FFC4520356C00102E6
:2028F000761F02014B3DEE211A0D0800767F21E7CC1B6000FFCC56C000F5CC1B0060FFC446
:20290000520356C000EF761F0201183D7FFF761F020A181BFF9F4C1C56CC00E4CC1BFF9F8D
:202910005040961BFFEF00DE9230ED511A3D8000761F020ACC1B6000FFCC5201EC44520239
:2029200056C000D0761F0201413956CC00CB4D3956CD00C8CD390004CC390040FFD1FFC55E
:20293000CAA856C000BFCD390020CC350100FFD4FFC7CAA856C000B6761F020ACC1B9FFF1B
:202940001AA92000961B761F02011A3D00011A0D0040761F020A921C9003520356C100A29C
:202950000200761F02051E141E16761F020A1A1C0003761F020118367FFF761F02031E026B
:20296000FFEF0090767F206EFFEF008C767F243E761F020118397FFF767F21E7CC1B6000DA
:20297000FFCCED7FCC1B0060FFC45203ED7A761F0201183D7FFF761F020A181BFF9F4C1C05
:20298000EF70CC1BFF9F5020961B767F27F11A3D0008180DFFBF6F65761F02014B3DEF619F
:20299000767F217C1A1B0060761F02011A3D8000761F020ACC1B6000FFCC5202EC52CC1B65
:2029A0009FFF1AA94000961B761F0201180DFFBF6F48CC1B0060FFC45201ED437622761FD9
:2029B00001A11A180004761F01A21A180004761F01A31A180004761A761F02019230ED2358
:2029C000FF69767F217C761F0201183DFFF7180EEFFF761F020A1A1B0060761F02011A3DE1
:2029D0008000761F020ACC1B6000FFCC5202EC19CC1B9FFF1AA94000961B761F0201180D65
:2029E000FFBF6F0F4B3DEE0A1A0D0800761F020ACC1BFF9F5040961B6F04FF69767F27F19D
:2029F000FF6900068F0493E0761F0202A8A90736761F02031E14A8A907061E18A8A9070272
:202A00001E16761F02019216761F020B961B761F02019223761F020B961D761F0201921310
:202A1000761F020B962F0006761F020A4029EE061A2900011A2900020006767F29F2000696
:202A20008F3FE000761F0234A802761F02348F007FFFA81828AAFFFF28AB8001A91A28AA22
:202A30007FFF28ABFFFF761F0234A91C02001E1E28AA800028AB0001A92019011E22761F8B
:202A4000022756BF492A56BF562956BF452C761F022828151F4028250190761F022F56BF97
:202A5000E71C761F022856BFA31F761F000D28163FFF2817C001761F022756BF4D1356BF67
:202A6000451256BF471528AA3FFF28ABFFFF761F000FA92C28AAC00028AB0001761F000F2A
:202A7000A92A761F000F28074000761F000F2809C000761F000F28113FFF761F000F2813D1
:202A8000C001761F022756BF540E56BF441156BF5210761F000F2B12761F02332B04761FF0
:202A900002332B11761F023328294000761F022756BF4D0356BF450256BF4504761F000CDC
:202AA00028151838761F000C28140A92761F0228282204E2761F000C2B24761F000C2B1A4B
:202AB000761F02332B3D761F0233282BC000761F02272B1A0006FE04FFEF0390761F000CCA
:202AC000181AFFEF181AFFF3761F000C1A2401001A240004761F02272B09923B761F022119
:202AD0009637761F0227923D761F02219636767F5DBE767F5DE0761F000C9203761F0233C6
:202AE0009602761F02280628761F000F1E1C761F022902001E3E761F02272B252B28761F5F
:202AF0000229063E761F000C1E32761F000C0E03761F0221F60F1F2C761F02279627761F9C
:202B0000000C3B0156030F0F761F000C1E3A761F000C56030F0E761F000C1E3C761F02282C
:202B100056BF03060632761F02291E16761F02282B05761F02272B142B0B2B0D761F022941
:202B200002001E061E101E0C761F02282B212B1B761F02272B162B18761F02281E30761FE2
:202B300002272B012B002B1F2B3CFFEF03200632761F02298F0001F403160FA46915761FE8
:202B400002279209ED1156BF0109920A761F02219637761F0227923E761F02219636767F6C
:202B50005DBE767F5DE0761F02278837761F02280632761F022903160FA66906761F0228E8
:202B6000920556B10105761F022806328F0001F4761F022903160FA4690D761F02279214D0
:202B7000ED0956BF0114761F02280632761F02291E14761F022806328F003A98761F022924
:202B800003160FA46906761F0227920B56B1010B761F022806328F0002BC761F022903166F
:202B90000FA46906761F0227920D56B1010D761F000C1A1A0020761F0229063E761F000CF7
:202BA0001E32761F000F0626761F0228FF569718761F02279214520156C0008A761F023410
:202BB0000614761F0234030A761F02340308761F02291E12761F02280E1D1E442B422B4128
:202BC0000E1F761F02291EAC560500125663001200FF700528AC001C562CA9083B01060825
:202BD000FF3D0306FF4D560100060606FF4D1E10761F02281B1B80006711761F000F0626B4
:202BE000761F000C0332FF56761F0229FF4F5601000C761F02280A1B6F14761F02292901E8
:202BF000060C761F0228FF4E9621761F022756BF0118761F022902001E0C761F02282B1B13
:202C00000632761F02298F00271003140FA46909761F02279216ED059218520156B1011647
:202C1000761F022792165201ED2228A93333761F000F28A813330F266312761F02281B2146
:202C20001800761F020156B608320232761F02290F10761F020156B208326F09761F02287A
:202C30001B210999761F020156B60832761F022792195201ED36921AED34920D5201ED310C
:202C40009200961F9227FFC79600921F5400EC290A013B01761F000C851E761F022856015D
:202C50000030761F02271B010100ED1B761F02280630761F0227562F073C56BF020D761F1D
:202C6000022802001E30761F02272B012B002B1F56BF011A9222543C761F020156B4103223
:202C7000761F02279227FFC796268F0000808F4000800E26FF30560100A40E26FF305601D5
:202C800000A5761F02343B01061603C5FF43560100C4761F0227C62896329AC0942890FF2E
:202C900096355603013296319A809431962F8F0000800E32FF30560100A4761F022806C460
:202CA0001E26761F02278F0000800E35FF30560100A4761F022906C41E24761F02270E31CD
:202CB000761F02348A02FF30560100A4761F022806C41E36761F02270E2F761F02348A0254
:202CC000FF30560100A4761F022806C41E2A8736761F02295605002456630024761F022861
:202CD000A9A483A9872A560500265663002628AC001E565700A4564000A5562CA93A8736BA
:202CE0005605002656630026A9A483A9872A761F0229560500245663002428AC001E761FA7
:202CF0000228565D00A4565400A5562CA938761F02270A28761F0228063A761F0229032CB3
:202D0000FF4D5601002C761F02280638761F02290322FF4D56010022062C0318FF4D56014D
:202D1000001806220326FF4D5601002687265605002656630026A9A483A9871856050018D9
:202D20005663001828AC0020565700A4761F022A564000A5562CA9000600767F7C02761F48
:202D30000227961C761F0228920B960D9219541868049213960D6F18541867149220541852
:202D400068119E1988A9931892129E139F192DA837A90200F61F561700A692AB9413960DF4
:202D50006F039212960D8736761F02295605002656630026761F0228A9A483A9872A761F4F
:202D60000229560500185663001828AC001E761F0228565D00A4565400A5562CA92E3B01F8
:202D7000761F02290618FF4F88A90626FF4F93A992A6767F7C1B761F02281E2C2901062C07
:202D8000761F0227FF4E962E761F0228920A5202ED218F00FFFF0200BEC8A8AC566500344F
:202D9000761F02278F002710F61F561700A60E05761F02281EAC566500AB0200F61F5617F1
:202DA00000A43F039203761F0227942E96259427962D3B01761F000F2504761F0228033CD8
:202DB000FF4D5601003C063CFF4F960285A9FF569608BE64290156030E09FF5A0200F61FAF
:202DC000561700A63F0C920C540868069208761F022796306F0E1B084000620828A94000B4
:202DD0009E08761F022796306F04761F02272B30761F0228920A5202ED30761F02279217FA
:202DE000761F022854186808761F02279230761F022896006F235418671E921C5418681B43
:202DF0003B01761F02278530761F02281EA6921C9E180EA91EAC921C566500A6761F0227DF
:202E00009E17761F022888A90200F61F561700A63F006F042B006F022B00761F0227922DED
:202E1000767F5A48761F02283B012D00761F022912A9FF4E1E2A761F0228020A1E420E0D8D
:202E2000761F02291EAC5644002A00FF6EF2761F02279621761F0228920A5202ED16761F29
:202E3000022792245201ED11761F022892055201ED0C761F000C1A260001761F022792215D
:202E4000761F000F960B6F12761F000C1826FFFE761F000F2B0B6F0A761F0228920656C10F
:202E5000FC6F520356C1FCE56F01FE840006FE02761F0227922B56C101AD2B332B2BFFEFD0
:202E600001A9761F000C1A251000761F000C1A1A0010761F022756BF0133FFEF01AF761F99
:202E70000228920F5201ED46761F000C1A1A0001761F000C1A240002761F000C1A1A000461
:202E80001A1A0008761F022756BF0136761F02280E1D1E420E0EFF3D00FF6EF2761F000C4A
:202E90009621761F000C2B1E761F000F0626761F02291E1CC41C3B0128AC0012761F0233EB
:202EA00006A6FF4C562207A6881FFF4D761F02291EAC564400A65601001A061A761F000C07
:202EB0009703761F0229061C761F000C1E32FFEF016592235201ED25761F000C1A1A000151
:202EC000761F000C1A240002761F000C1A1A00041A1A0008761F000C2B03761F02272B360E
:202ED000761F02280E1D1E420E24FF3D00FF6EF2761F000C9621761F000C2B1EFFEF013E5C
:202EE000761F000C1A240002761F000C1A1A00041A1A0008761F000C2B1E761F000C2B2105
:202EF000761F000C2B05761F000C2B06761F022902001E3C1E3E761F02332B00761F0229F2
:202F00001E3A761F000C2B03761F02272B36761F000C1E32761F000C4C25EF091825FFDF55
:202F1000761F02332B24761F02332B1C761F02280632761F02291E16761F022756BF023384
:202F2000FFEF00FC761F000C2B1E761F000C2803D555761F02289211761F000C54216514D6
:202F300008210004761F02272B230200761F02291E00761F02281E3E761F02291E04761FD6
:202F400002272B206F6D9621761F02288F0001F40632761F022903160FA46962761F0227DA
:202F50009220ED5E922352FF665B0A233B01761F022E8511FF56761F022985A9560100003F
:202F6000761F022E8509FF56761F022885A95601003E761F022E850AFF56761F022985A990
:202F700056010004761F02271B230100ED3956BF0120761F02290600761F0228562F071468
:202F8000063E562F0717761F02290604761F0228562F071692145264761F020156B40932E6
:202F90006412761F022892175264761F020156B409326409761F022892165264761F02018E
:202FA00056B409320200761F02291E00761F02281E3E761F02291E04761F02272B23761F4E
:202FB000022806328F000640761F022903160FA46964761F022756BF0333761F0228063271
:202FC000761F02291E166F59761F02289211761F000C9621761F000C2B1E761F000C2803C5
:202FD000C000761F02288F0003200632761F022903160FA46942761F022756BF0533761FA1
:202FE000000C2B21761F000C2B1E761F02280632761F02291E166F31761F0228BE0506324A
:202FF000761F022903160FA6761F022756B605336F2456BF01362B3356BF012B8F3F2ABB00
:20300000761F0229A80E6F192B3356BF012B6F1592335203620D5203ECB8520056C1FE5353
:20301000520156C1FE5E520256C1FF0E6FEE5204ECD45205ECDF6FE9FE820006761F02292F
:20302000C50E3E670006FE0296416F2D8F3F2E57761F0229A80E761F02272B08761F000C44
:203030001825EFFF761F022756BF012B6F218F3F3079761F0229A80E761F000C1825FFDF1D
:20304000761F022756BF012B2B36761F000C2B25761F000C2B24761F000C2B1A761F02288A
:203050002B066F065200ECE45201ECD16F01FE8200068F3F3079761F0229A80E761F0227E7
:203060002B08761F02332B1C761F000C2B25761F000C2B24761F000C2B1A0200761F022983
:203070001E3C1E3E761F02332B00761F02291E3A0006761F02272B330200761F02291E2C4F
:203080001E221E181E26761F02282B021E3C761F02272B362B24761F02282B01761F022719
:203090002B39761F02291E200006767F7B26761F02279213524DED0992125245ED06921555
:2030A0005247ED03767F7A58761F02279203524DED1292025245ED0F92045245ED0C920EE2
:2030B0005254ED0992115244ED0692105252ED03767F7708761F0227922A5249ED099229C8
:2030C0005256ED06922C5245ED03767F63F40006B2BDFE0476FF77015CADDC83F602248458
:2030D0009A038F008AB2767F5724761F0010451AEE4A441AEE40922093215C2D5D2E767FD1
:2030E00031CE59A9761F0010792E4D1AEE0D92135204ED1492A152026605520056B001A139
:2030F0006F0DD9826F0B761F02175913761F022B56BF011A761F022A2B32761F00101B2362
:2031000001A463081B2301906209761F022A2B176F05761F022A56BF0117761F022A921796
:20311000EC1C92A1761F0217541767175200EC1559176F13D10D761F02169235761F001091
:20312000962E6F0B56BF0D2F56BF0D2ED10D921EEC042B2F2B2ED100761F0010CD1A001012
:20313000CC1A0002FFD3FFC0CAA8ED135CAD9223932D5D35DC83767F33D988A9761F00104E
:203140004D1AEF0A934356B00D4356B000A66F0456BF0D43BE00CDA60001CC1BFFEFFF93C6
:20315000CBA9971B92A6FFC1CD1DFFF79001FF82CAA8961D5CAD9335DC829222767F3539E4
:2031600088A9761F022B931AEC0D761F022A9332533C670856BF0D42BE00530056B000A116
:203170006F08761F022A56BF3C32761F022B2B1A761F0010CDA60001CC1BFFF7FF92CBA982
:20318000971B93A6FFD0CC1CFFFD9101FF90CBA9971C92A6FFC1CD1DFFFB9001FF81CAA8EA
:20319000961DFFC19001CD1DFBFFFF89CAA8961D5CAD9335DC819224767F360A88A9761FAB
:2031A00000104D1AEF06934156B00D4156B000A6CDA60001CC1BFFFBFF91CBA9971B93A68B
:2031B000CC1CFFFEFFD09101CBA9971C92A6FFC1CD1DFFFD9001FF80CAA8961D5CAD9A03D9
:2031C000DC83767F0759761F0010963092A1543069025930792FFE848BBE0006D00C00FFD1
:2031D0006FDC59A57C4C5AA85BA976FF76D95CADDC8BF60A24849A038F008AAC767F57241A
:2031E0009A038F008AAF767F57249A028F008ABB767F5724761F001092195201EC049217DE
:2031F0005201ED06761F022A2B2C2B2F2B3B92A29EA3761F022A540B6205540B56B4011B20
:203200006F022B1B960B934CED062B1B2B182B2C2B2F2B3B931BED4E1BA9FFFB64451BA9D0
:20321000FFFB64035200643D520064035205643652056403520A642F520A6403520F642843
:20322000520F640352146421521464035219641A52196403521E6413521E64035223640CB0
:203230005223640352286405522856B30A196F1D56BF09196F1A56BF08196F1756BF0719DC
:203240006F1456BF06196F1156BF05196F0E56BF04196F0B56BF03196F0856BF02196F058F
:2032500056BF01196F022B1992185419562A06196F525301ED505223634852236303521E07
:203260006341521E63035219633A521963035214633352146303520F632C520F6303520A20
:203270006325520A63035205631E5205630352006317520063041BA9FFFB630F1BA9FFFBEC
:2032800063041BA9FFF663061BA9FFF663202B196F1E56BF01196F1B56BF02196F1856BF13
:2032900003196F1556BF04196F1256BF05196F0F56BF06196F0C56BF07196F0956BF081988
:2032A0006F0656BF09196F0356BF0A1992185419562A0819924CED1458195CADDC8B599453
:2032B000761F0010920F5201761F022A56B1010A920A5201ED4192A156B101A16F3D2B0AB8
:2032C00092195418ED1F922C52B4681C2B2C9219520A6609520568072B3B92A1520D672C65
:2032D000D9016F2A5201EC05520056B100A16F2492A152016902D981923B523C56B700A146
:2032E0006F1B92195418EC182B3B2B2C5418660E5418671292189E1954A1670692A19E18FB
:2032F000941959A96F09D1016F0794A19E1859A9520D56B60DA192199618761F00109612A3
:2033000092A1ED09924C5201ED06761F022A922F52B4680A761F022A922F52B468069219C5
:2033100056B100A16F02D101922F52B456B7B42F92A1D00C00FF70380006B2BD59A98F003F
:203320008AB59A04767F5724761F022A923552326706CC0700C0FFC5FFEF00AB2B35490727
:20333000EE1692069C0254A1650992A1540664032B096F2179062B096F1E0A0992095228C0
:20334000641A2B0979061A0702006F1592A19C025406650992A1540662032B096F0C7906DC
:203350002B096F090A099209522864052B0979061807FDFF4907EE1492A152C8650C9A00A8
:2033600093A153D856B401A9CD07FFFC9003CAA896076F15CC07FFFC500296076F1092A1D6
:2033700052DF64039A006F0652D064039A016F029A02CD07FFFC9003CAA896070A08930748
:20338000FFC19103900354A8EC099207CD07FFF39003FF81CAA896072B080A139208523C5C
:20339000640B56BF3C082B139207CD07FFCF9003FF83CAA896079213526464199207CD0773
:2033A00000309003FFD39C0155A96209CC0700309307FFC391039C0154A863092B139207A3
:2033B000CD07FFCF9003FF83CAA896070A12CC0700C0CD070030FFC5FFD355A9630D1B1253
:2033C00004B06413CC070030CD07FF3FFFC3FF85CAA896076F0ACC070030CD07FF3FFFC308
:2033D000FF85CAA896072B12CC0700C0FFC58BBE0006D00C00FF6FDC82A4974C9CF659A9A4
:2033E000761F00109228767F331D5AA99A038F008AB8767F572492A2EC395201EC1D52023F
:2033F000ED4C761F0217921D964B921E964A921F964992209648761F0214922B9647922C93
:203400009646922D9645922E9644922F9643923096422B416F32761F02179219964B921A75
:20341000964A921B9649921C9648761F0214922B9647922C9646922D9645922E9644922FD0
:203420009643923096422B416F18761F02149227964B9228964A92299649922A9648922B56
:203430009647922C9646922D9645922E9644922F9643923096422B4192A1761F022A540FDA
:203440006205540F56B4010E6F022B0E790F924CED042B0E56BF0A14920EED5B92A164504D
:2034500052006403527864495278640352B4644252B4640352F0643B52F064041BA1012C6E
:2034600064331BA1012C64041BA1017C642A1BA1017C64041BA101AE64211BA101AE640439
:203470001BA101D664181BA101D664041BA101FE640F1BA101FE64041BA1021C64061BA1E1
:20348000021C64202B1A6F1E56BF011A6F1B56BF021A6F1856BF031A6F1556BF041A6F12DC
:2034900056BF051A6F0F56BF061A6F0C56BF071A6F0956BF081A6F0656BF091A6F0356BFA1
:2034A0000A1A9214541A562A081A921A96146F5E5201ED5C1BA1021263521BA101F46404D5
:2034B0001BA1021264491BA101CC64041BA101F464401BA101A464041BA101CC64371BA190
:2034C000017264041BA101A4642E1BA1012264041BA10172642592A152E664041BA101226D
:2034D000641C52AA640352E66415526E640352AA640E1BA1FFEC6403526E64061BA1FFECD4
:2034E00056B40A1A6F1D56BF091A6F1A56BF081A6F1756BF071A6F1456BF061A6F1156BF11
:2034F000051A6F0E56BF041A6F0B56BF031A6F0856BF021A6F0556BF011A6F022B1A921499
:20350000541A562A061A921A9614581A5CADDC8B929496C3761F0010CD1E0002CC1F000267
:20351000FFD0FFC0CAA8EC0856BF0DC3761F022A2B389A006F1B92C3ED10761F022A92389D
:203520005205680556BF05389A046F109A01761F0010933597C36F0A9B00922E54C356B6FF
:2035300001A892A8761F022A2B38D00C00FF7038000600FF6FD882A45AA859A99A038F004F
:203540008AA6767F57249A038F008AA3767F5724761F00114108EF09761F022A2B2656BFF4
:203550000DC39A00FFEF00B5761F001092195201EC0692175201EC03922DED05761F022A5C
:203560002B262B23761F02152D2A350A08A9FD8054A1FFE2008E761F022A92105204EC79BA
:20357000350A08A9FD8054A16253761F02152D28350A08A9FD8054A1654B761F022A9210AE
:203580005202EC092B2392A2520169039CFF6F029A01960C2B26761F02152D29350A08A915
:20359000FD8054A162152D28350A08A9FD8054A1650F761F022A9223523C68232B2392A2F6
:2035A000520169039CFF6F029A01960C6F1A2D2A350A08A9FD8054A162142D29350A08A905
:2035B000FD8054A1650E761F022A9223521E68092B2392A2520169039CFF6F029A01960C35
:2035C000761F022A920C96C356BF02106F3E761F02152D28350A08A9FD8054A162122D2734
:2035D000350A08A9FD8054A1650C761F022A2B262B2392A256B101A27AC356BF01106F25D3
:2035E000761F022A2B262B2356BF0DC32B106F1D2B232B262BC3761F02152D27350A08A942
:2035F000FD8054A16312761F022A2B106F0E761F022A2B239226520A67037AC36F0656BF07
:203600000A262BC356BF0410761F022A921000FF7034000600FF6FD882A45AA959A8761F52
:203610000010CD1E0004CC1F0004FFD1FFC1CAA8EC0656BF0DC39A00FFEF00FC9A038F0023
:203620008AA9767F57249A038F008A9D767F57249A038F008AA0767F5724761F001092190E
:203630005201EC0692175201EC03922DED06761F022A2B292B1D2B20761F02152D2B350AAD
:2036400008A9FD8054A2FFE500C1761F022A920D520456C100AB761F02152D2D350A08A933
:20365000FD8054A262522D2B350A08A9FD8054A2654C761F022A920D5202EC092B1D92A1A3
:20366000520169039CFF6F029A01961C2B202B29761F02152D2C350A08A9FD8054A26215B4
:203670002D2B350A08A9FD8054A2650F761F022A921D521E68232B1D92A1520169039CFFCB
:203680006F029A01961C6F1A2D2D350A08A9FD8054A262142D2C350A08A9FD8054A2650E81
:20369000761F022A921D523C68092B1D92A1520169039CFF6F029A01961C761F022A921CA9
:2036A00096C356BF020D6F6F2D2F350A08A9FD8054A262422D2D350A08A9FD8054A2653CEE
:2036B000761F022A2B292B1D92A1EC30761F02152D2E350A08A9FD8054A26423761F022A9C
:2036C0009220523C670F92169EA15201ED0792155201ED04921696C36F1C791679C32B1584
:2036D0006F182B2092A1520D67049A0194A16F029A0D96C37700C5A3241656BF01156F090E
:2036E00079C3761F022A2B206F042B2056BF01C356BF010D6F28761F022A2B292B1D2B2089
:2036F00056BF0DC32B0D6F1F2B202B1D2B292BC3761F02152D2F350A08A9FD8054A2651357
:20370000761F022A2B0D6F0F761F022A2B1D2B209229520A670379C36F0656BF0A292BC376
:2037100056BF040D761F022A920D5201EC022B1600FF70340006761F0222461BEF10181B9C
:20372000FFBF767F373A767F383F767F3855761F02220A0C920C521E68022B0C92099B665D
:2037300000FF704096160626562F0508063C562F050A0006B2BDFE02761F0010921652076F
:20374000EC1A451AEE18761F0216923B761F022B9CF65406630C761F0216923B761F022B2B
:203750005406761F022256B501176F1B761F02222B176F17761F02169238761F022B9CFB48
:203760005406630C761F02169238761F022B5406761F022256B501176F04761F02222B17A3
:203770003B01761F023D8533761F02261E3C761F02228F0089800E0C761F0226FF305601AC
:2037800000A4063C761F0222072A03C41E2A0E0C8F008980761F0226FF30560100A4063C6F
:203790001EC4761F023D2B33761F023E062A761F02241E3C761F02228F0089000E0C761F6B
:2037A0000224FF30560100A4063C761F0222072C03C41E2C8F0089000E0C761F0224FF305E
:2037B000560100A4063C1EC4761F0222021E1E42062C00FF6EF2FF35767F7EDC8F0020E1FD
:2037C000FF33A842767F7E538BA9761F02228F03DA5E062AA842FF39767F7E538F0005A8FC
:2037D000A842767F7E531EA6761F022BB2A9562F050F761F022206A6FF1D00011E262901BF
:2037E000FF20C8000F26640302001E269214520368378F0005A88726560500A4566300A421
:2037F00056899217EC048F05B4006F02A9A4A81E761F0010931A761F0011FFDA9228FFC724
:20380000CEA840A9EE06761F022B920E5201ED093B01761F022B56030A11761F02221E1E43
:203810008F05F000761F0222A8A90F1E64088F03E800A8A90F1E6504A81E6F02A81E8F0183
:203820004000A8A90F26621487263B0156050026566300265689A9A9FF498BA9B242FF2F34
:20383000280000FF6EF2761F023D1E1C6F068F00CCCD761F023DA81CFE828BBE0006FE02DF
:203840003B01761F023D56030A1B8F00208BA842767F7E531EAC761F022256050036566323
:2038500000365689A928FE820006FE04761F02220628761F02251E3C761F02228F008940DC
:203860000E0C761F0225FF30560100A4063C761F0222072E03C41E2E0E0C8F008940761FFE
:203870000225FF30560100A4063C1EC4761F02228F007800A842062E767F7E531E44761F28
:2038800002228F0001330644033CFF560FA463148F0003CD873C560500A4566300A48744F0
:203890005689A9A60233560500A9566300A95689565700A6A9448F00F0008F47D000A84221
:2038A000A0A95CADDC84767F38AB0644761F02221E3CFE840006C4440FC4650606A60FC4D4
:2038B0006404C2C400061EC40006761F022292145206680B761F023E9206522368062B0671
:2038C000767F38E8767F38CF761F02229214EC07401BEF05181BFFFE767F39010006761F3C
:2038D0000222873A56050020566300205689A9A68F00208B3B01A8AC566300A6560500A647
:2038E0005689A9A9FF491EA6761F023D7E080006761F02220624FF0900010F20620E8F0011
:2038F0000200A8A907240F20640406241E200006A8A9564100200006FF200200560100208F
:203900000006761F0222061E1E240006761F0222411BEF13181BFFFD767F39219A019B0AA7
:20391000767F39DB9A0A9B0A767F3A02767F3A59767F3CF0767F3CE29A149B14767F392BA2
:203920000006761F02229204CD01FBFF9001FF89CAA896010006761F023E9233520156C03F
:2039300000ABA3308F0002300200761F0222F61F561700A4A9380638767F7E9A761F022272
:203940001E388F00152087382901560500A4566300A48F000A50568BA9A9FF331EAC566337
:2039500000A4560500A48F00F00056AFFF451EA61E38A8A90FA66602A838FF2024000F38FA
:203960006914FF2010000F386904768004EE6F0F029E8738560500A9566300A9568928A90C
:2039700007649EAB88A96F03768001D98F028000A8A90F26622F8F037000A8A90F26621AE4
:203980008F043800A8A90F26620428A904CD6F248F0028F687263B01560500A4566300A449
:203990005689A9A9FF49FF5A28A90F9A93AB9EA86F138F0028F687263B01560500A4566377
:2039A00000A45689A9A9FF49FF5A92AB08A9FE006F0328A904663B0185A91EA785A61EACD4
:2039B000560500A7566300A756898F000333761F023D85AB1EAC560500A4566300A45689E8
:2039C0003F3F761F022258078F0088C80630019407381E309238969429010630FF449609E4
:2039D0000A079207522068022B070200761F023E1E302B330006FE025DA888A9761F0222A7
:2039E0004801EE118F064000063C5DA6A8428F008890767F3AA15200EC14761F02221A01DE
:2039F00001006F0F8F062C00063CA8428F008890767F3AB05200EC05761F02221801FEFFB3
:203A0000FE820006B2BDAABDFE0259A85AA9761F02229214520268234501EE118F014000F3
:203A100006265DA2A8428F008891767F3AB05200EC18761F02221A0100206F138F0154004A
:203A200006265DA1A8428F008893767F3AA15200EC08761F02221801FFDF6F031801FFDF99
:203A3000761F02224601EE138F04B00006265DA2A8428F00888E767F3AA15200EC17761FBE
:203A400002221A0100401801FFDF6F108F04600006265DA1A8428F00888D767F3AB0520095
:203A5000EC05761F02221801FFBFFE8286BE8BBE0006761F0222CD010040CC010020FFD53A
:203A6000FFC4CAA8CD010100FFD7CBA9CC010080FFC6CAA8CD014000FFDDCBA9CC018000C9
:203A7000FFCECAA8ED174A01EF15761F023E9200ED119201ED0F761F023D9218ED0B761FA5
:203A80000222410BEF1E2B14180BFFFD1806FEFF0006761F02221A060100761F01A0CC0E40
:203A9000FFFC5001960E761F02221A0B00029214520656B920141A010001761F023D2B19D1
:203AA00000061EA606440FA664032BC46F020AC492A554C466042BC49A0100069A000006BF
:203AB0001EA606440FA662032BC46F020AC492A554C466042BC49A0100069A000006761F22
:203AC00002229214EC755201EC625202EC4D520356C00083761F023E92065223687D2B06A7
:203AD000761F022292039C0A96031BA903246403280303249203761F023D963B761F0222B2
:203AE000873A5605001E5663001E5689A9A68F00208B3B01A8AC566300A6560500A656897E
:203AF000A9A9FF491EA60819000892A6541962177E19761F023D283B0324761F0222061E3F
:203B00001E2056BF0614761F023E2B06761F023D56BF0119761F02221801FFFE9219761F20
:203B1000023D960800068F014000A8A90F2662340F2862324601EE30767F3B4C761F022261
:203B200056BF0314761F023E2B060006761F023E1B0606D66821761F02224806EE1D921C32
:203B3000ED1B56BF0214761F023E2B060006761F01A0CC0EFFFC5001960E761F023D2B191E
:203B4000761F02221A010001761F023E2B06761F022256BF011400060200761F023D1E0E9F
:203B50002B102B09280D1FFF1E34761F02222B039203761F023D963B280801F49208761FCC
:203B6000022296198F03E800A81E761F01A02809037D1A190008180EFFFC7622761F01BE03
:203B7000CC06FFFC50019606761AFF6900067622761F01C01A1C0008761F01C41A0000409D
:203B8000FF69FF20270E7640801F761F01C01A200001761F01901A0000011800FFFDCC065C
:203B9000FC001AA901F29606761AFF6900067622761F01C01A1C0008761F01C41A000040E9
:203BA000FF69FF20270E7640801F761F01C01A200002761F01901A2000011820FFFDCC26DB
:203BB000FC001AA9027F9626761AFF6900067622761F01A0CC30FFF050099630CC30FF0F19
:203BC00050809630CC13FFF850039613CC13FFC7500896131831FFFE1A3100021831FEFFFE
:203BD0001A3102001A1240001A120040CC14FFCF50209614CC14FF3F50809614CC14FFFC75
:203BE000500296141A1403001A140C001A14000C761AFF690006767F3B77767F3B97762220
:203BF000761F01A01A0D00C0CC0EFFFC5001960E2B042805037D02001E0218003FFF180062
:203C0000FFFB1A000030CC00FFFC500296001800FFF71800E3FF1800FC7FCC19FFF85001E9
:203C100096191A190008CC1AFFFC5001961A56BF0F1C2809037DCC07FFFC500296071807FB
:203C2000FFEFCC0BFFCF5020960BCC0BFF3F5040960BCC19F8FF1AA903009619CC1AFCFF68
:203C30001AA90100961A1A1908001A1C0004761A76230004761F00331A2600017622761F28
:203C400000358F3F6EC2A820761AFF69767F3BB70006B2BDAABDD2008F03E800761F0222A9
:203C5000A81E761F023E2B0D761F02228F000400A83AA836A83402001E322B14761F01A0D2
:203C6000CC0EFFFC5001960E761F023D2804EA1C28030AF2280B066456BF0F0C56BF0C154A
:203C7000280D1FFF8F00CCCDA81C56BF04398F00F20AA826282866C22829A73428303239E3
:203C80002831DA0E2B3BFF2F03C6761F023E1E2C1E2E761F023D56BF321E28320400283F1D
:203C90000400D10092A152406310AAA9761F002C0D0286A98F01869EA8A97640801F92A128
:203CA0009C0159A9524064F2AAA93B01FF4559A908A9F37385A9FF5652C8640A761F023DB2
:203CB00028220C8D761F022256BF011C6F07761F023D7922761F02222B1C86BE8BBE0006AE
:203CC000761F022292120A125204680456BF011A2B120006761F0222921AEC142B1A0A156D
:203CD0009B17921500FF70455200ED031A1B00014015EE031A1B000292159003ED031A1B73
:203CE00000400006761F023D9218EC0A0A181B183A986806767F5AA1761F023D2B18000668
:203CF000FE02761F023E9200ED1B761F02222B0F7622761F01A0CC160004FFC19642CC1624
:203D00000008FFC29641761A92425201EC0492415201ED1A761F023E56BF01006F15761F2B
:203D100002220A0F1B0F4650640F2B0F761F023E9201ED0A2B007622761F01A01A17000858
:203D20001A170004761AFE82FF690006767F3ABF767F3CCA767F3906767F371B767F38B58A
:203D30000006761F02350A020006B2BDAABDFE02761F02355A2692A294275AA9767F671708
:203D4000D1001BA10200670A8F00850092A2949C5AA9D9011BA1020068F892A2FF5E9C01C2
:203D500090FF761F0235543BEC039A016F55D1001BA1010067208F008500929C9642D0011B
:203D600092A172A092949641D50293A19A505CADDC82767F6B845200EC039A026F3D767F43
:203D700067178F01869EA8A97640801FD9021BA1010068E2D1001BA1010067258D000100D1
:203D800092A18F00850072A0929496428D00010192A172A092949641D50293A19A515CADFC
:203D9000DC82767F6B845200EC039A036F15767F67178F01869EA8A97640801FD9021BA10B
:203DA000010068DD767F5A195200EC05767F67179A006F029A04FE8286BE8BBE0006761F4E
:203DB00002359200ED0D767F3EC2761F02359204EC612B0456BF01002B022B09000652018D
:203DC000ED59767F3E1A761F02359201ED1C761F022B9214ED06761F02351B0207D066085F
:203DD0005200EC48761F02351B023A9869432B009203523C6806761F00101A1E0010000637
:203DE0000A0300069209ED279202960A761F022B92145201EC15D00092A05218670B8F00A4
:203DF0008D6592948F008D809694D80192A0521868F7767F4122761F0235960C6F0A767FCD
:203E00003D35761F022B7214761F023556BF010C56BF0109920CEC062B03761F0010181E42
:203E1000FFEF761F0235920A9C32540266032B012B000006761F0235920156C000A4761FA4
:203E20000212923556C1009F2B35761F0235920B5217620A5217EC365200EC7D5201EC6D61
:203E30005202EC536F081BA9020356C100851BA90204EC1E761F022B9214ED0C761F023502
:203E4000580B8F008D650A0B761F0212923896940006761F0235580B8F008500761F0212DA
:203E50009238D8839694761F02350A0B00062B0B761F021292385288761F023556B10101C4
:203E60000006761F022B92145201EC11761F0235580B8F008D65761F021292389694761FA2
:203E700002352B0B528856B101010006761F0235580B8F008500761F02129238D8839694A1
:203E8000761F02350A0B0006580B0A0B8F008D65761F021292389694761F0235922652E3EC
:203E9000ED319227523EED2E761F00102B16761F022B56BF01140006580B0A0B8F008D65BF
:203EA000761F02129238969452FA761F023556B1010B0006761F0212923852FAED13761FE0
:203EB0000235580B8F008D650A0B761F0212923896940006761F02129238761F0235963B0F
:203EC0000A0B0006B2BD761F0235920656C00206761F022B921752EE56C101F8761F02354F
:203ED0002B0856BFAF0D761F022B921456C001BD761F022B1B1C55AA56C101AE761F022B12
:203EE0009218520256C10147761F022B921752EAED039AEA6F029A01761F0235960E56BFB9
:203EF000130F761F0010441AEF57761F02359205EC4E5201EC435202EC385203EC2D5204EC
:203F0000EC225205EC165206EC0B5207ED49761F0217923E761F023596102B056F41761FF7
:203F1000022BC607761F0235961056BF07056F38761F022B9207761F0235FFC7961056BFB5
:203F200006056F2E761F02149203761F0235961056BF05056F25761F02149202761F023569
:203F3000961056BF04056F1C761F02149201761F0235961056BF03056F13761F0010920E8E
:203F4000761F0235961056BF02056F0A56BFDD1056BF01056F05920E761F02359610761F22
:203F50000011560305079301EC025010761F001093385303ED02500893169107CAA8761FA4
:203F600002359611761F00109232761F02359612761F00109236761F02359613767F16EAAF
:203F7000761F02359614761F00109B0A922400FF6F44761F02359B4095A99715761F0010D3
:203F80009B0A922300FF6F44761F02359B4095A99716761F00109B0A922500FF6F44761F3B
:203F900002359B4095A9971756BF4E18761F0010922B761F0235FFC09619761F001092299C
:203FA000761F0235FFC0961A761F0010922A761F0235FFC0961B2B1C761F0010923852031E
:203FB000EC034B1AEF06BE0A0E3DF60F1FA66F03CC3B0003761F0235961D9A00761F001190
:203FC0009302EC025001761F0010411AEF025002441AEF025004401AEF025008761F0235B8
:203FD000961E761F00109227761F02359C40961F761F00109228761F0235FFC096209A0028
:203FE000761F0010451BEF025001CD1B0040FFD588A8CD1C0008FFD2CBA6EC025002CD1BF3
:203FF0000100FFD788A8CD1C0010FFD3CBA6EC025004CD1B0200FFD888A8CD1C0020FFD45F
:20400000CBA6EC025008CD1B0080FFD688A8CD1C0004FFD1CBA6EC025010CD1B0004FFD144
:2040100088A8931C9101CBA6EC025020CD1B0008FFD288A8CD1C0002FFD0CBA6EC025040B6
:20402000441BEF025080761F023596212B22FFEF0088761F023556BF540E56BF130FD000D0
:2040300092A05205670D8F008B26D103939472A18F008D4D979CD80192A0520568F5761F35
:204040000010920E761F02359615761F02149201761F02359616761F02149202761F023578
:204050009617761F00109238761F02359618761F02149203EC05761F02351A180008761FEE
:2040600002179212EC05761F02351A180010761F022B9207761F0235FFC79619761F022B26
:20407000C607761F0235961A761F0217923E761F0235961B56BF0E1C56BF131D56BF0B1E2A
:2040800056BF171F56BF2E202B212B22761F022B2B186F26761F023556BFE50E56BF130F34
:2040900056BF02106F1D761F023556BFE30E56BF130F761F022B9214761F02359610761FE5
:2040A000022B2B14761F022B9207761F0235FFC79611761F022BC607761F023596129A0063
:2040B000D00193A0531667088F008D4D9494D80193A0531668FAFF5E761F02359C0190FF57
:2040C000962356BF88246F09761F023556BF0108761F022B56BFEC17761F02359208520171
:2040D000EC2492065218680C761F021292335201ED48761F02352B0656BF01046F42761FF7
:2040E000021292335201ED3D761F023558068F008D4D761F021292949634761F02122B3337
:2040F000761F02350A066F2D761F02149202761F02359C0654066611761F021292335201F9
:20410000ED20761F02352B0656BF01042B08761F022B56BFEC176F15761F02129233520129
:20411000ED10761F023558068F008500761F021292949634761F02122B33761F02350A06D8
:204120008BBE00069A00D00193A0531667088F008D809494D80193A0531668FAFF5E9C0125
:2041300090FF761F02365416EC039A000006761F022B2B18761F02369201525856C101876C
:2041400052EAED0D761F022B56BFEA12761F02369203761F022B96159A01000652EEED0DAC
:20415000761F022B56BFA212761F02369203761F022B96139A01000652E5ED0D920352013D
:20416000ED0A761F00102B16761F022B281C55AA9A01000692015253ED07761F022B56BFB9
:2041700002189A010006761F0010CD1AFFF7761F0236CC040040FFC5761F0010FF82CAA8B9
:20418000961A92165201ED07761F0236CC040010FFC36F029A00761F00109001CD1ADFFF0B
:20419000FF8CCAA8961A92165207EC08761F02369204761F001090079616451AEF07761F38
:2041A00002369205761F00109632761F0236440DEF062D06350A08A9FD856F052D06350A25
:2041B00008A9FD80761F001096209B0A761F0236920800FF704088A92D07350A761F001062
:2041C00008A9FD8094A69621761F02362D09761F0010350A08A9FD809622761F0236920A8A
:2041D000761F0011900F9604761F02362D0B761F0011350A9605761F0236920C56C1009455
:2041E000761F00109216520756C1008E761F0236180C000F920C5201EC7B5203EC6E520417
:2041F000EC635205EC565206EC485207EC3B5209EC2E520BEC23520CEC15520DEC08761F93
:204200000010181AFFDF181AFE3F6F73761F001056BF03161A1A0020CC1AFE3F50C0961A23
:204210006F68761F001056BF03161A1A0020CC1AFE3F1AA90100961A6F5C761F001056BF74
:2042200003161A1A0020181AFE3F6F53761F001056BF03161A1A0020CC1AFE3F5040961A56
:204230006F48761F001056BF03161A1A0020CC1AFE3F5080961A6F3D761F001056BF011670
:204240001A1A0020CC1AFE3F1AA90140961A6F31761F001056BF01161A1A0020CC1AFE3F4B
:2042500050C0961A6F26761F001056BF01161A1A0020181AFE3F6F1D761F001056BF011608
:204260001A1A0020CC1AFE3F5040961A6F12761F001056BF01161A1A0020CC1AFE3F5080EE
:20427000961A6F07761F0010181AFFDF181AFE3FCD1AFFEF761F0236CC0D0008FFC2761F0B
:204280000010FF83CAA8961A761F0236920EEC395218EC315219EC29521AEC21521BEC19E6
:20429000521CEC11521DEC09521EED2E761F00112B081A0800106F28761F00112B081A0817
:2042A00000086F22761F00112B081A0800046F1C761F00112B081A0800026F16761F0011B3
:2042B0002B081A0800206F10761F00112B081A0800016F0A761F00112B081A0800406F04D7
:2042C000761F00112B089A010006761F001056BF07161A1A0800761F02369206EC0A5201A3
:2042D000ED0E761F0011CC28FFF1500496286F07761F0011CC28FFF150029628761F001181
:2042E000CC2800E0CD28000EFFC4FFD055A9ED0A1828FFFE761F02369205761F0010963252
:2042F0006F061A280001761F00102B32761F023692075205ED1B761F00111A280100761FB1
:2043000002362D0A350A761F0010963C761F02365603010B761F022B9611761F0236CC0D37
:204310000020761F0010FFC4963F9A0100069A048F008C4E767F57249A038F008C54767F17
:204320005724761F02319205EC56761F022B921752B1EC3252A1EC19761F02312B142B02A9
:20433000D00092A0520C670B8F008C5792948F008C639694D80192A0520C68F7767F474E09
:20434000761F02312B056F37761F02312B142B02767F47265200761F022B56B1EE17761F74
:20435000022B56B01613761F022B56B0A217761F02312B056F20767F46A6761F022B5205EF
:204360009616EC125205630352006206761F02319214520C6910761F022B56BFB217761FA2
:2043700002312B056F08761F022B56BFB217761F02312B05920E5264680A767F4547761FDD
:20438000023192075201ED032B0E2B070006761F023256BFAA0056BF1601761F001092169C
:2043900093165302EC095303EC055304ED069A036F049A026F029A04761F02329602761FD8
:2043A00000109236761F02329603761F0010922E761F02329604761F0010922F761F0232CC
:2043B0009605761F022BC619761F02329606761F022BC60A761F02329607761F0010C61BCE
:2043C000761F023296089B05761F0010922000FF6F44761F02329B3C95A99709761F0010AA
:2043D0009B05922100FF6F44761F02329B3C95A9970A761F00109B05922300FF6F44761F08
:2043E00002329B3C95A9970B761F00109B0A922500FF6F44761F02329B1E95A9970C761F27
:2043F00000109B05922200FF6F44761F02329B3C95A9970D761F00109B05922400FF6F4468
:20440000761F02329B3C95A9970E761F00109228761F0232FFC0960F761F00109229761F98
:2044100002329610761F0010471EEF039A0A6F029214761F023296119A00761F00119302B6
:204420005301ED025001761F001093165307ED025002401AEF025004761F001193015301D2
:20443000ED025008761F0010421AEF025010933A5301ED025020411AEF025040932D530163
:20444000ED025080761F02329612761F00119204761F02329613761F0010922A761F023254
:20445000FFC09614761F0010922B761F02329615761F001092385203ED06BE0A0E3DF60F3E
:204460001FA66F02923B761F02329616761F0010920E761F023296179A0B761F00109E120F
:20447000761F02329618761F001192265202EC0492275202ED039A006F03920BFFA0761F39
:2044800002329619761F00109227761F0232961A9A00761F00109311EC025001761F00119A
:204490009308EC025002761F0010491AEF025004431AEF025008761F0232961B761F00101F
:2044A000921C761F0232961C761F00109200761F0232961D761F00109201761F0232961E6B
:2044B00056BF581F761F0010451AEF07CC1A01C0FFC5FF839C106F029A009315910FCAA808
:2044C000761F02329620BE0A761F00110E05761F0232F60F1FA69621761F00109204761FC2
:2044D00002329622761F00109205761F02329623761F00109206761F02329624761F02319A
:2044E0009200EC158A0A92C493A9761F0232FFD7970190FF9622761F02318A0C92C4761F3C
:2044F000023293A9FFD7972390FF96240006B2BD761F023256BFAA0056BF1401D00092A03A
:204500005210670D8F008B26D102939472A18F008C80979CD80192A0521068F58BBE000691
:20451000761F023256BFA201761F022B9216761F02329602761F022B9213761F0232960376
:204520000006761F023256BFB201761F022B9216761F02329602761F022B9213761F0232E9
:2045300096030006761F023256BFB00156BF02022B030006761F023256BFA001761F022BAF
:204540009215761F0232960256BFAF030006761F02319204ED48761F022B921752EAED0659
:20455000761F022B921252EAEC28761F022B921752ECED06761F022B921252A2EC1B761F03
:20456000022B921752B0EC1352B2EC0E761F02319201ED04767F43876F12767F44F7761F15
:2045700002310B016F0C767F45216F09767F45326F06767F45106F03767F453A9A00D00122
:2045800093A0532567088F008C809494D80193A0532568FA90FF761F02329625761F02139B
:2045900056BF0101761F023192045226680B761F02139201EC1B761F02312B0456BF010753
:2045A0006F15761F021392015201ED10761F023158048F008C80761F021392949605761F2B
:2045B00002132B01761F02310A04761F02319207ED03767F59460006767F595C761F023177
:2045C000920556C000E4761F0213920256C100DF2B02761F02319206ED12761F021392004E
:2045D00052AA56C000D4761F023158068F008C570A06761F0213920096940006520156C167
:2045E00000B2761F022B921752B1EC3D52A1EC3B761F023192065202EC2192039C03540609
:2045F000671492069E03520456C000B158068F008C57761F021392009694761F02312B06AB
:20460000525556B10105000658060A068F008C57761F0213920096940006761F0213920058
:20461000761F0231960358068F008C570A06761F0213920096945207FFE90089761F023151
:204620002B060006761F023192065202EC4192039C035406663192069E035203EC25920606
:204630009E035204ED732B06761F021392005255EC16761F022B921752B1761F022B56B0C7
:204640001313761F022B56B0A217761F022B56B11316761F022B56B1B2170006761F023161
:2046500056BF01050006761F02139200761F023196220A0600065806761F02138F0085003B
:204660009200D8839694761F02310A060006761F022B921752B1ED06761F021356030200DF
:204670006F04761F02139200761F023196030A061B030200692B2B06761F022B921752B1B7
:20468000761F022B56B01213761F022B56B0A217761F022B56B11216761F022B56B1B21729
:20469000000658060A068F008C57761F02139200969452B1EC0752A1761F022B56B1A11754
:2046A0000006761F022B56BFB1170006B2BDAABDFE02D1009A048F008C51767F5724761F99
:2046B00002315A039202ED2392A2FFC194A1D1B172A1767F6717D00092A254A0690A8F008B
:2046C000850092A1949459A9D80192A254A066F8767F671792A1FF5E9C0190FF59A9761FD3
:2046D0000231922254A1EC039A016F4D1BA2020066471B02010067189211520A69152B11E6
:2046E00058028F008500929496419302D5015CAD9A50DC81767F6B845200EC039A026F3331
:2046F000761F02310A021BA2010066039A056F2B92A25402660C9211520A6822767F5A1989
:204700005200EC039A056F1F9A046F1D9211520A69172B1158028F00850092949641930246
:20471000D5015CAD9A5108A8FF00DC81767F6B845200EC039A036F07761F02310A02767FB2
:2047200067179A00FE8286BE8BBE0006B2BDAABD761F02315A039AA194A259A9767F67176D
:20473000D00092A254A0690A8F00850092A1949459A9D80192A254A066F8767F671792A188
:20474000FF5E9C0190FF59A9761F023193229A0055A156B001A986BE8BBE00069A00D00113
:204750008F008C636F039494D801761F023193039D0355A066F9FF5E9C0190FF93038F0058
:204760008C639D0358A8549456C000FB92245201EC765223EC695225EC5A5220EC56523386
:20477000EC325205EC2D52B0EC1852A0EC1652B2EC0452A256C000E5761F022B2B17761F25
:20478000022B2B16761F022B2B12761F022B2B13761F022B2B15000652B0ED039AB06F02F7
:204790009AEA761F022B9617761F001056BF07162B2C2B3A2B3F2B322B3B2B3C000656BFD4
:2047A0000201000692265231ED039A016F065232ED039A026F029A00761F00119007CD2868
:2047B000FFF1FF80CAA89628BE00FFC0CD2800E09007FFD454A856B001A692A6CD28FFFEBB
:2047C0009001CAA8962800062B00000656BF01005603082694270EA91E0A56030828942964
:2047D0000EA91E0C00065603082694270EA91E088A0856030828942996C40006761F0010E6
:2047E00056BF0716761F02319226761F00109001962C761F0231CC260002761F0010FFC0EF
:2047F000963A761F0231CC260004761F0010FFC1963F761F0231CC260008761F0011FFC2B8
:204800009601761F0231CC260010761F0010FFC39637761F0231CC260060FFC4EC11CC2637
:204810000060FFC45201ED039A006F0BCC260060FFC45202ED039A016F049A026F029A03FD
:20482000761F00109638761F0231CC260080761F0011FFC69602761F022B9201ED09761FE8
:2048300000102B2C2B3A761F00112B012B02761F02319227761F00109632761F023192282D
:20484000761F0010963B761F0231922A761F0010963C5603083C963C761F02319229761F60
:204850000010983C761F02315603082CCA2B761F0011960B1B0B01F46503280B01F4000622
:20486000761F02019001CD39FFFDFF80CAA896390006761F02011A39800000062DA9761F6B
:20487000020C121F2DA935640EA9761F02021E300006761F02019B3C923F9C1E00FF6F442A
:204880000006767F4A82767F4B917622761F00358F3F7027A8068F3F6DF7A822761A7623E6
:20489000000176230004761F00331A2200401A2200081A260002FF690006B2BD8BA4767F9F
:2048A0001DFE767F3059767F2A208AA1767F48AC767F492D8BBE0006FE02C5A4761F020C46
:2048B000241F92CF962192D7962392DF962592E7962792EF9629761F020F92F79601761F6E
:2048C000021092FF961B06A7DF08241D761F020D1EA7DF0924291EA7DF0A242B1EA7DF0B65
:2048D000242D1EA7DF0C242F761F02101EA7DF0D2409761F02271EA7DF0E2422761F020C96
:2048E0001EA7DF0F240B8AA9C5A4DF10240DD0113B01761F020385941E22D01285941E24CD
:2048F000761F020FC5A4DF132421761F0228C5A4DF14241D28ACB505361D761F0228FF1E49
:204900000001FF4E961E761F022F9619761F0201C5A4DF15243E761F02280E1E761F020146
:204910001E4256030C3E00FF6EF2761F0201962B761F020DC5A4DF16240FC5A4DF172417FD
:20492000C5A4DF182411C5A4DF192419761F0228C5A4DF1A2410FE820006FE02761F020CC6
:20493000921F761F0221962C761F020C0E21761F02211E3E761F020C9223761F0221962F81
:20494000761F020C9225761F0221962E761F020C9227761F0221962A761F020C9229761FBA
:204950000221962B761F02109211761F000C962B761F02109215761F0228960A761F021063
:204960009217761F02289609761F0210921F761F02279637761F020F923B761F0227961D69
:20497000761F020F923D761F02279606761F02109221761F0227961B761F02109223761F9E
:204980000227961E761F02109225761F0228960B761F020D9229761F02289613761F020D11
:20499000922B761F022896123B01761F022802191E4256030C1000FF6EF2761F0228FF3F9C
:2049A0001E283B01761F022802191E4256030C1000FF6EF2761F02289611761F02100E2725
:2049B000761F02291E3428AC0005761F022830151EA628ACC000761F02100200371B761F10
:2049C0000227F61F561700A63F1728AC0005761F0228301528ACC000761F02101EA6371D00
:2049D0000200761F0228F61F561700A63F1C28AC0005761F0228301528ACC000761F020F6C
:2049E0001EA637010200761F022AF61F561700A6A90428AC0005761F0228301528ACC000B2
:2049F000761F020D1EA6372D0200761F0228F61F561700A63F1928AC0005761F02283015BD
:204A000028ACC000761F020D1EA6372F0200761F0228F61F561700A63F20761F020D920FA7
:204A1000761F0227960A761F020D9217761F0227963B761F020D9211761F0227963E761FDE
:204A2000020D9219761F0227963D761F020D9211761F02219636761F020F9221761F02214F
:204A3000962D761F020F9223761F02219630761F020F9225761F02279619761F020F027DDB
:204A40001E420E3FFF3B00FF6EF2761F02291E28761F0212280501AE761F020F281501F4AD
:204A50009215761F02219638761F02109201761F0221963A761F02109203761F0221963994
:204A6000761F02109205761F02219632761F02109207761F02219631761F02109209761FE2
:204A700002219633761F0210920B761F0233961E761F02109213761F02279605767F5ED2AE
:204A8000FE8200067622761F01C0181CFFFB761A7622761F01A11A0D00C0761F01A21A0DCF
:204A900000C0761F01A31A0D00C0761F01A11A120100761F01A21A120100761F01A31A12F8
:204AA0000100761F01A1CC14FFF350089614CC14FFFC50029614761F01A2CC14FFF35008B1
:204AB0009614CC14FFFC50029614761F01A3CC14FFF350089614CC14FFFC50029614761FEC
:204AC00001A12B15761F01A22B15761F01A32B15761F01A11A180004761F01A21A18000428
:204AD000761F01A31A180004761F01A12B0428050C3502001E0218003FFFCC00FFFC5002F2
:204AE00096001800FFFB1800FFF71A0000301800FC7F1800E3FF1807FFEF1807FFFC2809D1
:204AF000061ACC0BFFCF5020960BCC0BFF3F5040960B180FFFCF1A0F0003CC0FFFF3500844
:204B0000960F56BF8C1156BF8C1056BF0F1C1A190008CC19FFF850019619CC1AFFFC500104
:204B1000961ACC19F8FF1AA906009619CC1AFCFF1AA90100961A1A1908002B0A761F01A284
:204B20002B0428050C3502001E0218003FFFCC00FFFC500296001800FFFB1800FFF71A0077
:204B300000301800FC7F1800E3FF1807FFEF1807FFFC2809061ACC0BFFCF5020960BCC0BA3
:204B4000FF3F5040960B180FFFCF1A0F0003CC0FFFF35008960F56BF8C1156BF8C1056BF83
:204B50000F1C1819FFF7761F01A32B0428050C3502001E0218003FFFCC00FFFC50029600F6
:204B60001800FFFB1800FFF71A0000301800FC7F1800E3FF1807FFEF1807FFFC2809061AC6
:204B7000CC0BFFCF5020960BCC0BFF3F5040960B180FFFCF1A0F0003CC0FFFF35008960F3E
:204B800056BF8C1156BF8C1056BF0F1C1819FFF7761A7622761F01C01A1C0004761AFF699B
:204B900000067622761F01C01A1C000876FD7C80FF693E6777007700761F01C456BFE0001A
:204BA0002B12CC2007FF1AA928009620CC20FC3F50C09620CC20FFC050089620CC2107FF8C
:204BB0001AA928009621CC21FC3F50C09621CC21FFC050089621CC2207FF1AA92800962202
:204BC000CC22FC3F1AA901009622CC22FFC050089622CC2307FF1AA928009623CC23FC3FB0
:204BD0001AA901C09623CC23FFC050089623CC2407FF1AA928009624CC24FC3F1AA901C07F
:204BE0009624CC24FFC050089624CC2507FF1AA938009625CC25FC3F50409625CC25FFC066
:204BF00050099625CC2607FF1AA938009626CC26FC3F50409626CC26FFC050099626CC27B0
:204C000007FF1AA938009627CC27FC3F1AA902409627CC27FFC050099627182807FFCC28E4
:204C1000FC3F1AA901C09628CC28FFC050069628CC2907FF1AA938009629CC29FC3F1AA998
:204C200001C09629CC29FFC050099629182A07FFCC2AFC3F1AA901C0962ACC2AFFC050095D
:204C3000962ACC2B07FF1AA93800962BCC2BFC3F1AA902C0962BCC2BFFC05009962BCC2CAB
:204C400007FF1AA93800962C1A2C03C0CC2CFFC05009962CCC2D07FF1AA93800962D182DB4
:204C5000FC3FCC2DFFC05009962DCC2E07FF1AA93800962ECC2EFC3F1AA90380962ECC2E3D
:204C6000FFC05009962ECC2F07FF1AA93800962FCC2FFC3F1AA90380962FCC2FFFC0500943
:204C7000962FCC10FFE0500496101A004000FF69FF200BB67640801F761AFF690006FE04B3
:204C8000761F022E920B5208EC0C0200761F02021E2A761F02021E2C761F02012B3F6F2603
:204C9000FF2F4000761F02281EA6D4000E15761F000C1EAC560500325663003228AC001E47
:204CA000761F0202565700A6564000A4562CA92A3B01062A761F0202FF3F032CFF4D560164
:204CB000002C062C761F0201973F761F02030606761F02281E34761F02289A0028A84000F8
:204CC000BE642D151E42761F0221362C761F0203C50687A6564400A91E4406A7FF311EA61E
:204CD00006A7FF3503A6767F694F761F000F1E26767F5BB1761F01A14216EE03767F5B19BB
:204CE000761F022E920B5207ED05761F0201180DFFFD761F022E540CEC0A761F022E9A00D4
:204CF000930B530856B101A9767F3023767F301E767F3095761F022D921D761F01A196096C
:204D0000761F022D921C761F01A29609761F022D921B761F01A39609761F0202020156010E
:204D1000001EFE840006767F5BF6761F022E920B761F022E960C767F5C2E767F5C26767FE3
:204D20005C0C767F286C761F023092180A18520968022B180006767F5BE9767F2A1400066F
:204D3000B2BDFE0276FF77065CADDC82F6012484761F0010451AEE16441AEE0C9220932136
:204D40005C2D5D2E767F4DBA59A9761F0010792E6F13D10D761F02169236761F0010962EB7
:204D50006F0B56BF0D2F56BF0D2ED10D921EEC042B2F2B2ED100CD1A0010CC1A0002FFD375
:204D6000FFC0CAA8931A9101CBA9ED0A5CAD9223932D5D35DC82767F4F1088A96F0456BFDD
:204D70000D42BE00761F0010CDA60001CC1BFFEFFF93CBA9971B92A6FFC1CD1DFFF7900107
:204D8000FF82CAA8961D5CAD9335DC819222767F505588A9761F0010CDA60001FF92CC1B2F
:204D9000FFF7CBA9971B93A6FFD0CC1CFFFD9101FF90CBA9971C92A6FFC1CD1DFFFB900146
:204DA000FF81CAA8961DFFC19001CD1DF7FFFF8ACAA8961D9A025CADDC82767F0759761F82
:204DB0000010963092A1543069025930792FFE828BBE0006D00C00FF6FDC59A57C4C5AA8FD
:204DC0005BA976FF76CE5CADDC8BF60A24849A038F0084A6767F57249A038F0084A3767FF0
:204DD00057249A028F0084A9767F5724761F001092195201EC0492175201ED06761F021255
:204DE0002B262B232B2992A39EA2761F0212540E6205540E56B401106F022B10960E934C2D
:204DF000ED062B102B172B262B232B299310ED4E1BA9FFFB64451BA9FFFB64035200643DE3
:204E0000520064035205643652056403520A642F520A6403520F6428520F640352146421D8
:204E1000521464035219641A52196403521E6413521E64035223640C522364035228640598
:204E2000522856B30A196F1D56BF09196F1A56BF08196F1756BF07196F1456BF06196F1158
:204E300056BF05196F0E56BF04196F0B56BF03196F0856BF02196F0556BF01196F022B19D6
:204E400093175519562B06196F525301ED505223634852236303521E6341521E63035219F8
:204E5000633A521963035214633352146303520F632C520F6303520A6325520A6303520558
:204E6000631E5205630352006317520063041BA9FFFB630F1BA9FFFB63041BA9FFF66306F8
:204E70001BA9FFF663202B196F1E56BF01196F1B56BF02196F1856BF03196F1556BF0419BE
:204E80006F1256BF05196F0F56BF06196F0C56BF07196F0956BF08196F0656BF09196F0330
:204E900056BF0A1993175519562B0819934CED1858195CADDC8B5994520A56B400A1761FC2
:204EA0000010920F5201761F021256B1010F920F5201ED0492A156B101A12B266F3D2B0F36
:204EB00092195417ED1F922652B4681C2B269219520A6609520568072B2992A1520D672C78
:204EC000D9016F2A5201EC05520056B100A16F2492A152016902D9819229523C56B700A14C
:204ED0006F1B92195417EC182B292B265417660E5417671292179E1954A1670692A19E170C
:204EE000941959A96F09D1016F0794A19E1759A9520D56B60DA192199617761F0010961299
:204EF00092A1ED09924C5201ED06761F0212922352B4680A761F0212922352B46806921902
:204F000056B100A16F02D101924CED022B23922352B456B7B42392A1D00C00FF7038000630
:204F1000FE0C80A8761F0010CD1E0002FFD088A8CD1F0002FFD0CBA6EC0656BF0DC49A001E
:204F2000FFEF0133761F00119304530567355304EC192B4B761F02159305974A93069749AE
:204F3000930797489308974793099746930A9745930B9744930C9743930D9742930E974199
:204F40006F322B4B761F0214933B974A933C9749933D9748933E9747933F9746761F021578
:204F500093009745930197449302974393039742930497416F182B4B761F02149331974AC9
:204F6000933297499333974893349747933597469336974593379744933897439339974209
:204F7000933A9741761F021254136205541356B401146F022B14961393A7ED0456BF0114D1
:204F80002B189314ED5B1BA9FF74644F1BA9FF7464041BA9FFA664461BA9FFA664041BA9AE
:204F9000FFCE643D1BA9FFCE64041BA9FFF664341BA9FFF664035232642C52326403526E6A
:204FA0006425526E640352B4641E52B4640352F0641752F064041BA90118640F1BA90118B8
:204FB00064041BA9014A64061BA9014A64202B0D6F1E56BF010D6F1B56BF020D6F1856BF3B
:204FC000030D6F1556BF040D6F1256BF050D6F0F56BF060D6F0C56BF070D6F0956BF080D83
:204FD0006F0656BF090D6F0356BF0A0D9318550D562B080D930D97186F5B5301ED591BA969
:204FE0000136634F1BA9010E64041BA90136644652E664041BA9010E643E52AA640352E638
:204FF00064375264640352AA643052286403526464291BA9FFEC6403522864211BA9FFC499
:2050000064041BA9FFEC64181BA9FF9C64041BA9FFC4640F1BA9FF6A64041BA9FF9C6406DE
:205010001BA9FF6A56B40A0D6F1D56BF090D6F1A56BF080D6F1756BF070D6F1456BF060D6E
:205020006F1156BF050D6F0E56BF040D6F0B56BF030D6F0856BF020D6F0556BF010D6F02E4
:205030002B0D9318550D562B060D930D9718580D5DADDD8B939597C493115304EC1092C491
:2050400056B10411EC10761F00109B00922E761F021254C456B601A897116F051BA90136AB
:2050500063022B119211FE8C000600FF6FD882A45AA959A8761F00114108EF0656BF0DC333
:205060009A00FFEF00FC9A038F00849D767F57249A038F00849A767F57249A038F0084A0E5
:20507000767F5724761F001092195201EC0692175201EC03922DED06761F02122B1D2B1A48
:205080002B20761F02152D30350A08A9FD8054A2FFE500C1761F02129212520456C100AB4F
:20509000761F02152D32350A08A9FD8054A262522D30350A08A9FD8054A2654C761F0212C4
:2050A00092125202EC092B1A92A1520169039CFF6F029A01960C2B202B1D761F02152D31E6
:2050B000350A08A9FD8054A262152D30350A08A9FD8054A2650F761F0212921A521E682382
:2050C0002B1A92A1520169039CFF6F029A01960C6F1A2D32350A08A9FD8054A262142D3131
:2050D000350A08A9FD8054A2650E761F0212921A523C68092B1A92A1520169039CFF6F0253
:2050E0009A01960C761F0212920C96C356BF02126F6F2D34350A08A9FD8054A262422D3205
:2050F000350A08A9FD8054A2653C761F02122B1D2B1A92A1EC30761F02152D33350A08A91B
:20510000FD8054A26523761F02129220523C670F92169EA15201ED0792155201ED04921674
:2051100096C36F1C791679C32B156F182B2092A1520D67049A0194A16F029A0D96C3770009
:20512000C5A3241656BF01156F09761F02122B2079C36F042B2056BF01C356BF01126F28A4
:20513000761F02122B1D2B1A2B2056BF0DC32B126F1F2B202B1A2B1D2BC3761F02152D345B
:20514000350A08A9FD8054A26513761F02122B126F0F761F02122B1A2B20921D520A670362
:2051500079C36F0656BF0A1D2BC356BF0412761F021292125201EC022B1600FF70340006C1
:205160009A048F008852767F5724761F022B1B1C55AAED07761F02211B1207D068056F0034
:20517000761F02212B120006761F00109234761F022B9606767F1B61767F1BA6767F027EBF
:20518000767F5517761F00119201767F51D0761F0010922D9334767F51D38F000438767F5B
:20519000529A761F0010923F767F52D4761F0011920B767F66F9767F54B6767F52DF767FD1
:2051A0005357767F5487767F3DAF767F52F8767F4317767F5160767F56DA0006B2BD59A9C4
:2051B0008F00885E9A04767F57249A0494A1560301A9761F02211B1E03E868112B1E0A0DD1
:2051C000540D66022B0D920D52086906CC0D0001767F59736F049A00767F59738BBE0006AE
:2051D000767F597F0006B2BDAABD5AA859A98F0088619A03767F5724761F00109237EC0330
:2051E0009A026F029A00761F02109615767F492D761F02019230761F00109614EC15761F0C
:2051F000022192215296681356BF9621761F0010CD1D0040CC1D2000FFD5FFCCCAA8ED07BD
:20520000767F48696F04761F02212B21761F00119202ED18CC2800E0FFC45202ED0C92A11B
:205210005201761F022856B1320E761F022856B1010FEC10761F02282B23761F02282B0F4D
:205220006F09761F022856BF1924761F022856BF012392A15201EC09761F02289223ED050C
:20523000761F0228920FEC0A761F022B92015201ED059A01767F48606F049A00767F48608C
:2052400092A2767F486E767F4879761F0010963686BE8BBE0006761F0010451EEE1A923AD9
:205250005201ED13923C52C86810923D52C8670D761F02210A0E920E521E68182B0E761F00
:2052600000101A1E00206F12761F02212B0E6F0E761F02210A0E920E523C68082B0E761F9B
:2052700000109211ED03181EFFDF761F021792005203EC0D761F00104B1AEF09761F001131
:205280004828EE05761F0010181EFFDF761F0010923A5201ED07451EEE05923C767F6C8A2B
:205290006F049A00767F6C8A767F6C8E761F0010963D0006D00800FF6FDC5DADC5A4DD87A0
:2052A000F606248559475B455A4492A15203EC05761F00104B1AEF08761F022B921052013A
:2052B000ED03767F524B761F00114828EE1A92A1EC145201EC0D5202EC0692A393A2767F1A
:2052C000598B6F0F92A393A2767F59AE6F0A92A393A2767F59976F0592A393A2767F598B87
:2052D000D00800FF703800069B00761F0222520056B001A89704767F3D2600060006761F50
:2052E00002229216761F00109629761F02229208761F00109628761F0222920A761F0010CE
:2052F000962A761F02019223761F0010962B00069A048F00884F767F5724761F0221920F58
:2053000052C869552B0F430CEE15920CCDA9FFF890079C019007CAA8960C90075206640CE0
:20531000CC0CFFF85006960C761F0010181FFFFD6F03180CFFF8761F0221470CEE18920CA2
:20532000CDA9FF8FFFC390079C019007FF83CAA8960CFFC390075206640CCC0CFF8F50600F
:20533000960C761F0010181FFFFB6F03180CFF8F761F02214F0CEE19920CCDA98FFFFFCB3B
:2053400090079C019007FF8BCAA8960CFFCB90075206640DCC0C8FFF1AA96000960C761FFA
:205350000010181FFFF70006180C8FFF000600FF6FD8D1009A048F008864767F57249A0305
:205360008F00885B767F57249A038F008855767F57249A038F008858767F5724761F02219E
:205370009224520AFFE801122B24761F002C920EFFC1930CFFD15BA8930BFFD15AA88F0030
:205380008AF4767F57865200EC0E761F022B8F3F75179A888F7FFED49335767F6D83761F11
:20539000001096238F008AEA92A3767F57865200EC0E761F022B8F3F75179A888F7FFED4C0
:2053A000932B767F6D83761F001096248F008B0092A2767F57865200EC0E761F022C8F3FEE
:2053B00074769AA18F7FFED49301767F6D83761F00109625761F022B9235521969041B354E
:2053C00003F8680492A1500159A9761F022B922B521969041B2B03F8680492A1500259A955
:2053D000761F022C9201521469041B0103F8680492A1500859A9761F001092A1CD1EFFFDC5
:2053E0009001FF80CAA8961E92A1FFC0CD1EFFFB9001FF81CAA8961E92A1FFC2CD1EFFF794
:2053F0009001FF82CAA8961E881FCD1E000292A6FFD0FFC09001CBA99101CCA6FFFDFF9077
:20540000CBA9971F761F0221CD0CFFF7761F0010CC1E0002FFC0761F0221FF82CAA8960C3E
:20541000761F0010881FCD1E0004FFD192A6FFC19001CBA99101CCA6FFFBFF91CBA9971FBC
:20542000761F0221CD0CFF7F761F0010CC1E0004FFC1761F0221FF86CAA8960C761F001014
:20543000881FCD1E0008FFD292A6FFC29001CBA99101CCA6FFF7FF92CBA9971F761F022186
:20544000CD0C7FFF761F0010CC1E0008FFC2761F0221FF8ECAA8960C761F0010921652079E
:20545000EC34441AEE32411EEF0B761F0221921B520A6709761F0010181EFFFD6F04761F35
:2054600002212B1B761F0010421EEF0B761F02219215520A6709761F0010181EFFFB6F0451
:20547000761F02212B15761F0010431EEF0B761F02219218520A6709761F0010181EFFF725
:205480006F04761F02212B1800FF703400069A048F008867767F5724761F02219227520A9C
:2054900068252B278F008AE0761F002C920D767F57865200EC1B761F022B8F3F759F9A7EDD
:2054A000D5009321767F6D839C059B0A00FF6F44527D63065200620528A9FFF66F029A00C4
:2054B0009B0A95A9761F001097270006761F023D9218ED0A761F01BF1A1A0040761F022B90
:2054C00056BF01010006761F01BF1A1C0040761F022B2B0100067622761F01BF56BF0C20C2
:2054D000761F01C12B301A300001761AFF690006B2BD767F57F5D1001BA105146709FF20DC
:2054E000270E7640801FD9011BA1051468F9767F550C767F55AA767F3C498F008B40767FFF
:2054F000489D29102920FF69767F5858D10092A152C86709FF20270E7640801FD90192A1E4
:2055000052C868F9767F6729767F54CB761F01BF1A0200028BBE0006767F5A195200ED0707
:20551000761F00101A1E000156BF01110006761F00114028EF11761F0010922DED0D92363C
:20552000ED0B767F552C8F008B40767F489D761F00111828FFFE0006B2BD8F3F764676FF72
:20553000766A761F0011CC28000EFFC05201EC14CC28000EFFC05202EC059B011828FF1FC1
:205540006F129B0076FF76858F3F764ECC28FF1F504096286F089B008F3F765ECC28FF1F07
:2055500050209628D00092A0521067088F408B262B95D80192A0521068FA5300ED1CD000FF
:2055600092A0521B67098F408B402495DF01D80192A0521B68F9D00092A05210673A9294E5
:20557000EC3892948F408B269695D80192A0521068F76F2FD00092A0521B671A9A8A8F0019
:20558000850094A08F4085000EA9FF30560100A4560301A059A908A101135603089D94C40E
:205590008F008B409694D80192A0521B68E8D00092A05210670E8D4001018F00850072A1E0
:2055A000929C8F008B269694D80192A0521068F48BBE0006761F00102B1656BF010056BF2A
:2055B000040156BF2E0256BF170656BF0B0556BF13042B0302001E08761F02149200761FE6
:2055C0000010960E761F00111828FFF11828FF1F1828FFFE1828FEFF767F552C761F022C30
:2055D0002B18761F0214920D761F022C9619761F0214920E761F022C961A761F0214920FB2
:2055E000761F022C961B761F02149210761F022C961C761F02149211761F022C961D761F1C
:2055F00002149212761F022C961E761F02149213761F022C961F761F02149214761F022C8E
:205600009620761F02149215761F022C9621761F02149216761F022C9622761F02149217E6
:20561000761F022C9623761F02149218761F022C9624761F02149219761F022C96252B0A23
:20562000761F0214921A761F022C960B761F0214921B761F022C960C761F0214921C761F04
:20563000022C960D761F0214921D761F022C960E761F0214921E761F022C960F761F02145A
:20564000921F761F022C9610761F02149220761F022C9611761F02149221761F022C9612A0
:20565000761F02149222761F022C9613761F02149223761F022C9614761F02149224761FAC
:20566000022C9615761F02149225761F022C9616761F02149226761F022C9617761F021402
:20567000920DEC03921AED07761F00101A1E000156BF0111761F0217920052046405761F53
:2056800000102B386F059200761F00109638761F022B56BF023C56BF063B2B3828391000DF
:205690002835020056BF023256BF06312B2E282F1000282B0200761F022C56BF020856BFFA
:2056A00006072B042805100028010200761F022B56BF032856BF0A272B2428251000282109
:2056B0000200761F001056BFFA2356BFFA2456BFFA2556BFFA2656BFFA2156BFFA2256BFEF
:2056C000FA2056BF1927761F0217920D761F022B960E761F02175603010E761F022B961129
:2056D0002B1B2B1E761F001156BF01262B272B252B240006761F022B9210EC192B100201AB
:2056E000761F001056010008922DED0702001E0A02015601000C6F0602015601000A020088
:2056F0001E0C923AED032B3E00060A3E0006761F022B0A0D28A803E8920D00FF70455200BE
:20570000ED230A0B9B3C920B00FF70455200ED180A0C9B3C920C00FF70455200ED0D0A0947
:205710009B18920900FF70455200ED022B091B0CEF1068022B0C1B0BEF1068022B0B1B0D4E
:20572000EA6068022B0D0006761F022B2F09270C800B880D93D4ED1356BF01D42BC4520494
:20573000EC0D5203EC095202EC055201ED0857CC6F063FCC6F047FCC6F027ECC5204EC37F4
:205740005203EC255202EC135201ED4092AA54CC690C1BC4FFF0670992AA9ECC28A8FFFF8D
:205750009FC455A9690272C457CC000692AB54CC690C1BC4FFF0670992AB9ECC28A8FFFF89
:205760009FC455A9690272C43FCC000692A754CC690C1BC4FFF0670992A79ECC28A8FFFF99
:205770009FC455A9690272C47FCC000692A654CC690C1BC4FFF0670992A69ECC28A8FFFF4B
:205780009FC455A9690272C47ECC0006C5A496C70EC7560100D792EF54C7680224EF92E75C
:2057900054C7660224E70AF792FF54F766142BF70EE7564100D70EEF564100D72BE728EFFB
:2057A0001000D0082D9706D7562296CF02001ED79A0100069A00000688A993A6FFD771C4D6
:2057B000D50092A55208670C40A8EE03FFD06F04FFD01CA8A001DD0192A5520868F6CCA672
:2057C00000FF71A9D50092A55208670C40A8EE03FFD06F04FFD01CA8A001DD0192A5520819
:2057D00068F697C40006FE022841FFFF76FF00008F3F7F7E76408FC058A98F007F7EA8AB6E
:2057E000A8A9EC0D8AA776408FC05CADDC81767F57ACDF01A9A91901FF5AEDF59A0093A077
:2057F000554156B101A9FE820006767F66FD767F6A18767F5BD38F7F70688F3F708BA0A9E2
:20580000564100A4A8A98F008000767F6F668F7F7F1E8F3F7F20A0A9564100A4A8A98F00A7
:205810008FC0767F6F6676408000767F57D35200EC36767F6F1C76260000762F0000767FE0
:205820006FF17622761F00358F3F6D0DA80C761F00348F3F6D31A81A761AFF69D431028B29
:20583000767F58D0D431FF2003E8767F58EA767F3BEB767F6C6D767F4881761F00331A224A
:2058400000407623000176231000767F5904FF200960767F591A767F6AFE00068F1E847E71
:20585000A8A97640801F761F01BF1A0E00046FF7761F02139206520262085202EC2D5200EC
:20586000EC545201EC396F5A5203EC1B5204ED56761F002C9201761F02139C645403684EA7
:20587000761F01BF1A1A0040761F022B56BF0101761F023E2B06761F021356BF05066F3EF9
:20588000761F023E9206520968392B06761F021356BF04066F33761F002C9201761F021305
:205890009C645403682B761F023E2B06761F021356BF03066F23761F023E92065223670F56
:2058A000761F002C9201761F021354036717761F002C9201761F021396036F102B06761F39
:2058B000021356BF02066F0A2803019A761F023E2B06761F021356BF0106761F0213920659
:2058C00052056706761F023E920652586892761F01BF1A1A0040761F022B56BF010100064B
:2058D000761F00301E0292A428A8FFFF00FF704596067680FFFF0EA4F60F1FA69607180456
:2058E000FBFF1804F7FF1A0400201A0440001804FFEF0006761F00301E0A92A428A8FFFFFF
:2058F00000FF7045960E7680FFFF0EA4F60F1FA6960F180CFBFF180CF7FF1A0C00201A0C87
:205900004000180CFFEF00067622761F01BE180DEFFF1A0D20001A050300CC09FCFF1AA934
:2059100001009609CC09F3FF1AA904009609761AFF6900061EA628A9BC209BBE2901FF5A5F
:205920000200F61F561700A6A9A9FF42FF5A88ABDE81761F01C11810FFF71A1000071A10EF
:2059300000201A1000401810FF7F56BF03112B14B6FF0EA6F60F1FA796129BFF92A600FF12
:205940007045961356BF23112B1C0006761F02139204ED099205761F01C19619761F0213D6
:2059500056BF0104761F01C14714EF06761F021356BF01012B040006761F01C14615EF07D8
:20596000C617761F0213960056BF0102761F01C14515EF091811FFDF1A110020FF2009606F
:20597000767F591A00065200ED06761F01BF1A0A00040006761F01BF1A0C00040006520109
:20598000EC06761F01BF1A0500010006761F01BF1A03000100065201EC06761F01BF1A0568
:2059900000020006761F01BF1A03000200065200EC115303EC0A5302EC085301ED0F761FAC
:2059A00001BF1A0500020006761F01BF1A0300020006761F01BF1A050002000600069A006A
:2059B00000060006D00800FF6FDC97469645D3002B479246ED039A016F5992475203675597
:2059C000D200924654A2692B9A505CADD50493A29445DC84767F6B2E5200ED18D300D000D1
:2059D00092A05204671992455CAD560308A98F40850059A9DC8492A272A19294969DDA0194
:2059E000D80192A0520468F06F07DB0192A3520569039A006F2B924654A266D7BE00D000D7
:2059F0008F0085006F0B9245560308A959A992A072A192A6949C88A9D80192469CFF54A008
:205A000066F39245560308A98F00850058A9924672A092A6D88190FF5494ED039A016F0645
:205A10000A479247520368AD9A00D00800FF70380006B2BDD1009A0028A80100767F59B218
:205A20005200ED0492A1500159A99A0128A80100767F59B25200ED0492A1500259A9761FD2
:205A3000022B2B079A001BA90200630D3B018F00850085A9560100A493C473079C011BA97C
:205A4000020064F59A0093A156B101A98BBE0006B2BD88A993A6FFB591FF58A893A6913FF7
:205A50002DA8560301A6520063059BFFEBA09B40EBACD10193A08F7F718E8F3F718E290107
:205A600073A1939D9F9436A8FF45949493A66302FF5C8BBE00067622761F01A1CC0EFFFC79
:205A70005001960E761F01A2CC0EFFFC5001960E761F01A3CC0EFFFC5001960E761AFF6924
:205A800000067622761F01A1180EFFFC761F01A2180EFFFC761F01A3180EFFFC761AFF6965
:205A900000067622761F01A11A180004761F01A21A180004761F01A31A180004761AFF6916
:205AA00000067622761F01A11A170004761F01A21A170004761F01A31A170004761AFF6909
:205AB0000006761F022E2B002B112B092B0A761F022F2B072B06761F022E2B3B2B36020084
:205AC000761F02301E061E02761F022F2B032B022B1F2B271E3A761F02012B23761F022702
:205AD0002B1A761F02272B0D0006761F022E9210523F663F0A103B018520761F022F5601C0
:205AE000002A761F022E851C761F022F56010030761F022E92105240ED2C761F022F062AC1
:205AF000761F022EFF459612761F022F0630761F022EFF45961308A9F80085A9FF5652C8F1
:205B0000620C921208A9F80085A9FF5652C8761F020156B501266508761F020156BF012127
:205B1000761F02012B260200761F022F1E2A1E300006FE02761F002C9206761F022E962054
:205B2000761F002C9207761F022E961C761F0201922656C10086761F022F0E19761F022EF5
:205B30001E4292209E1234A9043400FF6EF2FF5C9611761F022F0E19761F022E1E42921C5D
:205B40009E1334A9043400FF6EF2FF5C96099411FF5C960A761F02280E1E761F022E1E4276
:205B500092209E1234A910D000FF6EF2761F000CFF5C9607761F02280E1E761F022E1E420E
:205B6000921C9E1334A910D000FF6EF2761F000CFF5C9609761F000C9407761F000CFF5CD7
:205B70009608761F022E92099E0A761F022F34A949E7B306761F022E9211761F022F960718
:205B8000761F022E963B761F022F9206761F022E9636923B761F022F9603761F022E9236C7
:205B9000761F022F96022D0333032D02120207AB767F7E9A761F022F562F031F341F2D4101
:205BA000562F0127761F0201922B761F022F541F6207767F5A91761F020156BF0130FE8203
:205BB0000006FE02761F002C9209761F022E96153B01341501F7761F022FFF4B9605761F46
:205BC000022E9E27FFA07227761F02280E25761F022E1E4256030E2700FF6EF2761F000CF3
:205BD0009602FE8200068F0080409A001BA90FC063062B849C011BA90FC064FCD4509A00B5
:205BE0001BA904B063062B849C011BA904B064FC0006761F020C0E1D761F022F1E34761F1F
:205BF00002030628761F022F1E3C0006761F01A19205761F022D961E761F02108F0003E8D5
:205C00002D0D0200761F022D371EF61F561700A4761F022D3F200006761F022E9227761FCD
:205C1000020196133B01761F022F2527033AFF465601003A8819063A87A6FF4F2901564447
:205C200000A9FF4B761F020196230006761F01BF4C00761F020156BC0A320006761F022EC8
:205C3000920B5207620A5207EC325200EC685201EC635202EC5900065208EC17520AED638B
:205C4000761F02014F36EF0C767F5AD5761F022E92105240ED5856BF080B2B100006761FCC
:205C5000022E56BF070B0006761F02014F36EF08761F02019230ED47767F5A810006761FCA
:205C6000022E56BF070B767F5A910006761F02014F36EF16767F5A6B0201761F02020F2040
:205C7000ED0B761F022E56BF0A0B767F5AA10200761F02021E200201560100200006767FEF
:205C80005A91767F5AB1761F022E2B10761F022F02001E2A1E301E2E761F02021E20761F03
:205C900002012B260006761F02014B3D761F022E56BD070B000656BF020B000656BF010B41
:205CA000767F5AB10006FE04761F0221063E1E44761F02280E1D761F02281EAC5C255644F0
:205CB0000044FF32767F7C4C96411BA97FFF690328417FFF9241761F02339609FE84000672
:205CC000FE04761F0221922B542F6605922F9E2B96416F022B4129018F0024F35603032EC7
:205CD000BE0AA8AC566500A90200F61F561700A6A9A9FF4DFF5A3F43761F02285C432D41C5
:205CE000361D767F7C4C9642761F02288F00048E2D423615767F7C4C9642761F02212D2C7C
:205CF000124296421BA97FFF690328427FFF9242761F0233962FFE840006FE02761F02212F
:205D0000922F9642761F02282D42361D761F02285C25767F7C4C9641761F02288F0001DC6A
:205D10002D413615767F7C4C9641761F02212D2C124196411BA97FFF690328417FFF924183
:205D2000761F02339626FE820006FE02761F0221922A9642761F02282D42361D761F0228CB
:205D30005C25767F7C4C9641761F02288F0001DC2D413615767F7C4C9641761F02212D2CB5
:205D4000124196411BA97FFF690328417FFF9241761F02339634FE820006FE02761F0221DF
:205D50002D2D761F0228361D1E42761F02285C250642767F7C571E428F000273A8AC8F00D0
:205D600003E856440042767F7C571E428F007FFFA8A90F426702A8429242761F0233960CF2
:205D7000FE820006FE02761F02212D2D761F0228361D761F02285C25767F7C571E42761F6C
:205D800002219230EC0A02645C301EAC56440042767F7C571E426F0902001E42761F000CED
:205D90001E2E761F000C1E348F007FFFA8A90F426702A8429242761F02339606FE820006F2
:205DA000FE04761F022128AC1AAB122C0EA91E44761F02288F00C3500E151EAC564400440D
:205DB000767F7C4C96411BA97FFF690328417FFF9241761F0233961FFE840006FE06761F37
:205DC000022828AC00DA3015761F02281E420E1D761F02211E440E37767F7C5E1E4628A9F9
:205DD000FFFF28A87FFF0F46670628AA7FFF28ABFFFFA9460646761F02341E04FE860006D2
:205DE000FE02761F02219236EC0E8F014000A8A95C36767F7C4C96411BA97FFF690C2841C2
:205DF0007FFF6F092B410200761F000F1E1C761F000F2B0F9241761F0233960EFE820006AC
:205E0000FE022901761F022156030D38761F02285C25767F7C4C96411BA97FFF6903284117
:205E10007FFF9241761F02339619FE820006FE022901761F0221D40A5603073A767F7C4C0B
:205E2000761F0233961A761F02215C39290156030C3A767F7C4C96411BA97FFF6903284127
:205E30007FFF9241761F02339618FE820006FE022901761F0221D40A56030832767F7C4CF3
:205E4000761F02339617761F02215C31290156030C32767F7C4C96411BA97FFF690328411A
:205E50007FFF9241761F02339621FE820006FE02761F022192339641761F0228921D544183
:205E6000562A08415C1D290156030E41767F7C4C96411BA93999690328413999761F023373
:205E70002B399241FF5C761F0233962A761F023328A9C0009E419638FE820006FE02761FD3
:205E8000022128AC0346122C9635290128AC1A21761F02283025761F0221FF4D96348F000F
:205E900024F3A8AC5603032E564400A9FF4D963B2D3436351E425C3B02521EAC56440042E0
:205EA000767F7C4C0EA91E428F007FFFA8A90F426702A8429242761F000C960CFE8200066F
:205EB000FE06761F02218F0100002D2C761F0228A84236158F0753001E44A8A9767F7C5ECE
:205EC0001E4628A9FFFF28A87FFF0F46670628AA7FFF28ABFFFFA9460646761F02341E003A
:205ED000FE860006767F5CA3767F5CC0767F5CFD767F5D25767F5D4D767F5D72767F5DA009
:205EE000767F5E00767F5E17767F5E37767F5E57767F5E7E767F5EB00006B2BDFE0476FFF1
:205EF00076FD5CADDC84F6032484761F0010922093215C2D767F5F7459A9761F0010411AB7
:205F0000EE1B5CAD9223932D5D35DC84767F33D988A9761F0010CDA60001FF93CC1BFFEF56
:205F1000CBA9971B92A6FFC1CD1DFFF79001FF82CAA8961D6F0356BF0D445CAD92229335DF
:205F2000DC83767F353988A9761F0010CDA60001FF92CC1BFFF7CBA9971B93A6FFD0CC1CD1
:205F3000FFFD9101FF90CBA9971C92A6FFC1CD1DFFFB9001FF81CAA8961DFFC19001CD1DC0
:205F4000FBFFFF89CAA8961D5CAD9335DC829224767F360A88A9761F0010CDA60001FF91A6
:205F5000CC1BFFFBCBA9971B93A6CC1CFFFEFFD09101CBA9971C92A6FFC1CD1DFFFD900115
:205F6000FF80CAA8961D9A035CADDC84767F0759761F00109630792E92A154306902593065
:205F7000792FFE848BBE0006D00C00FF6FDC59A45AA85BA976FF76E45CADDC8BF60A248488
:205F80009A038F008B79767F57249A038F008B7C767F5724761F001092195201EC04921782
:205F90005201ED07761F022D2B3C2B39D1002B3792A29EA3761F022D54366205543656B42A
:205FA00001356F022B35963693A1ED032B352B38520A63291BA9FFF66316923C52B4670DC5
:205FB000761F0010920FEC06761F022D9237FFEF00EC9A00FFEF00E956BFB43C9A002B39BE
:205FC000FFEF00E32B3C1B3903C069049A002B396F071B39025868039A006F029A04963702
:205FD000FFEF00D32B3C2B399335ED4E1BA9FFFB64451BA9FFFB64035200643D52006403EA
:205FE0005205643652056403520A642F520A6403520F6428520F64035214642152146403D3
:205FF0005219641A52196403521E6413521E64035223640C5223640352286405522856B3F1
:206000000A346F1D56BF09346F1A56BF08346F1756BF07346F1456BF06346F1156BF053414
:206010006F0E56BF04346F0B56BF03346F0856BF02346F0556BF01346F022B34923854343E
:20602000562A06346F525301ED505223634852236303521E6341521E63035219633A5219FC
:2060300063035214633352146303520F632C520F6303520A6325520A63035205631E520596
:20604000630352006317520063041BA9FFFB630F1BA9FFFB63041BA9FFF663061BA9FFF625
:2060500063202B346F1E56BF01346F1B56BF02346F1856BF03346F1556BF04346F1256BF68
:2060600005346F0F56BF06346F0C56BF07346F0956BF08346F0656BF09346F0356BF0A34FA
:2060700092385434562A0834761F0010922E93A1EC1A761F022D93345538EC1B5538660C45
:206080005538671793389F3455A967049E3894346F109A016F0E95A99F3892A8520D690999
:206090009A0D6F07761F022D58345CADDC8B929493349738761F00109712520456B804A9F8
:2060A000761F022D9637D00C00FF70380006FE029A048F008C0C767F5724761F001056BFD7
:2060B0000D302B314B1A56CC008A56BF012C56BF0137761F00114828EF72761F001056BF66
:2060C000013A761F02301B0C01F469782B0C920A520562115205EC5F520262085202EC473D
:2060D0005200EC4A5201EC576F135203EC385204EC316F0E520862085208EC195206EC251B
:2060E0005207EC1C6F055209EC0B520AEC0456BF0C0A6F41761F01BF1A0C00406F3C761F57
:2060F00001BF1A0C00101A0A00406F35761F01BF1A0C00201A0A00106F2E761F01BF1A0CAB
:2061000000081A0A00206F27761F01BF1A0A00086F22761F01BF1A0500026F1D761F0011E3
:206110002B01761F01BF1A0300026F15761F001156BF01016F10761F00112B01761F01BFE8
:206120001A0500021A0C00401A0C00101A0C00201A0C0008761F02300A0A6F10761F00102F
:2061300056BF013F2B38283C032056BF033B56BF013A761F001156BF0101761F0010922851
:20614000767F61CF761F0010FFC19001CD1DFFDFFF84CAA8961D93345CAD9229DC81767FD7
:2061500061E588A9761F0010CDA60001FF95CC1BFFBFCBA9971B93A6FFD0CC1CFFF79101C8
:20616000FF92CBA9971C92A6FFC1CD1DFFEF9001FF83CAA8961D9225767F6221761F00108B
:20617000FFC19001CD1DFF7FFF86CAA8961D923254416902924196339214ED11761F0217FA
:20618000920F761F00109CC054276504181EFFBF6F111A1E00801A1D20006F0C520AEC062D
:206190001A1E00401A1D00406F051A1E00801A1D2000761F02352B03761F0010181EFFEFBA
:2061A000181EFFFD181EFFF7181EFFFB181EFBFF921ECA11CA1DED089233EC03922C6F02D7
:2061B0009A00962D6F052B2D2B3A56BF0111761F0011CC2800E0FFC45202ED05761F0010F2
:2061C00092336F07761F001092339334767F622E761F00109634767F140AFE82000652551F
:2061D00068041BA9010E680B525068041BA901226809761F023056BF040B6F04761F023072
:2061E0002B0B761F0230920B000600FF6FD882A45AA859A99A048F008C12767F5724761FBF
:2061F00002165603013754A169225603013754A1690F5603013754A1660B761F02301B127D
:2062000003E8680492A29CFF96C39A026F135603013754A169085603013754A166047AC3BD
:206210009A016F0856BFFFC39A006F0456BFFFC39A045202EC04761F02302B1200FF703418
:20622000000688A9761F02152D22350A08A9FD8054A662039A0400069A00000600FF6FD8D6
:2062300059A85BA95AA18F008C0F9A04767F5724761F02301B0F01F468162B0F92A354A14E
:2062400069099A0194A15AA992A1520A56B80AA26F0A54A1670892A1520A69039CFF6F02CC
:206250009A0A5AA992A200FF703400066346003F6359003F637C003F6380003F6398003F4D
:20626000639C003F63B2003F63C2003F63C6003F63CA003F63CE003F63D2003F63D6003FF8
:2062700063E8003F63EC003F63F0003F0005AABDA2BDA8BDA0BDC2BDC3BDABBDFF6956169C
:20628000294277B75633761F023D0A0076C00B01062E8C3D102410B88CAC1024102F8CACE0
:20629000DFB810B81E2E213D922F961376FF6256560301003E01000F560100A7C5B8FF200C
:2062A000000076203B015633761F023D2D10361C2DA83613562F062028A904C656740020D2
:2062B000962076C00B02761F023D92229EB856C200039A009621852008A9FFFF9E219623BF
:2062C000A62A5605002656630026568F2D241229A7237700770077007700332807AB1E2A22
:2062D0002D2D12312D2B333007AB2D39FF5007341BA8FFE756C3000528A8FFE79A000F3A54
:2062E00056C50003063A1E34530056C300039B0076C00B031BB80E1056C400147622761F54
:2062F00001A11A180004761F01A21A180004761F01A31A180004761A761F023D2818000134
:2063000076C00B031BB80C8B56C400039B001B190001ED0792211BA902F056C400039B00CD
:20631000551E56C200039B0028A9037D9EA893A976C0680997B8761F023E1B330001EC1754
:206320000A321B32023056C400052B3228330001761F023D9221520056C200039A00963E68
:206330002D3E123E761F023E07301E30761F023D9213543356C40003963387BEC5BEC4BE08
:2063400083BE8ABE82BE86BE00030006761F023D76C00B032DB8210106063303100233037E
:2063500010073304A7011E0692089E079609007F62A2761F023D060E2D09330C07AB1E0E77
:20636000330B07AB2D1556C2000702001E0E961056CF00125627000D56C5000A0200562397
:20637000000D1E0E5610961056CF00065623000D56109610007F62A2F60A7700007F62A28E
:20638000761F023D2D1312131EAC761F023E0720AB20032403241EAC5605002C5663002CAF
:2063900056570022A922564000241E24007F62A2F60A7700007F62A2761F023E0A0687244A
:2063A000ABA90726AB26032A032A1EAC5605002E5663002E56570028A9285640002A1E2A49
:2063B000007F62A2761F023D28AC323912325689963028ACDA0E12325689963156CF000281
:2063C000007F62A2F60A7700007F62A2F60A7700007F62A2F60A7700007F62A2F60A7700D5
:2063D000007F62A2F60A7700007F62A2761F023D76C00B03061A8C17032C10B88CAC032CF7
:2063E000101B8CACF9A810B81E1A2117007F62A2F60A7700007F62A2F60A7700007F62A2EA
:2063F000F60A7700007F62A2FE0C761F022D921E9648961F96499223652D922465145423B6
:20640000630A92239E24964256030124964356BF01416F4C9423964292249E23964356BF63
:2064100002416F44FF5C5423620B9224FF5CFF80964292249423964356BF06416F379224D1
:206420009423FF5C964292239E24964356BF05416F2D922465189223FF5C5424650B5603A7
:206430000124964292249423FF5C964356BF03416F1D92249423964292249E23964356BF1F
:2064400002416F145423620A9423FF5C964292239E24964356BF05416F099E239642922437
:20645000FF5CFF80964356BF044192439442964592205445670D5C4529012520767F7C4C0D
:2064600096472D47364297422D47364397439243944296459248964692495445FFE800A973
:2064700092435442693892465443670A761F022D9625962696432B272B42FFEF009A54452C
:2064800069209E4596449249544568109244761F022DFFC0944596259244FFC094439626B5
:206490009244FFC09627FFEF00849245761F022D94449625924394449626924496276F7817
:2064A000761F022D9625924396262B2792469E4396426F6E924654426709761F022D9625AF
:2064B00096422B432B262B276F635445691C9E45964492495445680F9244761F022DFFC0F2
:2064C000944596259244FFC0944396269244FFC096276F4E9245761F022D9625924396260A
:2064D0002B276F46761F022D96259E42962696432B276F3E9246761F022D9E2594429625C2
:2064E00092469E269443962692469E279E429E4396276F3E761F022D92259E429E439625AE
:2064F00092427226924372276F33761F022D9246EA25EA26EA276F2C761F022D9242742578
:206500009243742692429427944396276F219246761F022D9E2594429443962592469E26F6
:206510009E42962692469E279E4396276F1192415204620A5204ECDA5201EC0A5202ECBB1F
:206520005203ECC96F055205ECD85206ECE1761F022D922793259426FFC09FA997218F0060
:206530006EDAA8AC0E260127564400A9B322761F022792365201ED17761F000C922A761F6C
:20654000022D9425964A761F000C9219761F022D9426964B761F000C9218761F022D9427FE
:20655000964C6F09761F022D9225964A9226964B9227964C9248544A67049248964A6F0432
:20656000924A63022B4A9248544B67049248964B6F04924B63022B4B9248544C67049248DC
:20657000964C6F04924C63022B4C924A9625924B9626924C962792489E25961D92489E2643
:20658000961C92489E27961BFE8C0006B2BD8BA49A048F008C20767F572492C152CD620F9F
:2065900052CD56C101125200EC1A523FEC1A527756C1009252C856C101126F0A52DF56C13C
:2065A000012852EB56C1013952F756C1014B2BC19A03FFEF014E761F00112B2256BF3FC1AA
:2065B000761F001192255424ED0A92265201EC0792275201EC049A00FFEF013B9226520136
:2065C000EC3492275201EC23922554246414761F023056BF021F761F00119E24761F0230AD
:2065D000961C761F00119224ED28761F0230081C00086F23761F023056BF011F761F001161
:2065E00092249E25761F0230961C6F1756BF0227761F023056BF021F761F00119225761FF6
:2065F00002309C08961C6F0956BF0226761F023056BF021F281C0230761F001156BF0122FD
:20660000761F0230581E8F3F76EF4094EE06761F01BF1A0C00406F05761F01BF1A0A00405A
:206610004194EE041A0C00106F031A0A00104294EE041A0C00206F031A0A00204394EE043A
:206620001A0C00086F031A0A0008761F02302B2056BF77C1761F02301B20021267049A0014
:20663000FFEF00C72B1D921C541DFFE90083921F5201EC1E761F021792125201EC0B5202C5
:20664000ED11761F0230921E56B1071EEC0B0B1E6F09761F0230921E520768032B1E6F020C
:206650000A1E761F0011922565200B256F1E761F021792125201EC0C5202ED11761F0230AD
:20666000921E520768032B1E6F0A0A1E6F08761F0230921E56B1071EEC020B1E761F0011E5
:206670001B2501F463020A25761F0230581E8F3F76EF4094EE06761F01BF1A0C00406F05DA
:20668000761F01BF1A0A00404194EE041A0C00106F031A0A00104294EE041A0C00206F031E
:206690001A0A00204394EE041A0C00086F031A0A0008761F0230921D9E1C1BA9FFFFEC0B28
:2066A0002B2056BFCDC1761F02309220521E670D9A006F4E2B2056BFC8C1761F02301B204D
:2066B000021267039A006F440A1D921C541D6680761F01BF1A0C00401A0C00101A0C00209C
:2066C0001A0C0008761F02302B2056BFDFC1761F02309220521E67039A006F2A761F001199
:2066D00092265202ED1056BF0326761F02302B1E2B2056BFEBC1761F02301B2007D0670304
:2066E0009A006F16761F00119227520256C0FEC556BF0327761F02302B1E2B2056BFF7C188
:2066F000761F02301B2007D0FFE7FEB79A008BBE0006761F001196240006767F67217622B2
:20670000761F01C01A1C0008FF6976FD7C803E67761F01C0181CFFF7761AFF69767F67DDB8
:206710009A0A9B02767F6731767F677C00067622761F01C056BF552556BFAA25761AFF6964
:2067200000067622761F01C056BF6F29761AFF6900067622761F01C056BF2F29761AFF6967
:20673000000688A9761F01C04311EF0676221A110010761A7625CC110180EC057622181165
:20674000FE7F761A9221900F54A6EC1576221A110040CC21FFF080A9CCA6000FCAA796212E
:20675000761AFF69767F67214011EFFF76221811FFBF761A5301EC035302ED0B7622CC1161
:20676000FE7F88A9CCA80003FF86CAA69611761A5303ED117622CC11FE7F1AA90100961117
:20677000FF69FF2001F27640801F761F01C01A110180761AFF6900067622761F01BE1A082C
:206780000030761F01C056BF021BCC10FFFC500296101A1C00081A2000011A2000021A2083
:2067900001001A2002001A2004001A1D01001A1D00011A1D00021A1D00041A1D00081A2011
:2067A00020001A1C00011A1C00101A1C0400181CFEFF1A1C0004761AFF690006FE02762201
:2067B000761F002B2820FFFF2821FFFF2822FFFF2823FFFF2824FFFF2825FFFF2826FFFF0A
:2067C0002827FFFF761A761FFDFF9238964192399641923A9641923B9641923C9641923D4D
:2067D0009641923E9641923F9641761F002B922F9001F001FE82FF6900067622761F01C0A4
:2067E0001812FEFF1812FFFE1A1220001A1240001A120400761AFF6900067622761F01C077
:2067F0001812FBFF1A1200021A1220001A1240001A1200011A120100761AFF69000676228F
:20680000761F01C01812BFFF1A1220001812FFFD1A1200011A1200041A1204001A1201000E
:20681000761AFF6900067622761F01C01A1000401A1240001812DFFF1812FFFD1A1200014B
:206820001A1200041A1204001A120100761AFF690006761B2942561676256F00761B29425F
:20683000561676256F00761B2942561676256F00761B2942561676256F00761B2942561686
:2068400076256F00761B2942561676256F00761B2942561676256F00761B29425616762547
:206850006F00761B2942561676256F00761B2942561676256F00761B2942561676256F0063
:20686000761B2942561676256F00761B2942561676256F00761B2942561676256F00761B31
:206870002942561676256F00761B2942561676256F00761B2942561676256F00761B294247
:20688000561676256F00761B2942561676256F00761B2942561676256F00761B2942561636
:2068900076256F00761B2942561676256F00761B2942561676256F00761B294256167625F7
:2068A0006F00761B2942561676256F00761B2942561676256F00761B2942561676256F0013
:2068B000761B2942561676256F00761B2942561676256F00761B2942561676256F00761BE1
:2068C0002942561676256F00761B2942561676256F00761B2942561676256F00761B2942F7
:2068D000561676256F00761B2942561676256F00761B2942561676256F00761B29425616E6
:2068E00076256F00761B2942561676256F00761B2942561676256F00761B294256167625A7
:2068F0006F00761B2942561676256F00761B2942561676256F00761B2942561676256F00C3
:20690000761B2942561676256F00761B2942561676256F00761B2942561676256F00761B90
:206910002942561676256F00761B2942561676256F00761B2942561676177602761B2942AB
:20692000561676256F00761B2942561676256F00FE014FA8EF03FF540901F60F1F459640EB
:2069300025A8F60F1F4593405632FE8100068AABA3A90200F61F5617004392ABA3A400065F
:20694000A8BD8AAB2904565F2FA92BAB85A8F61F5617004506AB5632A3A48ABE0006A8BDE6
:2069500029048AAB565F87A906465605004656630046F61F5617004806AB5632A3A48ABE62
:206960000006FE022904565F87A906465605004656630046A9A6A3A90200F61F56170048AC
:20697000A9A7A3A6F61F5617004806A76C025658A9841EC4FE820006A8BD8AAB2FA92BABFE
:2069800085A8F61F5617004506ABA3A48ABE0006ABBD761DA8BD290487A9064A5605004A0B
:206990005663004A3B01565F8F0002000FA463055632568906AB6F04FF207FFE563229016E
:2069A0008ABE761187BE0006761F02012D06761F02013607761F0201F60F1F08761F0201C1
:2069B000961D5608FFFF761F0201F60F1F08761F020196200006761F02012508761F020143
:2069C0000D07761F0201F60F1F06761F0201961D5608FFFF761F0201F60F1F06761F0201E0
:2069D00096200006761F02012D06761F02013607761F02019620761F02019706761F020130
:2069E0003608761F02018106761F0201961D761F0201971E0006761F02012D06761F020139
:2069F0003607761F0201961F761F0201971E851E761F0201370807AB761F02019620761FA1
:206A00000201971EFF200000761F02012B1D0C1D961D251D761F02010D1E761F020137050A
:206A100007AB761F0201971E761F0201961D000676220200761F01BE1E061E081E161E3656
:206A20001E0A1E1A2B3A1E021E041E121A0C0001CC06FFFC500196061A0C00021806FFF306
:206A3000761F01BF1A040002761F01BE1A0A00021A0C0004CC06FFCF501096061A0C000863
:206A4000CC06FF3F504096061A0C0010CC06FCFF1AA9010096061A0C0020CC06F3FF1AA9CA
:206A5000040096061A0C0040CC06CFFF1AA9100096061A0C0080CC063FFF1AA940009606BC
:206A6000180CEFFFCC07FCFF1AA901009607180AEFFF1808FFFC761F01BF1A050001761FA0
:206A700001BE1A0B00011808FFF3761F01BF1A050002761F01BE1A0B00021808FFCF180B0D
:206A8000FFFB1808FF3F761F01BF1A030008761F01BE1A0B0008180DEFFFCC09FCFF1AA9FD
:206A9000010096091A050300CC09F3FF1AA904009609CC16FFFC500196161A120003CC160C
:206AA000FFF3500496161816FFCF761F01BF1A0C0004761F01BE1A1A00041816FF3F761FDC
:206AB00001BF1A0C0008761F01BE1A1A00081816FCFF761F01BF1A0C0010761F01BE1A1A0C
:206AC00000101816F3FF761F01BF1A0C0020761F01BE1A1A00201816CFFF761F01BF1A0CCC
:206AD0000040761F01BE1A1A0040CC36FFCF50209636CC36FCFF1AA9020096361836CFFFE8
:206AE000761F01BF1A1C0040761F01BE1A3A00401837FFCF183AFBFF1837FCFF761F01BFDB
:206AF0001A1A1000761F01BE1A3A1000CC37CFFF1AA920009637761AFF6900067622761FDE
:206B000001C01A1C0010761F01BE181CFFFE181CFFFD1A1200031A12000CCC16FFFC500124
:206B10009616CC16FFF350049616761A761F01E41809FFDF56BF500756BF040C56BF2D0306
:206B200056BF2D042B011A09002028206000282120402B052802FFFFFF690006D00200FFB8
:206B30006FDC82A459A87D429641D200761F01E44B09EE3F924196074C02EF0428A91000DE
:206B40006F4056BF0105CCA100FF9608280966201A020020D200761F01E44202EE0A767FF1
:206B50006717DA011BA20FA069F728A9FFFF6F29D2009242960528096C20761F01E44502DA
:206B6000EE0A767F6717DA011BA2177069F728A9FFFF6F17D000924254A06907920696930D
:206B7000D801924254A066FB767F67179A006F09767F6717DA011BA2177069B928A955554F
:206B8000D00200FF70380006D00200FF6FDC82A459A87D429641D200761F01E44B09EE21EE
:206B9000924196074C02EF0428A910006F229A0194429605CCA100FF9608D000924254A014
:206BA0006908929390FF9608D801924254A066FA767F6717761F01E428096E209A006F0953
:206BB000767F6717DA011BA2177069D728A95555D00200FF70380006761F01BF4A18EE054F
:206BC000761F02122B376F04761F02120A3792375284690456BF85372B36761F01BF4A1858
:206BD000EF06761F02129236ED022B39761F02120A3992395204EC035205ED08761F01BF4F
:206BE0004A18EF04761F02120A2C5206EC07520C6832761F02122B390006761F01BF4A1854
:206BF000EF04761F02120A2C761F02129B00922C520256B701A82B2C9236ED065300ED1B3A
:206C00002B2E0A3600065200EC035209680F5209EC0B520AEC032B3600062B3656BF013512
:206C1000922E963800060A3600069CFF2DA9FF67992E0A3600069A01761F0212932F53014C
:206C2000ED042B2F933497300A2D932D530C68459331EC3A5300EC18530967169DFF2DA8ED
:206C3000FF66CE30ED06761F01BF1A1C10006F08761F01BF1A1A1000761F02120A32761FC9
:206C400002120A316F2992315209EC0F520AED24761F01BF1A1A1000761F02122B3156BF14
:206C5000012F56BF01336F184032EE06761F01BF1A1C10006F05761F01BF1A1A1000761F81
:206C600002120A316F09761F01BF1A1C1000761F02120A312B322B2D00067622761F01BE27
:206C7000180DFFF71804FF3F1A0800C0761A761F01A81A1502001A1504008F0009C4A80473
:206C800002001E0656BFFF181816FF7F1A150010FF690006761F022D962E0006761F022DF7
:206C9000922A0006761F01BFCC010004761F022DFFC15428EC0A761F01BFCC010004761F4B
:206CA000022DFFC196280A2C0A291B2903E868652B292D2C3505FFC0962A2B2C922EEC5108
:206CB000922DEC4F922A9C32542E56B7012B761F0010923E520A6705761F022D922BEC2BB0
:206CC000761F022D922E9E2A96339E322DA99233520A63061B33FFF665032B332BAC3B0153
:206CD000310A5603023307AB1EA68F02710007300FA4620D06A68F01770007300FA4640504
:206CE00006A6560100306F04A8306F02A830923396326F0F2B32761F0010441AEF04FF2050
:206CF00005006F03FF200280761F022D5601003006303B01761F01A8FF4519011E0A0006E5
:206D000056BF012D0200761F01A81E0A761F022D2B2B8F01A900A8300006761B0005ABBD99
:206D1000A8BDA0BDC2BDC3BDFF6929425616761F003356BF0121761F023592005201EC08BF
:206D2000761F02129233ED06767F6C1B6F03767F6BBCC5BEC4BE83BE8ABE87BE0003761785
:206D30007602761B0005ABBDA8BDA0BDC2BDC3BDFF6929425616767F56F7761F02130A07D0
:206D40001B0703E868062B07761F022B56BF0110761F023D9218ED10761F0010923852035F
:206D5000EC084B1AEE060200761F01A81E0A6F0F767F6C926F0C0200761F01A81E0A761F85
:206D600001BF1A1C0040761F022B2B01767F3CC0767F3D31767F45BC761F00114828EE0C95
:206D7000761F021792125201EC035202ED058F008ADE767F6586C5BEC4BE83BE8ABE87BE7F
:206D800000037617760227A82DA99CFF58A9B6003B01C4A492AC9CFF85A9560100A693AB0E
:206D900055C66405350A94A59CF6000655C4620392A5000692A754A0625894A0FFA02FA902
:206DA0003B01C4A485A9560100A693AB55C6ED052DAA350A94A5000692AAC4A485A956013B
:206DB00000A693AB55C6643C9A01C4A494AA85A9560100A693AB55C6622F9A0158AAC4A4C9
:206DC000C5A494A085A9560100A685A0560100A72DC7350394C680A985A0C4A40AA056018B
:206DD00000A685A0560100A42DC4350394C658A9560302AB88A993A755A656B200A66207D6
:206DE00093A055A656B205A656B50AA62DAA350A94A694A500069A0194AA80A96F0358AAF2
:206DF000D88192A754A065AA28A9FE700006761B0005ABBDA8BDA0BDC2BDC3BDFF69294217
:206E00005616761F01A11A1C0001761F003356BF04217623000429100201761F02235601AC
:206E1000000206029B00901FFF58761F023056B1011A92155201EC0956BF0115FF69767F57
:206E20004C7F761F02302B15761F022306029B00761F02309007AF16ED1356BF0116FF696C
:206E3000767F4D132B16921AEC0B2B1A921BED0856BF011B767F4D2B761F02302B1BC5BEF4
:206E4000C4BE83BE8ABE87BE00037617760228AD0500FF69561F5616561A2940761F000049
:206E50002902761B762228A97CD628A8003F0901611B76FF7CD629046F0F9B0024A9DF015C
:206E60006C04290424A8DF011EA6F7A1248606A781A109011EA724A96303FF5C3B0459A956
:206E7000DF010009FFEC761A28A9FFFF28A8FFFF0901610E76FFFFFF6F06DF01C3BD1EA77B
:206E80003E67C5BE24A9DF0124A8FF5860F7767F6FA6767F6FC1767F54D8767F6717767FEB
:206E90000013761F001092165207EC28520262085202EC135200EC175201EC126F05520395
:206EA000EC095204EC04767F00006F0F767F000D6F0C767F4D306F09767F5EED6F06767F13
:206EB00030C86F03767F0000767F0064767F015A767F0169767F07456F03767F60A7767FB7
:206EC00051746FCC761B0005ABBDA8BDA0BDC2BDC3BDFF6929425616767F6276761F02222E
:206ED0000A18761F023D1B13019A6406761F02221B1802306508761F02222B18761F023D1E
:206EE000923F9632761F01A01A1C0001761F003356BF0421C5BEC4BE83BE8ABE87BE0003B4
:206EF0007617760229022904565FFF5A0642565F1E420200F61F5617004206AB5632290290
:206F0000762029022904565FFF5A0642FF561E420200F61F56170042563229027620FF5A10
:206F10000200F61F56170042A9A97620FF5A0200F61F5617004276203B10761F00331820B3
:206F2000FFFE2B222B242B262B282B2A2B2C2B2E2B302B322B342B362B382B232B252B2744
:206F30002B292B2B2B2D2B2F2B312B332B352B372B39FF690006761F00331A20000128214B
:206F4000FFFF2910FF6900065CA871A997A63B0185A9FF565DA985A4FF565CA992A5F60FAD
:206F50001FA44FA66C02FF5C762096A65CA83B0185A9FF565DA985A4FF565CA992A5F60F46
:206F60001FA44FA66C02FF5D92A87620FF5A8EA4C5A492ABEC079CFF88A992859687000E8D
:206F7000FFFE92AB88A9A9A90FA6EC1093AAEC0EA9A99DFF5CA876BFFFFE92859687000EF6
:206F8000FFFE92859687000CFFF88AA0000676220200761F01BE1E061E081E161E361E0AA5
:206F90001E1A2B3A1E021E041E121E0C1E1C1816FFCF1A1A0004181CFFFB1808FFCF180BFB
:206FA000FFFB1A0D0004761AFF69000628ABFFFF28AAFFFF28A9FFFF28A8FFFF0FABED04C5
:206FB000BE00D4006F098AA928A9FFFF28A8FFFF88C409028AA992A6767F6E8B00067700BA
:206FC0006F00B2BD761F021259A9C53C3E67761F0230C52606A7EC0392A13E67761F023095
:206FD0000624EC031EA73E67767F6FBF8BBE0006B2BDAABDA2BD7620B2BDAABDA2BD27ADD8
:206FE000565700A03FAD7620B2BDAABDA2BD5AAD27AD565700A03FADAAAB565D00A6A9A280
:206FF00076208F7F72968F000D0676229A00527D6306C485C2849C01527D64FC761A761F49
:2070000000331A200001FF690006761D1EBD874456050048A9A4564700488742A9A95665B0
:20701000004807AB87465665004407ABA8ABFE847620561F7622B9C0282900680200761FA7
:2070200001BE19011E0C1E1C761A007F6E47761B29425616761F003356BF0121761F020150
:2070300056BF0A327617760282BE86BE8BBE762027AD565D00A03FAD82BE86BE8BBE762011
:2070400097A69B00F60F1FA6762097A69B00F60F1FA692A87620C5A48A44A0A90FA76905E2
:207050002484DF010FA766FD0006761F001056BF062E56BF062F56BF0D302B310006761FF8
:207060000212A83A0006761F0212A83C000600067622761F002A1A0200031A0301001A04C9
:2070700001FF1A0501FFCC06FFF050029606CC06F0FF1AA902009606CC07FFE0500296076F
:207080001A000001761AF6067700FF690006190156C3FFFF0006FFFF00001000100006A069
:2070900016A005161BB6044A200003C723C7036A273103242A5502EC2D4102BF30000298CA
:2070A000329802793511025C376D024339B0022D3BDD021A3DF70209400001F841F801EA16
:2070B00043E201DC45BE01D0478E01C4495201BA4B0C01AF4CBB01A74E62019E500001950F
:2070C0005195018E5323018754AA017F5629017957A201735915016D5A8201675BE9016292
:2070D0005D4B015D5EA80158600001536153014E62A1014A63EB0146653101426673013EB0
:2070E00067B1013A68EB01376A2201336B55012F6C84012D6DB101296EDA01267000012399
:2070F000712301207243011D7360011B747B01187593011676A9011277BB011178CC010E19
:2071000079DA010C7AE601097BEF01087CF701057DFC01037EFF0101800000FF80FF00FDC2
:2071100081FC00FB82F700F983F000F884E800F585DD00F486D100F387C400F088B400EFA3
:2071200089A300ED8A9000EC8B7C00EA8C6600E98D4F00E78E3600E68F1C00E4900000E3F5
:2071300090E300E191C400E092A400DF938300DE946100DC953D00DB961800D996F100D948
:2071400097CA00D798A100D6997700D59A4C00D49B2000D39BF300D19CC400D19D9500CF2A
:207150009E6400CF9F3300CDA00000CCA0CC00CBA19700CBA26200C9A32B00C8A3F300C848
:20716000A4BB00C6A58100C6A64700C4A70B00C4A7CF00C3A89200C2A95400C1AA1500C065
:20717000AAD500C0AB9500BEAC5300BEAD1100BDADCE00BCAE8A00BBAF4500BBB00000BA47
:20718000B0BA00B9B17300B8B22B00B8B2E300B6B39900B7B45000B5B50500B5000000C91C
:207190000192025B032403ED04B6057F0648071107D908A2096A0A330AFB0BC40C8C0D542D
:2071A0000E1C0EE30FAB1072113A120112C8138F1455151C15E216A8176E183318F919BE97
:2071B0001A821B471C0B1CCF1D931E571F1A1FDD209F2161222322E523A62467252825E81A
:2071C00026A82767282628E529A32A612B1F2BDC2C992D552E112ECC2F87304130FB31B598
:2071D000326E332633DF3496354D360436BA376F382438D9398C3A403AF23BA53C563D07EA
:2071E0003DB83E683F173FC54073412141CE427A432543D0447A452445CD4675471C47C3DE
:2071F0004869490F49B44A584AFB4B9D4C3F4CE04D814E204EBF4F5D4FFB5097513351CE2A
:2072000052685302539B543254C9556055F5568A571D57B0584258D3596459F35A825B0F60
:207210005B9C5C285CB35D3E5DC75E4F5ED75F5D5FE3606860EB616E61F0627162F1637009
:2072200063EE646C64E8656365DD665666CF674667BC683268A66919698B69FD6A6D6ADC75
:207230006B4A6BB76C236C8E6CF86D616DC96E306E966EFB6F5E6FC17022708370E27140E6
:20724000719D71F9725472AE7307735E73B5740A745F74B27504755575A575F37641768D67
:2072500076D87722776B77B377FA783F788478C77909794A798979C87A057A417A7C7AB6E0
:207260007AEE7B267B5C7B917BC57BF87C297C597C887CB67CE37D0E7D397D627D897DB00D
:207270007DD57DFA7E1D7E3E7E5F7E7E7E9C7EB97ED57EEF7F097F217F377F4D7F617F7477
:207280007F867F977FA67FB47FC17FCD7FD87FE17FE97FF07FF57FF97FFD7FFE7FFF0000FE
:20729000691E003F691E003F691E003F691E003F691E003F691E003F691E003F691E003FAE
:2072A000691E003F691E003F691E003F691E003F691E003F6829003F682E003F6833003F71
:2072B0006838003F683D003F6842003F6847003F684C003F6851003F6856003F685B003F3A
:2072C0006860003F6865003F686A003F686F003F6874003F6879003F687E003F6883003FEA
:2072D0006888003F688D003F6923003F6892003F6897003F689C003F68A1003F68A6003F21
:2072E00068AB003F68B0003F68B5003F68BA003F6923003F6923003F6923003F6923003FFC
:2072F00068BF003F68C4003F68C9003F68CE003F6923003F6923003F6923003F6923003F9C
:2073000068D3003F6923003F6923003F6923003F6923003F6923003F6923003F6923003F66
:207310006923003F6923003F6923003F6923003F6923003F6923003F6923003F6923003F05
:2073200068D8003F68DD003F6923003F6923003F6923003F6923003F6923003F6923003F88
:207330006923003F6923003F6923003F6923003F6923003F6923003F6923003F6923003FE5
:2073400068E2003F68E7003F6923003F6923003F6923003F6923003F6923003F6923003F54
:2073500068EC003F68F1003F6923003F6923003F6923003F6923003F6923003F6923003F30
:207360006923003F6923003F68F6003F68FB003F6900003F6905003F690A003F690F003F7A
:207370006923003F6923003F6923003F6923003F6923003F6923003F6923003F6923003FA5
:207380006914003F6923003F6923003F6923003F6923003F6923003F6923003F6923003FA4
:207390000001000000000000010000000000000000000000000000000000000000000BB818
:2073A00000000BB80000000000000000000000000002000000000000000017700000000081
:2073B000000000640000000003E804E204E261A861A80000004B00DC008C29AB0C8000037A
:2073C00004DD038401A4038400C803E8004B017C0095138805A00396026100560247042CFE
:2073D000003B03E80000000A000000000000000A0190000009C4000A0190001F0DAC000092
:2073E0000007032000000000000A000D05DC07D0000003E8001E000200C80064000000005D
:2073F00000000BB8000003E80000000003E8000003E80000000000000000000000000000F9
:2074000000000064000000000000000000000000000000000064000A000200000000000098
:2074100007D000000000000000010BB80000000100C80000017C000000000050100100001A
:2074200004B00064000103E80000000A03E803E8000100020064005A00040002000D001F75
:207430000032001E002800320046332C03520000005000140002003267840FA012C003E8A9
:20744000004600C8000A03E8000700000009000A03E803E800000000000000000000000039
:2074500000000000000000010514003203E800010578000105DC03E8000100000032000067
:20746000000000000000000000000000060000650000006E017C006400010000000B000343
:2074700003E803E801900096008C00E6000C000C000D000E000F00100010001100130014F3
:207480000015001600170019001A001B001D001E00200022002400260028002A002C002EE9
:207490000030003300350038003B003E004100440047004A004E005100550059005D006172
:2074A0000065006A006E00730078007D00820087008D00920098009E00A400AA00B000B714
:2074B00000BE00C400CB00D200D900E100E800F000F800FF0107010F011801200128013167
:2074C00001390142014A0153015C0165016E0177018001890192019B01A501AE01B701C0DE
:2074D00001C901D201DC01E501EE01F7020002090212021A0223022C0234023D0245024EB9
:2074E0000256025E0266026E0276027E0286028D0295029C02A302AB02B202B902BF02C66E
:2074F00002CD02D302DA02E002E602EC02F202F802FD03030309030E03130318031D0322BE
:207500000327032C03310335033A033E03420346034A034E03520356035A035D03600364C7
:207510000367036B036E037103740377037A00350038003B003F00430047004B004F0054D1
:207520000058005D00630068006D00730079007F0086008C0093009A00A200A900B100B9FF
:2075300000C100CA00D300DB00E500EE00F70101010B0115011F012A0134013F014A0155B3
:207540000160016B01760181018D019801A401AF01BB01C601D201DD01E901F40200020BC7
:2075500002160221022C02370242024C02570261026B0276028002890293029C02A602AFAD
:2075600002B802C002C902D102DA02E202E902F102F903000307030E0315031B03220328B4
:20757000032E0334033A03400345034A03500355035A035E03630367036C03700374037871
:20758000037C038003830387038A038E039103940397039A039D03A003A203A503A803AA71
:2075900003AC03AF03B103B303B503B703B903BB03BD03BF03C003C203C403C503C7041DA0
:2075A00004420468048E04B404DB0502052A0552057A05A305CB05F4061D0646066F0699F0
:2075B00006C206EB0714073C0763078B07B207D90800084A089108D40914094F098709BB77
:2075C00009EB0A170A400A660A880AA80AC40ADE0AF50B090B1B0B2A0B360B410B490B4E3A
:2075D0000B510B530B6E0B890BA40BBE0BD70BF00C080C200C380C4F0C650C7B0C910CA659
:2075E0000CBA0CCE0CE20CF50D070D1A0D2C0D3D0D4E0D5E0D6F0D7E0D8E0D9D0DAC0DBAAC
:2075F0000DC80DD50DE30DF00DFC0E090E150E210E2C0E370E420E4D0E570E620E6B0E756A
:207600000E7F0E880E910E990EA20EAA0EB20EBA0EC20EC90ED10ED80EDF0EE60EED0EF3C8
:207610000EF90F000F060F0B0F110F170F1C0F210F260F2B0F300F350F3900060006000628
:20762000000600060003000400050005000500020003000300040005000100010002000310
:207630000004000100020003000400050002000300050005000500030004000500050005FD
:207640000005000500050005000500000075006E006B006E006F0077000000000044004BE0
:2076500000510035006D004800310032004100310038003000350030003300000041005376
:20766000004E0039003800440033003200550046005A0000000304B5037A01D4037A00C85A
:2076700007D00FA012C0000A000A0000000000320DAC01F401F4753075300834005000A043
:20768000000A000A0190019000280002032F01F4019E01F4000000000FA012C0000000004E
:2076900005DC07D000461B5801F401F44E204E2004B00050008C000A000A01900190001EBF
:2076A0000003000300030002000300030001000200030001000100020001000100030002A8
:2076B00000020003000200030003000300030003001500080009000A000B000C0013001436
:2076C000001D0020002700280029002D0039006A006C006E00730075007700D40000000018
:2076D00000000000000100020005000700080009000A000000000000000000010002000568
:2076E000000700080009000A0000000000000000000100020005000700080009000A00013D
:2076F00000090008000C0004000600020003000D000D000D000D000D000D000D000D000DD9
:20770000000D000D000D000D00E600BB000D000D3B02FF683B01FE0A761F000C56BF003E9E
:2077100056030F14F60F1F029B00FF3E560100A9971356030F0756000E0956000E0834A811
:20772000555507A907A9970756030F0956000F088CA849E716AC560100A94A245632970010
:207730008F408D182D2B56030607565000C5566100D533A9572A56030609565000C5566129
:2077400000D533A9571956030608565000C5566100D533A957188F008CC92DC42517330714
:20775000110C974556000C3733A8250A04079207960A76C08CEF2DC712A807A907A907A9CA
:2077600007AB5600083B5601003A25168F008CC92DC43300110C974656000C3933A8250B4A
:2077700004009200960B2DC712A807A907A907A907AB5600083D5601003C2D1712072D1684
:20778000330007AB76808D141EC68F008CC92DC4330716AC2DA8120776808D0A1EC62DC468
:20779000330016AC2DA8120076808D081EC64224EF178F0003321BCC000856C400122545D9
:2077A00056BC00A856000C37FF4B56010036254656BC00A856000C39FF4B56010038933D36
:2077B000FF569744933BFF56974392445544562A0443562B04449FA9FF90933DFF53933BC6
:2077C000FF53FF533E0000078F3F7CCE560100A456030F44F60F1F438F7F7C8D9B00FF35B4
:2077D0002DA90EA8560100A593CD9FC536A805C5FF4005C4FF56FF30441A8F408CC2562B1D
:2077E0000CC5451A562B0D038F408D028AC59A0028AC000756229641560301A8560100A45A
:2077F000A8A9FF10010083A906C487D4564100AC324107AB07A9974306C587D5564100AC6B
:20780000324107AB07A92DA8333B1643333D10AC8F40034A97C58F008CEE25039FC473C488
:2078100097418F00886C2DC429048541810D565FF60F1FAC2DA985A85632960D85AC56321F
:207820002902768089E772C63B0225418F008D0087C4560500A9566300A956818F008D1804
:20783000565000C4566100D456AF76808D161EC676808A7E03C607A98F008A682DC456631F
:2078400000A9560100C62D00330E1607330F170E97201600330F11ACFF54971D2D008F00E1
:207850008CC433C416078F408CD133C517C48F008CCB97C4160033C511ACFF548F408CCD2E
:2078600097C525178F008CC504C4974125168F008CC804C497422D418F008CD133C4164288
:207870008F408CC433C517C48F008CD097C4164133C511AC8F008CCA97C48F008CF48F4096
:207880008D172DC533C48F008CCD16C410AC33A88F008CC916C410AC07A98F008CD005C424
:2078900076808CCB33C68F008CCD13C48F008CFB97C48F008CE62DC412C507A907A92DC646
:2078A00012A807A907A907A98F008CCA04C410ACFF548F008CFE97C48F008CE40EC48F006E
:2078B0008CDB94C496C4FFC68F408D028AC58F408CDC2DC58F408CDDFF30560100A406C4D8
:2078C00012A8562F01C5452556BC00C58F008CC056030FC48F008CDF2DC4333310AC8F407F
:2078D0008D028AC556090FA828AC000656109641560301A8560100A4A8A9FF10010083A903
:2078E00006C487D4564100AC324107AB07A98F008CC497C406C587D5564100AC324107AB82
:2078F00007A98F008CD197C48F008CDD2DC412A88F008CC5B3C48F008CC412C48F008CC8EF
:20790000B3C42D021215B3AC8F008B6112C4562F061725CC4A24563212A8562F06162D17C2
:20791000330F1616330E170F97231617330E11AC97228F408D184426EE488F008CE225C4EA
:20792000974307A94226562B0D4376808D0E8F008CF42D3333C4161D10AC974133A8571C78
:207930008F008CC9560302C4565000C52DA9252317C613CE974225222D411320571B114366
:20794000042712A856040CCE2FCEFF4B565000C5566100D596CE93A904AA07A997281242BF
:2079500056040CC62FC6FF4B565000C5566100D596C693A904AA07A997294E2456BD002951
:2079600056BD00282B292B288F408D182D0433338F008CE516C412A8FF49565000C556611C
:2079700000D596278F0003D093C4482456BC00A8768003DD56BC00C68F000356567500C461
:20798000567300CC921E431A562A0DA8971E041D9741FF569228552C56B400A9934104A99E
:2079900097418F008CE992C49648FF5C96478F008CCC92C44024EF078F008CF02DC436A91D
:2079A00092A893412D3E432656BD00ACFF6496452DA912A8FF47565000C5566100D5FF3FDD
:2079B00056BB00AC0734971F05275675004856730047411A562B0C062D41FF54562B0AACD4
:2079C000930671AC2F4156B300AA8F008CC693C44024EF058F008CF02DC436A82DA8214628
:2079D00033AA16AC5601003493109221421A562A0DA8972104209741FF569229552C56B437
:2079E00000A9934104A997412D4512A8FF47565000C5566100D5FF3F56BB00AC072E567521
:2079F000004856730047411A562B0C052D41FF54562B0AAC930571AC2D4156B300AC12460A
:207A000007A95601002E4124EE0BFF2000008F008D0E96C496CC96359606962F96055603AE
:207A10000F038F008CDF2DC4333310AC8F408D028AC556090FA828AC000656109641560304
:207A200001A8560100A4A8A9FF10010083A906C487D4564100AC324107AB07A9970E06C568
:207A300087D5564100AC324107AB07A9970F2D05330F1606330E130F8F008CC505C49712D7
:207A40001605330E10138F008CC805C497118F008B6333A857A98CA949E757A84A245632A1
:207A500097CC931233A857C42902FF69FE8A00063B013B02FF69FE0A761F000FF549032405
:207A600006165601002606208F40032641C556BC00A956BC00A8072656BB01AC5609010881
:207A70005650002C5661002A56CA0004560D01081E248F4003102DC512C528AA10002BAB0E
:207A8000564100ABFF200000566100ABC4A05635560900AC563BFF47FF9097A08F3F708CC2
:207A900021A52DA9069437A893A5FFD02DA8561300A9565300AB56228EA62DA88F40034BE1
:207AA00012C5562F01058F408D0487C506248F00033203C49700560500A9566300A98F0077
:207AB0008D1856500084566100C456AF1E48071C050297048F0003C392034249562A0CA893
:207AC00056BC001D8F0003CB2DC48F00032640C456BC00AC05AC97068F0003402DC433A8C3
:207AD0002507567500058F000356567500C4FF441E4293099205FF5C567300A9567300CCEB
:207AE000FF441E4456BF014556090008A9A95650004256B302455661004456B50045562FC5
:207AF00004108F008CCE25C4FF5A2D450BAC92ACEC08560D0008124756B300AA56B300ABB1
:207B0000A9AC56050048566300482D0F565C565700AC5640001C570F568456500042566194
:207B10000044FF341E1C8F0003D22DC42510031A12A807A9071A1E1A031E12A807A9071E8A
:207B20001E1E92AC562B0010FE8A00063B013B02FF69FE0A761F000DF54903248F008CD9C8
:207B30008F40030225C456000FC58F008CDA97412DC412A85604081BFF4456BB00AC8F00CA
:207B40008D18565000C4566100D496422D41560D00A9FF54562B0AAC934271AC2D4156B346
:207B500000AC8F008CD812C45601001A8F0003322D424FCC8F0003D112C407A992C4562A22
:207B60000CA897168F0003D312C407A992C4562A0DA897178F008B61561500C40200561569
:207B700000CC07ABC4A05635560900AC563BFF47FF9097A08F3F708C21A52DA9069437A801
:207B800093A5FFD02DA8561300A9565300AB56228EA6031434A8100007141E148F00031401
:207B90002DC48F008CDE12C407A907A903149709FF2F10008F000304562F02C4970056BF33
:207BA00000AC4F0956BC04AC8F008CD725C4FF5197418F008CE125C4FF5197422D09124165
:207BB000FF438F008D18565000C4566100D45604051DFF438F008CF98F408CF856BB00AC68
:207BC00056BF02AC567400C4567200C556B400AC96100BAC93ACFF5D9209562B0AA970AC2E
:207BD0002D0956B300AC12425601001C92108F408CEA567200C58F00031096C48F408CF820
:207BE00092C59E108F008CFD8F408CEB567400C4567200C5FF5C960BFE8A000685AD000645
:207BF0003B0256562DA503C4560500A9566300A956A02DD4565700AC564000C457D41EC4D6
:207C0000290200065635560900AC563BFF47FF9097A08F3F708C21A52DA9069437A893A5E9
:207C1000FFD02DA8561300A9565300AB5622FF107FFF0EA80006FE063B0196449745FF563E
:207C200097439344FF56974292435543562A0442562B04439FA9FF909345FF539344FF5340
:207C3000FF533E0000078F3F7CCE560100A456030F43F60F1F428F7F7C8D9B00FF352DA9BD
:207C40000EA8560100A593CD9FC536A805C5FF4005C4FF56FE86000655A456C8000628A931
:207C5000FFFF56CF0004F60F1FA49B000006FF5A0200F61F561700A4A9A900061EAC564744
:207C60000044A9A9560500440F4656C80006FF200000FF550006F61F56170046A9A90006BD
:207C70001EAC56470044A9A900061EAC564700A4A9A9560500A48F008D1C565000D4565934
:207C800000C4A9A900062DA836A900062DA812A90006020056B701A9000600000145028AE7
:207C900003CE05100650078D08C509FA0B2B0C560D7D0E9D0FB810CD11DB12E313E414DFF8
:207CA00015D416C117A8188919631A371B041BCB1C8D1D481DFE1EAE1F591FFF0000FFFF49
:207CB00000018000FFFF80000000000180000001FFFF0000000100008000FFFF00000001B5
:207CC000FFFF0000FFFF000000000001000100000000FFFF0000FFFF000100000000C000E9
:207CD00080004000E00020006000A000FFFF870200000000FFFF870300000000FFFF87043C
:207CE00000000000FFFF870500000000FFFF871400000000FFFF871F00000000FFFF872315
:207CF00000000000FFFF872500000000FFFF872600000000FFFF872800000000FFFF8729C4
:207D000000000000FFFF873200000000FFFF873C00000000FFFF873F00000000FFFF874062
:207D100000000000FFFF874400000000FFFF874500000000FFFF874700000000FFFF874827
:207D200000000000FFFF874B00000000FFFF874C00000000FFFF874D00000000FFFF874FFC
:207D300000000000FFFF875000000000FFFF875100000000FFFF875200000000FFFF8753D9
:207D400000000000FFFF875500000000FFFF875700000000FFFE875A000000000000FFFE92
:207D5000875C000000000000FFFA881C0000000000000000000000000000FFFA88220000F0
:207D60000000000200050007000D0000FFFA88280000000000000000000000000000FFF44C
:207D7000882E0000000000000000000000000000000000000000000000000000FFF4884082
:207D80000000000000000000000000000000000000000000000000000000FFFF8D40000018
:207D90000000FFFF8D4100000000FFFF8D4300000000FFFF8D4400000000FFFF8D4500009A
:207DA0000000FFFF8D4600000000FFFF8D4800000000FFFF8D4B00000000FFFF03CE00007A
:207DB0000004FFFE03D6000000000000FFFE03E2000000000000FFFE8D0E0000000000005F
:207DC000FFFF888400000000FFFF889700000000FFFF889800000000FFFF889C000000003C
:207DD000FFFF8B6800000000FFFF8B6900000000FFFF8B6A00000000FFFF8B6D00000000C7
:207DE000FFFF89EB00000001FFFF89F300000000FFFE8A4E00003079003FFFFF8C4100000E
:207DF0000000FFFF8C4400000000FFFF8C4600000000FFFF8C1C00000000FFFF8C1D000088
:207E00000000FFFF8C1E00000000FFFE84BA00007067003FFFFE84BC00007067003FFFFE19
:207E10008C24000000000000FFFE8C26000000000000FFFF8B7600000000FFFF8B770000F4
:207E20000000FFFF84C400000000FFFF84C600000000FFFF848E00000000FFFF8491000091
:207E30000000FFFF8C0A00000000FFFF8C0B00000000FFFF8AC700000000FFFF8AC800006A
:207E40000000FFFF884D00000000FFFF884E00000000FFFF8C1800000000FFFF8A8B0000C6
:207E50000000000000001EBD06465635563B1EA4FFD5EC3B58A876FFE4129B33EBAC83AC13
:207E6000879776FFE502C487560500A4566300A456A003A6FF54560500A9566300A956A291
:207E700087A9560500A4566300A456A003A6FF54560500A9566300A956A287BE560500A9CD
:207E8000566300A956A187A5562C5657008756400087565000D7565900C7566100F7565142
:207E900000E7568006AB000628A9FFFF28A87FFFFE8200065635563BC4A9FFB556B5FEA8CD
:207EA00008A8FF0258A840AC93ACFFD01EBD76FFE7228A9776FFE712838756BC0CA056BD54
:207EB0000AA087A4566300AC87A6FF31566300A987A5564100AC566300A4FF318AA987A45F
:207EC000566300AC87A6FF31566300A987A5564100AC566300A4FF3187A6566300A98797D5
:207ED000560500A9566300A956A087BE562C08AA8000564000D700065635563BC4A9FFB58D
:207EE00056B5FEA808A8FF0258A840AC93ACFFD01EBD76FFE7228A9776FFE712838756BC22
:207EF0000CA056BD0AA087A4566300AC87A6FF31566300A987A5564100AC566300A4FF31BE
:207F00008AA987A4566300AC87A6FF31566300A987A5564100AC566300A4FF3187A65663FD
:207F100000A98797560500A9566300A9568787BE562C08AA8000564000D7000692C400067F
:207F2000FFFFFFFFFFFFFFFFFFFFFFFFFFFFFFFFFFFFFFFFFFFFFFFFFFFFFFFFFFFFFFFF61
:207F3000FFFFFFFFFFFFFFFFFFFFFFFFFFFFFFFFFFFFFFFFFFFFFFFFFFFFFFFFFFFFFFFF51
:207F4000FFFFFFFFFFFFFFFFFFFFFFFFFFFFFFFFFFFFFFFFFFFFFFFFFFFFFFFFFFFFFFFF41
:207F5000FFFFFFFFFFFFFFFFFFFFFFFFFFFFFFFFFFFFFFFFFFFFFFFFFFFFFFFFFFFFFFFF31
:207F6000FFFFFFFFFFFFFFFFFFFFFFFFFFFFFFFFFFFFFFFFFFFFFFFFFFFFFFFFFFFFFFFF21
:207F7000FFFFFFFFFFFFFFFFFFFFFFFFFFFFFFFFFFFFFFFFFFFFFFFFFFFFFFFFBFDF00006F
:207F80000000000000000000000000000000000000000000000000000000000000000000E1
:207F90000000000000000000000000000000000000000000000000000000000000000000D1
:207FA0000000000000000000000000000000000000000000000000000000000000000000C1
:207FB0000000000000000000000000000000000000000000000000000000000000000000B1
:207FC0000000000000000000000000000000000000000000000000000000000000000000A1
:207FD000000000000000000000000000000000000000000000000000000000000000000091
:207FE000000000000000000000000000000000000000000000000000000000000000000081
:207FF000000000000000000000000000007F7019FFFFFFFFFFFFFFFFFFFFFFFFFFFFFFFF79
:00000001FF
