:02000004003FBB
:20000000761F022C2B272B282B294912EF06023C0F0466031A1204000006761F022C2B27CF
:200010002B282B290006761F022C4512EF039A016F064412EF039A026F029A009610761FDD
:2000200002269B009202761F022C541056B001A897119210761F022696029200761F022C9F
:20003000540EEC2D56BF010F920E5203EC0F761F022692005203EC0A761F022CCC0EFFFBEF
:20004000ED1F2B132B142B156F1B761F022C1813FFF71813FFEF1813FFFB1814FFFD1814D7
:20005000FFFE1815FFFE1815FFFB1815FBFF1815F7FF1815FFF71815FFFD6F022B0F920E61
:20006000761F022696000006FE0676FF791C5CADDC86F6042484761F022C922093255CADD6
:20007000DC86767F070488A9761F022C4012EE09CDA60001CC13FFDFFF94CBA997136F057B
:200080001813FFDF56BF0D4692A6CD15FFDFFFC19001FF84CAA896159222767F0828761F98
:20009000022CFFC19001CD15FEFFFF87CAA896155CAD932D9221DC85767F087088A9761F3F
:2000A000022CCDA60001FF95CC13FFBFCBA9971393A6FFD0CC14FFF79101FF92CBA997142F
:2000B00092A6FFC1CD15FFEF9001FF83CAA896155CAD92025D2DDC84931B9641921D767F88
:2000C000096588A9761F022CCDA60001FF96CC13FF7FCBA9971393A6FFD0CC14FFFB9101C6
:2000D000FF91CBA9971492A6FFC1CD15FF7F9001FF86CAA896155CAD932D9223DC83767F04
:2000E00008FC88A9761F022CCDA60001FF97CC13FEFFCBA9971393A6FFD0CC14FFEF91019C
:2000F000FF93CBA9971492A6FFC1CD15FDFF9001FF88CAA896155CAD932DDC82921F767F67
:200100000AA188A9761F022CCDA60001FF98CC13FDFFCBA9971393A6FFD0CC14FFDF9101E4
:20011000FF94CBA9971492A6FFC1CD15EFFF9001FF8BCAA896159A055CADDC86767F06F91F
:20012000761F022C5428562A08284012562A0D2892285427562A0827FE860006767F015C09
:20013000767F0217767F01BE767F1739767F17F0767F1840767F1AE10006761F022D923BD8
:20014000ED17761F022C4512EE0E4412EE15767F025B767F05AC761F022C4012EE0D767F2F
:20015000069F0006767F027D767F04C10006761F022C1812FFFE0006761F022C920CEC145F
:20016000520AEC125204EC105205EC0E5206EC0C5207EC0A1A1600404412EF0856BF010907
:200170001A1500406F031816FFBFCC160040FFC588A9930EEC05761F02265507EC0D0200E5
:20018000761F02291E161E181E1A1E1C1E1E1E20761F02262B08761F022C920E761F022639
:20019000960792A65401EC279301ED250A08761F022906181E16061A1E18061C1E1A061E74
:2001A0001E1C06201E1E761F022C0600761F02291E208F000708062003160FA4670C761F44
:2001B0000226930853066807761F022C56BF01091A150040761F02267E010006761F022C4E
:2001C000920C520AED0A1A1600804412EF0856BF01091A1520006F031816FF7FCC16008043
:2001D000FFC688A9930EEC05761F02265504EC0D0200761F02291E221E241E261E281E2A62
:2001E0001E2C761F02262B09761F022C920E761F0226960492A6540AEC27930AED250A099F
:2001F000761F022906241E2206261E2406281E26062A1E28062C1E2A761F022C0600761F97
:2002000002291E2C8F000708062C03220FA4670C761F0226930953066807761F022C56BF55
:2002100001091A152000761F02267E0A0006761F022CCC160020FFC488A94412EF045200D6
:2002200056B00109930EEC05761F02265505EC0A0200761F02291E0A1E0C1E0E761F022612
:200230002B06761F022C920E761F0226960592A65403EC1E9303ED1C0A06761F0229060CA8
:200240001E0A060E1E0C761F022C0600761F02291E0E8F000708060E030A0FA46709761F0C
:20025000022693065303761F022C56B70109761F02267E030006761F022C4216EF06921B9C
:20026000930E767F02BE6F06921C931B5C0E767F030D5200EC05761F022C1A120001761F20
:20027000022C9225932E5C0E767F04775200EC05761F022C1A1200020006761F021A2D1DB9
:20028000353C761F0226960B8F008A0F9A03767F523E761F0226920B761F0228540F562A49
:20029000090F761F022C9225EC04920E5203EC04761F02282B0F761F022C4012EE04921144
:2002A0005201ED04761F02282B0F761F0226920B761F0228540F6612761F021A2D1C350AD4
:2002B000761F022C08A9FD80541C6408761F02282B0F761F022C1A120001000600FF6D0600
:2002C0005BA85AA9D1008F008A129A02767F523E9A028F008A18767F523E9A028F008A1BD9
:2002D000767F523E761F022C4012EE0692115201EC039225ED06761F02282B122B182B1B6C
:2002E00092A35203ED2192A252466404761F02282B1852786404761F02282B1B761F02283A
:2002F0009218522D6806D101761F022C283E012C761F0228921B525056B701A1761F022CAF
:2003000056B7B43E6F07761F02282B122B182B1BD10092A100FF6D620006B2BDAABD5AA437
:2003100059A99A028F0089FC767F523E9A038F0089F6767F523E9A038F0089F9767F523E33
:200320009A038F008A09767F523E9A038F008A3C767F523E9A038F008A30767F523E9A03FA
:200330008F0089A7767F523E761F022C4012EE0792115201EC0492A25203EC13761F022733
:200340002B3C2B362B39761F02282B092B3C2B30761F02262B272B0C2B119A00FFEF01268B
:20035000761F0226920C56C1010D520156C100F2520256C100C7520356C00109761F022C47
:200360009225ED08761F0226920E761F0227963C6F07761F0227923C761F0226960E761FEC
:20037000021A2D02350A08A9FD8054A16204761F02272B39761F021A2D03350A08A9FD80EA
:2003800054A16204761F02282B09761F021A2D04350A08A9FD8054A16204761F02282B3C3F
:20039000761F021A2D05350A08A9FD8054A16204761F02282B30761F021A2D06350A08A9B4
:2003A000FD8054A16204761F02262B27761F021A9209761F0227543C6618FF200258761F30
:2003B000022C0F026612761F02279239521E680D761F021A2D07350A761F022694A108A941
:2003C000FD80540F56B40111761F021A920A761F0227543C6718FF200258761F022C0F02BA
:2003D0006612761F02289209521E680D761F021A2D08350A761F022694A108A9FD80540FAE
:2003E00056B40111761F021A920B761F0227543C670FFF200258761F022C0F026609761F7E
:2003F0000228923C523C761F022656B70111761F021A920C761F0227543C670FFF200258FF
:20040000761F022C0F026609761F02289230523C761F022656B70111761F021A920D761FC9
:200410000227543C6754FF200258761F022C0F02664E761F02269227523C56B701116F477E
:20042000761F02271B3601A4660892A1761F0226540F630D790F6F0B2B39761F02282B097E
:200430002B3C2B30761F02262B270A0C761F022C9225ED08761F0226920E761F0227963C69
:200440006F26761F0227923C761F0226960E6F1FFF20012C761F022C0F026619761F022630
:20045000790F761F02272B36761F022656BF050E761F022756BF053C761F02260A0C6F07A3
:2004600092A25203ED040A0C6F022B0C761F021A2D14353C761F022C963E4112EF039A006B
:200470006F04761F0226921186BE8BBE0006D00200FF6D0A5AA45BA89641D1009A028F00EA
:2004800089E1767F523E761F022C92115201ED04761F02272B219241ED04761F02272B21EB
:2004900092A25203ED0B3B01761F02198F008AAC8535560100A492C46F0A3B01761F0219AA
:2004A0008F008A9E8535560100A492C454A368129236761F022754216610761F022CCC13F6
:2004B000FFCFED0B9214ED09D101761F02272B216F04761F02272B2192A1D00200FF6D669A
:2004C00000069A038F0089E4767F523E9A038F0089DB767F523E9A038F0089EA767F523EBF
:2004D000761F022C92115201ED06761F02272B242B1B2B2A761F022C920E5203ED03922559
:2004E000ED031812FFFE401256CC00BC761F021A2D24350A761F022C08A9FD80541C6310A0
:2004F000761F021A9226761F0227541B761F022656B80110761F0227562A081B6F04761F11
:2005000002272B1B761F021A2D25350A761F022C08A9FD80541C6310761F021A9227761F57
:200510000227542A761F022656B80110761F0227562A082A6F04761F02272B2A761F021AA1
:200520002D23353C761F02275424761F022656B80110761F021A921E761F022754246647A4
:20053000761F02269210EC39761F022C56BF0131761F02269212761F021A9420761F022799
:200540005424691DD0038F008AAC761F022C9294542E6707761F02279224761F0226961253
:20055000761F02269212761F021A9421761F02275424761F022C56B901386F37761F022C1A
:200560002B3FD003761F02272B242B1B2B2A761F022C1812FFFE6F29761F021A5822761F54
:2005700002279224761F022696126F1FD0038F008AAC761F022C9294542E6704761F02276D
:200580002B24761F021A921F761F022754246607761F022C2B312B3856BF013F761F022772
:200590009224761F0226961292A0761F022C54286802582878278F008AAC9294962B000684
:2005A000761F02262B10761F02272B242B1B2B2A761F022C2B3F00069A038F0089CF767FEF
:2005B000523E9A038F0089CC767F523E9A038F0089D2767F523E761F022C92115201ED06DD
:2005C000761F02272B0F2B0C2B12761F022C920E5203EC031812FFFE761F02259212761FEC
:2005D000022CCA25ED031812FFFE401256CC00BD761F021A2D15350A761F022C08A9FD8083
:2005E000541C6310761F021A9217761F0227540C761F022656B8010D761F0227562A080C75
:2005F0006F04761F02272B0C761F021A2D16350A761F022C08A9FD80541C6310761F021ACB
:200600009218761F02275412761F022656B8010D761F0227562A08126F04761F02272B126D
:20061000761F022C923E761F0227540F761F022656B9010D761F021A920E761F0227540FCA
:20062000664B761F0226920DEC3D761F022C56BF0131761F02259213761F021A9410761F2F
:200630000227540F691C761F022C9224EC07761F0227920F761F02259613D000761F0225DD
:2006400056BF01129213761F021A9411761F0227540F761F022C56B901386F3E761F022CDB
:200650002B3F761F021A5813761F02252B12761F02272B0F2B0C2B12761F022C1812FFFEB5
:200660006F2B761F021A5813761F0227920F761F022596136F21761F021A58128F008AAC90
:20067000761F022C9294542E6704761F02272B0F761F021A920F761F0227540F6607761F27
:20068000022C2B312B3856BF013F761F0227920F761F0225961392A0761F022C5428680279
:20069000582878270006761F02262B0D761F02272B0F2B0C2B12761F022C2B3F00069A03F4
:2006A0008F0089E7767F523E761F022C92115201ED04761F02272B27761F022C9225ED0392
:2006B0001812FFFD4112EF2C761F02199238761F022754276920761F022C9228761F02192D
:2006C0005437761F022C562A09276907761F02199237761F022C9627920B5201EC0552027E
:2006D000EC035203ED10761F021B9216761F022C96270006761F022C1812FFFD0006761F65
:2006E00002272B270006767F0E38767F1110767F11F1767F1213767F122F767F2EAF767F1A
:2006F00013D2761F021992395201ED03767F12A0000693A99AFFD0006F0554946902929408
:20070000D80155A066FB0006B2BDAABD59A986A4761F02292B10761F02199216761F02298F
:200710009611761F02199215761F02299612761F02199214761F0229961356BF0D142B152E
:200720008F0089A19A03767F523E761F022592A154156605541556B801146F022B14791551
:200730009210ED0856BF01102B1456BF040E56BF04119214ED55761F0219560301139C05B6
:2007400054A16646560301139C0554A16606560301129C0554A16637560301129C0554A1E8
:200750006606560301119C0554A16628560301119C0554A16606560301109C0554A16619A2
:20076000560301109C0554A166065603010F9C0554A1660A5603010F9C0554A1761F0225E3
:2007700056B9050F6F18761F022556BF040F6F13761F022556BF030F6F0E761F022556BF28
:20078000020F6F09761F022556BF010F6F04761F02252B0F920E540F562A060F6F4F5201DD
:20079000ED4D761F02195603010F54A1693D5603010F54A169055603011054A1693056033E
:2007A000011054A169055603011154A169235603011154A169055603011254A169165603D2
:2007B000011254A169055603011354A169095603011354A1691D761F02252B0F6F19761FE4
:2007C000022556BF010F6F14761F022556BF020F6F0F761F022556BF030F6F0A761F0225D2
:2007D00056BF040F6F05761F022556BF050F761F0225920E540F562A080F920F960EED0DF3
:2007E0000203761F022C0F006731761F02252B11761F02262B216F2A5205EC249211540F83
:2007F0006614540F670E761F02269221521E681E761F0225920F9611761F02262B216F169F
:20080000761F02262B216F12761F022692215205680D761F0225920F9611761F02262B2105
:200810006F052B11761F02262B21761F022558118F008A50929496C29211ED039A046F065D
:200820009B00520456B001A892A886BE8BBE0006B2BD59A98F0089B99A03767F523E761F52
:200830000219560301179C0A54A169055603011854A16814761F02259216ED10761F022612
:200840009239520467039A006F2A56BF04399A04761F022556BF01166F22761F022592160D
:200850005201ED16761F02262B39761F0219560301189C0A54A1660A5603011754A1680610
:200860009A00761F02252B166F0A9A046F08761F02262B39761F02252B169A008BBE00064C
:20087000D00400FF6D0A82A459A85AA99A038F0089AD767F523E761F022C920E5203EC1653
:20088000761F02195603011B96435603011A9642560301199641761F022C4512EF1B761F0B
:20089000021A5603013796416F15761F02195603011E96435603011D96425603011C9641A3
:2008A000761F022C4512EF06761F021A56030137964192A254416742544167285442682656
:2008B000761F0225921C5202EC0D761F02262B2D92A1520169039CFF6F029A01761F022507
:2008C000961B761F0226922D520568092B2D92A152016905D981761F0225791B761F022571
:2008D000921B96C356BF021C6F21544267035443670C5443671B761F02262B2D56BF0DC322
:2008E000761F02252B1C6F12761F02262B2D79C3761F022556BF011C6F09761F02262B2DA8
:2008F0002BC3761F022556BF041C761F0225921CD00400FF6D66000600FF6D0682A459A85A
:200900005AA99A038F008A2D767F523E761F02195603011F54A2694C5603011F54A2692A96
:200910005603012054A26626761F0225921E5202EC0D761F02282B2D92A1520169039CFF6E
:200920006F029A01761F0225961D761F0228922D520568092B2D92A152016905D981761FBB
:200930000225791D761F0225921D96C356BF021E6F275603012054A269055603012154A20C
:20094000690E5603012154A2691B761F02282B2D56BF0DC3761F02252B1E6F12761F0228EA
:200950002B2D79C3761F022556BF011E6F09761F02282B2D2BC3761F022556BF041E761FFE
:200960000225921E00FF6D62000600FF6D0682A459A55AA9761F022CCD160008CC1700089A
:20097000FFD2FFC2CAA8EC0656BF0DC39A00FFEF01279A038F008A40767F523E9A038F0035
:200980008A03767F523E9A038F008A00767F523E761F022C92115201EC06920F5201EC037C
:200990009225ED08761F02292B00761F02282B032B00761F02192D22350A08A9FD8054A236
:2009A000FFE500E6761F02259218520456C100CC761F02192D24350A08A9FD8054A26266A2
:2009B0002D22350A08A9FD8054A26560761F022592185202EC26761F02282B0392A1520171
:2009C0006916761F022CBE050600761F022603140FA66707761F0225921756B101176F0B17
:2009D00092A1761F02259CFF96176F05761F022556BF0117761F022C0600761F02261E14BB
:2009E000761F02282B00761F02292B00761F02192D23350A08A9FD8054A26511761F02288A
:2009F0009203525A681B2B0392A1520169039CFF6F029A01761F022596176F10761F0228B5
:200A00009203522D680B2B0392A1520169039CFF6F029A01761F02259617761F02259217BA
:200A100096C356BF0218FFEF00852D26350A08A9FD8054A262492D24350A08A9FD8054A2B6
:200A20006543761F02292B00761F02282B0392A1EC33761F02192D25350A08A9FD8054A27F
:200A30006426761F0228920052B46711761F0225921A9EA15201ED0792195201ED04921AC4
:200A400096C36F1D791A79C32B196F192B0092A1520D67049A0194A16F029A0D96C3C5A345
:200A5000761F0225241A56BF01196F09761F02282B0079C36F042B0056BF01C3761F02258C
:200A600056BF01186F36761F02282B00761F02292B00761F02282B0356BF0DC3761F022540
:200A70002B186F27761F02282B002B03761F02292B002BC3761F02192D26350A08A9FD802C
:200A800054A26517761F02252B186F13761F02282B002B03761F02299200520A670379C3F7
:200A90006F0856BF0A00761F022556BF04182BC3761F022592185201EC022B1A00FF6D621B
:200AA000000600FF6D0682A459A85AA99A038F008A46767F523E761F021B920F9CC054A26E
:200AB0006962920F9CC054A2693D92109CC054A26639761F022592355202EC20761F02298C
:200AC0002B0692A152016910761F022CBE050600761F0226031A0FA6680B92A1761F022569
:200AD0009CFF96006F05761F022556BF0100761F022C0600761F02261E1A761F0229920679
:200AE000523C68092B0692A152016905D981761F02257900761F0225920096C356BF023550
:200AF0006F2A92109CC054A2690592119CC054A2690E92119CC054A2691E761F02292B0612
:200B000056BF0DC3761F02252B356F15761F02292B0692A156B101A179C3761F022556BF76
:200B100001356F09761F02292B062BC3761F022556BF0435761F0225923500FF6D620006D7
:200B200000FF6D065BA85AA98F008A159A03767F523E9A038F008A0C767F523E761F022CE3
:200B3000920E5203EC0A761F0218590458058F008A9E929C80946F09761F02185904580577
:200B40008F008AAC929C8094761F022C9307EC2D93115301EC2A9327EC284012EE2493A0A5
:200B500055A2661288A2761F02259309ED0288A09308ED2488A1761F022CCD13FFCFCB1458
:200B6000EC1D88A26F1B761F02259308ED0A88A1761F022CCD13FFCFCB14EC1088A26F0E4E
:200B700088A26F0C88A26F0A761F02252B082B09761F02282B152B0CBE0054A3ED0C761F81
:200B800002189306761F02285515761F022556B901086F04761F02282B1592A754A3ED0C0A
:200B9000761F02189207761F0228540C761F022556B901096F04761F02282B0C761F022CDD
:200BA000920E5203EC068F008A9E58A692946F058F008AAC58A6929400FF6D62000600FF43
:200BB0006D065BA9D100D2008F008A219A03767F523E9A038F008A24767F523E761F022C8D
:200BC000CC1201C0761F0225FFC5540AEC0B2B0C761F02282B21761F02252B03761F0228B6
:200BD0002B24761F022C920E5201EC74520356C000E3CC1201C0FFC55202EC64CC1201C0AC
:200BE000ED34761F02259203ED16761F022A9232761F0225960D761F021A592ED23C761FC1
:200BF0000225920C520156B10103761F02282B24FFEF00C2520156C000BF761F0228922467
:200C0000520556B705246704761F02252B0C761F022A922D761F0225960D761F021A592ED2
:200C10008D800258FFEF00A8CC1201C0FFC55201EC1ECC1201C0FFC55203EC10CC1201C0B4
:200C2000FFC5520456C00098761F021A5930761F022556BF010CFFEF008F761F021A592F1E
:200C3000761F022556BF010CFFEF0086761F022A9224761F0225960D761F021A592DD23C37
:200C40006F7A761F021A592C761F022556BF010C6F72CC1201C0FFC55202EC66CC1201C00E
:200C5000ED33761F02259203ED17761F022A9224761F0225960D761F021A592AD23C761F62
:200C60000225920C5201ED0456BF01032B0C761F02282B246F505201ED4E761F022892244B
:200C7000520556B705246704761F02252B0C761F022A921F761F0225960D761F021A592A74
:200C80008D8002586F38CC1201C0FFC55201EC21CC1201C0FFC55203EC14CC1201C0FFC568
:200C90005205ED293B01761F021A8F008A9E8535560100A459C4761F022556BF010C6F1BF9
:200CA000761F021A592B761F022556BF010C6F13761F022A9224761F0225960D761F021A18
:200CB0005929D23C6F08761F021A5928761F022556BF010C761F022CCC1201C0761F0225EF
:200CC000FFC5960A761F022C9225EC1892115201EC159227EC13761F0225920CEC09761F9F
:200CD000022C922AED03792A6F16592A6F14590D920D761F022C962A6F0E761F02252B0C04
:200CE000761F02282B21761F02252B03761F02282B2459A393A3761F0225550DED0A93A275
:200CF000761F02285521761F022556B9010C6F04761F02282B2192A100FF6D62000600FF53
:200D00006D065BA85AA98F0089F09A03767F523E9A038F0089F3767F523E9A038F008A1E2F
:200D1000767F523E9A038F008A06767F523E761F022C920E5201EC1C5202EC1A5203ED396A
:200D20008F008AACD003761F02259294960B9B0558A892949605D0039294960656BF3C361B
:200D300056BF1E3156BF1E3056BF0F336F228F008A9ED003761F02259294960B9B0158A84B
:200D400092949605D00692949606D10A929C9634761F02189203EC039A3C6F029A1E761FA0
:200D50000225963656BF0F3156BF0F3056BF0F33761F02259237761F022C540EEC08761F5D
:200D600002252B042B012B022B072B32761F022C920E761F02259637761F022C922556C1B8
:200D700000B79211520156C100B3920E5203EC395201ED5C761F02259204EC279201EC1C36
:200D80009202EC139207ED0A9A0A54A2690358A26F02D00A56BF04326F20761F021A5835CD
:200D9000761F02252B326F1992A054A2690258A256BF03326F1292A854A2690358A26F0243
:200DA00058A856BF02326F099A0354A2690358A26F02D00356BF01328F008A9E92946F267B
:200DB000761F02259204EC179201EC0C9202ED0892A054A2690258A256BF03326F142B3203
:200DC0006F1292A854A2690358A26F0258A856BF02326F099A0354A2690358A26F02D0038D
:200DD00056BF01328F008AAC9294761F022593325301ED0D93A3550BED0A9336761F0227ED
:200DE0005530761F022556B901046F04761F02272B30761F022593325302ED0D93A35505B2
:200DF000ED0A9331761F02275533761F022556B901016F04761F02272B33761F0225933205
:200E00005303ED0D93A35506ED0A9330761F0228551E761F022556B901026F04761F022805
:200E10002B1E761F022593325304ED0D93A35534ED0A9333761F02285506761F022556B946
:200E200001076F14761F02282B066F10761F02252B042B012B022B072B32761F02272B30CC
:200E30002B33761F02282B1E2B0600FF6D6200069A038F008A27767F523E9A038F008A2AF5
:200E4000767F523E9A048F008A39767F523E9A038F008A43767F523E9A038F008A33767F3C
:200E5000523E761F022C920E5201EC0D5202EC0B5203ED10D0038F008AAC761F022592942C
:200E6000963E6F08D0038F008A9E761F02259294963E761F022C4412EE38761F0225923B1F
:200E7000761F022C540EEC14920E5203EC0B761F0225923B5203EC06761F022CCC0EFFFBEA
:200E8000ED07761F022C9204761F02299603761F022C920E761F0225963B761F022C4A129D
:200E9000EE0C761F0225923D5201ED07761F022C9204761F02299603761F022CCC1204001F
:200EA000761F0225FFC9963D761F0225923CEC05761F022C4A12EF05761F022956BFAF03C6
:200EB000761F0229920352AF6705761F022C2B276F0356BFAF03761F022C9209ED1E92080F
:200EC0005201EC1B9215ED199227ED143B01761F02188F008A9E8508761F022C560100A464
:200ED00092C4542E68032B246F0956BF01242B276F0556BF01246F022B249224ED0C2B071D
:200EE0004012EF309208ED2E9215761F022856B1AF276F28761F0225923CED15761F0228A7
:200EF0009227520A67075200EC1D761F022C4412EF19761F022556BF013C761F022C56BFFD
:200F000001076F10761F022C4A12EE0A761F0228922752AF761F022C56B701076F0356BF5B
:200F10000107761F022C9207EC15761F0228922A520567075200EC14761F022C4412EF10B2
:200F2000761F022C56BF0125761F022856BF052A6F07761F02282B2A761F022C2B25761F7E
:200F3000022C92255201EC08761F0228922752AF56B7AF276F04761F02282B27761F022CD2
:200F40009225ED0456BF142C2B2B92105201EC235202EC19761F022D923BED0E761F022C92
:200F50009227932C767F0B20962B767F1941761F022C962B6F18761F021B9215761F022CB2
:200F6000962B6F119227932C767F0CFF761F022C962B6F094012EE07922C767F0BAF761F73
:200F7000022C962B922BEC04520A56B80A2B761F022D923BEC42761F022C4112EE17761FB7
:200F8000021B9215761F022C542EED0C761F02281B33070869352B33761F022C1A12000246
:200F90006F2F761F02282B336F2B761F02289233523C68072B33761F022C1812FFFD6F2095
:200FA000761F022C920E5203ED0B3B01761F021B8F008AAC8516560100A492C46F0A3B012D
:200FB000761F021B8F008A9E8516560100A492C4761F022C962B6F04761F02282B33761F23
:200FC000022892395264FFE800B7761F02250A39761F02282B39761F022C922C542B685BE3
:200FD000542B6956761F0225923E761F022C542C6612761F02189A64930C00FF6C37761FF9
:200FE000022554396618761F022C0B2C761F02252B396F11761F02189A64930B00FF6C3738
:200FF000761F022554396607761F022C0B2C761F02252B39761F022C920E5203ED15D00087
:2010000092A0520D66788F008AAC761F022C9294542C6606D80192A0520D69F66F6C92A0F1
:201010009CFF962D6F68D00092A0520D66648F008A9E761F022C9294542C6606D80192A0C9
:20102000520D69F66F5892A09CFF962D6F549227962D6F51761F0225923E761F022C542CCD
:201030006612761F02189A64930A00FF6C37761F022554396618761F022C0A2C761F0225C0
:201040002B396F11761F02189A64930900FF6C37761F022554396607761F022C0A2C761F7D
:2010500002252B39761F022C920E5203ED13D00092A0520D66208F008AAC761F022C9294A8
:20106000542C6706D80192A0520D69F66F14782D6F12D00092A0520D660E8F008A9E761FF0
:20107000022C9294542C6706D80192A0520D69F66F02782D761F022C922BED103B01761FF2
:2010800002188F008A9E8508761F022C560100A492C4542E68032B252B2D920BEC04922DFD
:2010900056B1012D0006761F022C920E5203EC18CC1201C0ED06761F021B2D09350A00068A
:2010A000CC1201C0FFC55201ED06761F021B2D09350A0006761F021B2D08350A0006CC1250
:2010B00001C0ED06761F021B2D0B350A0006CC1201C0FFC55201ED06761F021B2D0B350A6B
:2010C0000006761F021B2D0A350A0006767F10931BA9025868081BA9032067039A020006C3
:2010D0009A0300069A010006761F022C92335204620A5204EC225201EC2F5202EC285203E3
:2010E000EC216F075205EC145206EC0D5207EC06761F021B2D01350A0006761F021B2D076F
:2010F000350A0006761F021B2D06350A0006761F021B2D05350A0006761F021B2D04350A26
:201100000006761F021B2D03350A0006761F021B2D02350A0006761F021B2D01350A000657
:201110009A038F0089AA767F523E761F022C4012EE0E9207ED07021E0F04660B2B322B31E0
:201120006F0856BF013256BF01316F0392319632920E5203ED155203ED26921B52F06403F7
:201130009A046F0A526464039A056F06520063039A076F029A06761F022596386F141B1BAA
:2011400001CC64039A006F0C1B1B012C64039A016F07921B52C864039A026F029A03761FFE
:2011500002259638761F022C92305203ED4A922752016905761F022D923BEC0C28AC00059D
:20116000761F02258F3F78913038560100A492C46F35761F022C92275202660C28AC000564
:20117000761F02258F3F78923038560100A492C46F255203660C28AC0005761F02258F3F54
:2011800078933038560100A492C46F185204660C28AC0005761F02258F3F7894303856010E
:2011900000A492C46F0B28AC0005761F02258F3F78953038560100A492C4761F022C963316
:2011A000CD160002CC160008FFD0FFC2CAA856B0033392325201ED3A92305203ED3C45124D
:2011B000EE17CD160002CC160008FFD0FFC2CAA8ED07767F10D4761F022C96346F0E761FDD
:2011C000021B2D05350A761F022C96346F06767F1093761F022C9634761F0225923A761F3D
:2011D000022C5434690F761F0226922A523C56B73C2A6711761F0225923A761F022C9634CA
:2011E0006F0A761F02262B2A6F062B342B33761F02262B2A761F022C9234761F0225963A0B
:2011F0000006761F022C9312CC1204009101FFC9CAA8ED089B00920E520356B101A89738BF
:201200006F03923896394412EE0C02960F04690492075201ED089225ED0692389639000631
:20121000923896390006FE02761F022ACC0C2FF6761F022ACA12ED0C761F022C920C761FD5
:20122000022DCA00ED059A01767F5A406F075CADDC81767F1402767F6033FE8200069A0307
:201230008F0089B0767F523E761F022C4512EE109207ED0B922052A0680552AA695E2B3772
:201240006F5C56BF01376F5956BF01376F56920E5201EC225203ED3ECC1201C0FFC5520165
:20125000EC14CC1201C0FFC55202ED089A00761F021A933EEC2F9A016F2D9A00CD1201C02A
:20126000FFD5EC289A016F269A00761F021A933FEC219A016F1FCC1201C0FFC55201EC144D
:20127000CC1201C0FFC55202ED089A00761F021A933CEC109A016F0E9A00CD1201C0FFD576
:20128000EC099A016F079A00761F021A933D56B001A95201EC0C761F02269330537856B7DA
:201290007830761F022C562A07376F07761F02262B30761F022C96374016EF022B37000648
:2012A0009A028F008A36767F523E9A028F0089B3767F523E9A028F0089B6767F523E761F4E
:2012B000022C920EEC04761F02262B365203ED09761F022C92075201761F022556B1012064
:2012C000761F022C920E5203EC04761F02252B20761F02259220ED04761F02282B36761F4B
:2012D00002259223ED060200761F022619011E1C761F02259223ED240203761F022C0F00C3
:2012E000661F761F02192D3A350A761F022C08A9FD80541B6510761F02192D3B350A761F52
:2012F000022C08A9FD80541C6506920E761F022556B1013F761F022556BF01236F21761FEA
:2013000002261B360168691C761F02192D3A350A761F022C08A9FD80541B6512761F021989
:201310002D3B350A761F022C08A9FD80541C6508761F022556BF013F761F02262B36761F84
:201320000228923652086630761F022C920E5203ED2B761F02259226ED08761F022C920C31
:20133000EC04761F02250A25761F0225922552036822761F02192D3A350A761F022C08A9A6
:20134000FD80541B6518761F02192D3B350A761F022C08A9FD80541C650E761F02252B25ED
:2013500056BF01246F08761F022856BF0836761F02252B25761F022C920C761F02259626D5
:201360009224520156B1013F923FEC0C761F0219923C761F022654336708761F02252B3FFD
:201370006F04761F02262B33761F0225923F5201ED0B92245201EC08761F022C9207EC04AE
:20138000761F02252B3F761F02192D3D350A761F022C08A9FD80541B6307761F0225922492
:201390005201EC022B3F761F022C9216EC064616EE04761F02252B3F761F022592245201FC
:2013A000ED0A923FED082B24761F022C0600761F02261E1C761F022CBEB40600761F022669
:2013B000031C0FA6660D061C761F022C0F006708761F02259225761F022C56B00109761F98
:2013C0000225923F761F022C963ACD15BFFF761F022592249001FF8DCAA8761F022C961573
:2013D00000060006761F022C4512EF2ACC1201C0FFC55201ED04920E5201EC17CC1201C082
:2013E000FFC55201ED0F920E5203ED0C761F021A9B00923A761F022C520156B101A8972F48
:2013F000000656BF012F0006761F021A9B009239761F022C520156B101A8972F000656BFCE
:20140000012F00069A00761F022D4600EF049A1956BF01C4400056CD00E0450056CD00DAED
:20141000410056CD00D3420056CD00CC480056CD00C5430056CD00BE470056CD00B7761F4A
:20142000022A401256CD00AE441256CD00A7491256CD00A0461256CD00864712EE7F4812FE
:20143000EE7A4312EE744A12EE6E4212EE684112EE624512EE5C761F022A440CEE55490C2E
:20144000EE50450CEE4B480CEE464C0CEE41470CEE3B4A0CEE36410CEE314B0CEE2C430C93
:20145000EF06761F022C920E5201EC22761F022A430CEF06761F022C920E5203EC16761F6F
:20146000022C920C5204EC0D5205EC0B5206EC095207EC039A0000069A2056BF01C4000634
:201470009A2356BF01C400069A172BC400069A162BC400069A152BC400069A142BC400062D
:201480009A132BC400069A1256BF01C400069A112BC400069A102BC400069A0F2BC4000641
:201490009A0E2BC400069A0D2BC400069A0C56BF01C400069A0B56BF01C400069A0A56BF3F
:2014A00001C400069A0956BF01C400069A0856BF01C400069A072BC400069A0656BF01C44C
:2014B0000006761F022C930C5309EC0F5310EC0D5308EC095301EC055313ED089A226F06E0
:2014C0009A216F049A056F029A0456BF01C400069A0356BF01C400069A0256BF01C4000657
:2014D0009A0156BF01C400069A1F56BF01C400069A1E56BF01C400069A1856BF01C40006BE
:2014E0009A1D56BF01C400069A1C56BF01C400069A1B2BC400069A1A56BF01C400069A01E6
:2014F00093C41BA812FD623F1BA812FD56C101771BA812C5621F1BA812C556C100FF1BA823
:20150000127E620F1BA8127E56C1009C5300EC661BA8126BEC741BA8127456C100826F5BD3
:201510001BA812B056C100C11BA812BB56C100D56F521BA812E0620E1BA812E056C101111E
:201520001BA812CE56C100EB1BA812D756C100F86F421BA812E956C101151BA812F456C1CF
:20153000012D6F391BA81336621E1BA8133656C1019C1BA81319620E1BA8131956C10162B1
:201540001BA8130756C1013C1BA8131056C101496F221BA8132256C101661BA8132C56C1F3
:2015500001736F191BA81353620E1BA8135356C101B61BA8133F56C101891BA8134856C104
:2015600001966F091BA8135D56C101BF1BA8137756C101CC9A032BC400060200761F0226D0
:201570001E16761F022A4012EF0E56BF01C5761F02261A1600019A0028C4126B5200ED0309
:201580009A010006761F022A4412EF0E56BF02C5761F02261A1600029A0028C4127452006D
:20159000ED039A010006761F022A4912EF0E56BF03C5761F02261A1600049A0028C4127EAD
:2015A0005200ED039A010006761F022A9312761F022CFFD59215FFC5CEA840A9EF29920CCB
:2015B0005209EC035210ED039A046F165208ED039A056F125201ED074412EF039A1A6F0C34
:2015C0009A056F0A5213ED074412EF039A1B6F049A056F029A0596C5761F02261A1600082B
:2015D0009A0028C412B05200ED039A010006761F022A9312761F022CFFD69215FFCCCEA8EA
:2015E00040A9EF0E56BF06C5761F02261A1600109A0028C412BB5200ED039A010006761F5D
:2015F000022A4812EF0E56BF07C5761F02261A1600209A0028C412C55200ED039A0100062A
:20160000761F022A4312EF0E56BF08C5761F02261A1600409A0028C412CE5200ED039A0165
:201610000006761F022A4A12EF0E56BF09C5761F02261A1600809A0028C412D75200ED0399
:201620009A010006761F022A4212EF0E56BF0AC5761F02261A1601009A0028C412E052005B
:20163000ED039A010006761F022A4112EF0E56BF0BC5761F02261A1602009A0028C412E9A3
:201640005200ED039A010006761F022A4512EF19761F022CCC121000CD120800FFCBFFDA4C
:20165000CA09CBA9EC0E56BF0CC5761F02261A1604009A0028C412F45200ED039A010006F3
:20166000761F022A440CEF0E56BF0DC5761F02261A1608009A0028C412FD5200ED039A010E
:201670000006761F022A490CEF0E56BF0EC5761F02261A1610009A0028C413075200ED037A
:201680009A010006761F022A450CEF0E56BF0FC5761F02261A1620009A0028C413105200A9
:20169000ED039A010006761F022A480CEF0E56BF10C5761F02261A1640009A0028C41319CE
:2016A0005200ED039A010006761F022A4C0CEF0E56BF11C5761F02261A1680009A0028C453
:2016B00013225200ED039A010006761F022A470CEF0E56BF12C5761F02261A1700019A007C
:2016C00028C4132C5200ED039A010006761F022A4A0CEF0E56BF13C5761F02261A1700020B
:2016D0009A0028C413365200ED039A010006761F022A410CEF0E56BF14C5761F02261A1761
:2016E00000049A0028C4133F5200ED039A010006761F022A4B0CEF0E56BF15C5761F02266A
:2016F0001A1700089A0028C413485200ED039A010006761F022A430CEF15761F022C920E66
:201700005201EC035202ED0E56BF16C5761F02261A1700109A0028C413535200ED039A0181
:201710000006761F022A430CEF13761F022C920E5203ED0E56BF17C5761F02261A170020EF
:201720009A0028C4135D5200ED039A010006761F022606180F16EC040618EC022BC50616C8
:201730001E189A0028C41377520056C0FE389A0100069A038F00899E767F523E761F022C79
:20174000920E5203ED5B520356C000AB761F022D4100EE04761F02262B1E761F022C9312D1
:20175000CC1200029101FFC0CAA856C0009A761F022D4100EE24761F022C4116EE1B431693
:20176000EE144216EE0D761F022D420056CC0089761F022C9227520656B606270006922797
:20177000520656B6062700069227520556B6052700069227520456B604270006761F022C65
:20178000921952C86216761F02261B1E0708680A1B1E087068032B1E0006761F022C2B2715
:201790000006761F022C9227520556B6052700069227520356B603270006761F022D4100D3
:2017A000EE04761F02262B1E761F022C4112EE48761F022D4100EE23761F022C4216EE1AAC
:2017B0004116EE134316EE0C761F022D4200EF38761F022C9227520656B606270006922775
:2017C000520556B6052700069227520656B6062700069227520556B605270006761F022C13
:2017D000921952FA6216761F02261B1E0708680A1B1E087068032B1E0006761F022C2B2793
:2017E0000006761F022C9227520356B6032700069227520556B60527761F02262B1E000682
:2017F000D400761F022C4116EF02DC014316EF02DC014216EF02DC01761F022D4100EF0BD1
:20180000DC01761F022C1B19FED465041B1903206402DC01761F022D4200EF0BDC01761FAD
:20181000022C1B1AFED465041B1A03206402DC0192A452026721761F022D9300CC0000400A
:201820009101FFC5CAA8CD000020FFD4CBA9ED0F761F022C920CED089B00CC16FBF156B0EB
:2018300001A89708000656BF01080006761F022C56BF01080006761F022C56BF0108000658
:201840009A038F0089DE767F523E761F022C920D5202EC04761F02272B1E761F0227921E55
:20185000527856B7781E761F022D4000EE524100EE4B4200EE44761F022CCC0EFFFBEC3C1A
:20186000761F0225921F5203ED08761F022C920E5201EC2F5202EC2D761F022C920E5203BB
:20187000ED08761F0225921F5201EC1E5202EC1C761F022C920D5202ED06761F0227921E26
:201880005278682B761F022C9225CA26EC0A4314EF249227ED229215CA1656B1040D6F1D2E
:2018900056BF030D6F1A761F022C56BF020D6F1556BF020D6F1256BF010D6F0F761F022C16
:2018A00056BF070D6F0A761F022C56BF060D6F05761F022C56BF050D761F022C9225520170
:2018B000ED022B0D920E761F0225961F00069A038F0089D8767F523E761F022C9216761FC8
:2018C000022A9612761F022A9211EC07761F022A9212761F02259621761F02259222761F00
:2018D000022ACA12EC0E761F02259222ED07761F022A9212761F0225962156BF01226F040F
:2018E000761F02272B18761F022792185278680B761F022592225201ED062B22761F022781
:2018F00056BF7818761F022592225201ED059221761F022A981200069A038F0089ED767FC3
:20190000523E761F022C9215761F022A960C761F022A9211EC07761F022A920C761F0225F8
:20191000962B761F0225922C761F022ACA0CEC0E761F0225922CED07761F022A920C761F89
:201920000225962B56BF012C6F04761F02272B2D761F0227922D5278680B761F0225922CC0
:201930005201ED062B2C761F022756BF782D761F0225922C5201ED05922B761F022A980CA1
:201940000006B2BD59A98F0089C39A04767F523E9A048F0089C6767F523E9A028F0089D588
:20195000767F523E9A028F0089BC767F523E9A038F0089C0767F523E761F022C921B761FFE
:2019600002255428650B761F02271B0303206909761F02252B2796286F04761F02272B03B8
:20197000761F02255428630C761F02271B060320761F022556B60127562A06286F04761F08
:2019800002272B06761F02259327ED1D1BA9011863039A006F121BA9011864041BA90136CF
:20199000640B1BA9013664041BA9015464039A036F049A026F029A01962E922D542E562AA8
:2019A000062E6F1E5301ED1C1BA9010E63039A006F121BA9010E64041BA9012C640B1BA956
:2019B000012C64041BA9014A64039A036F049A026F029A01962E922D542E562A082E922ED9
:2019C000962D761F022C92189CFB54196412761F0226923C5214681156BF133C761F022CCC
:2019D0001B1D0352630A1B1C022656B401A66F05BE00761F02262B3CFF200384761F022C2E
:2019E0000F02670892A65201ED05761F02251A2A0001761F022C92189C0A54196205761F6D
:2019F0000225182A00FE761F022C92115201EC07920F5201EC04920E5201EC0B761F02253A
:201A0000182A00FE761F022C2B0B761F02272B15761F0225922EED16761F022C920B52015D
:201A1000EC09761F0225922A761F022C56B0010B6F46761F0225922AED42761F022C2B0B1F
:201A20006F3E5201EC285202EC11761F022C920B5204ED054312EE332B0B6F314312EF0306
:201A30009A046F029A00960B6F2A761F022C920B5203EC09761F0225922A761F022C56B0C8
:201A4000030B6F1D761F0225922AED19761F022C2B0B6F15761F022C920B5202EC09761FB3
:201A50000225922A761F022C56B0020B6F08761F0225922AED04761F022C2B0B761F022C21
:201A6000920BEC4B5201EC2D5202EC155203ED11761F02279215520A6905761F021B9214F7
:201A70006F04761F022A921F54A1693892A16F3692A16F34761F02279215520A6605761F6C
:201A8000022A921F6F0A52146605761F021B92146F04761F021B921554A1692092A16F1EBD
:201A9000761F02279215520A69115214690B521E6605761F021B92156F0C761F021B921816
:201AA0006F08761F021B92146F04761F022A921F54A1690492A16F0292A1761F022C9318CB
:201AB0009DF155196511930B5301EC055302EC035303ED0A761F0227930053B4680856BF53
:201AC000B4009A006F04761F02272B00761F022C9325EC03930BED04761F02272B15761FD0
:201AD000022C9312910180A8CD120002FFD0CBA788A8CD122000FFDCCBA6EC0292A18BBE62
:201AE00000069A038F0089C9767F523E761F022C920EED12761F02259229EC0E761F022C47
:201AF0009209EC0A4016EE08761F022A56BF0311761F02272B09761F022C920E761F0225FE
:201B00009629761F022A9211EC3C761F0227920952036805761F022A2B110006761F022C99
:201B10002B091815FFBF761F022A180CFFBF761F022C1815DFFF761F022A180CDFFF761FCD
:201B2000022C2B15761F022A2B0C761F022C1816FFBF761F022A1812FFBF761F022C1816F6
:201B3000FFDF761F022A1812FFDF761F022C2B16761F022A2B12767F4150761F022C2B0C6C
:201B400000069A038F0089A4767F523E761F0225922F761F022D543B690656BFAC3A761FD2
:201B500002262B24761F022D923A52ACED10761F022C2B372B252B32761F01BF1A0500022B
:201B6000761F02269224520A68056F00761F02262B24761F022D923B761F0225962F000696
:201B70008F0083C0761F0206A810D00092A052E6670D8F3F768292948A1096CC020256013D
:201B80000010D80192A052E668F58F0081D0A824D40092A4521567189A013B018F7F78D4C8
:201B900094A485A9560100A585C58F7F7682560100A50EC583241EC5020256010024DC01CE
:201BA00092A4521568EA0006761F02059232EC1196302B327622761F01A11A180004761F16
:201BB00001A21A180004761F01A31A180004761AFF690006767F253E767F1D93767F25397F
:201BC0000006D00800FF6D0A1EA7925D8B602D59A3585B55C4548E529645065C1E4806A799
:201BD0000FA166343AA90FA1662106A60FA1691092A35BA59EA30EA91E4206A603A01E447E
:201BE000B2A903A0767F64E794A35AA96F2692AC565D00A69EA30EA91E42B2A9A94403A6F8
:201BF000767F64E794A35AA96F1892A55BA43AAB9EA30EA9565D00A71E42B2A9A94403A715
:201C0000767F64E794A35AA96F080EA41E42C344B2A9767F64E75AA906480FA166039A001B
:201C10006F0A92450EA91E4206481E44064803A1767F64E793A295A992A8D00800FF6D6614
:201C20000006761F02342D0CBE00761F021333010EAB761F02060F30761F020556B901A617
:201C3000CD0DFFFE92A69001CAA8960D9239CD0DDFFF9001FF8CCAA8960D0006FE10761F82
:201C40000207062E29011E428F0003E8062C761F02121E448F4003E856030E17FF5A761FE0
:201C5000020B0200F61F561700A4061C3F45761F020E1E48920C761F020B96490626761FAE
:201C6000020E1E4C920D761F020C964D0624761F02121E5056030E1FFF5A0200F61F561721
:201C700000A45CAB56030E1B761F0207FF5A0200F61F561700A506305DAB767F1BC1761F63
:201C800002059631FE900006761F0205CD360030CC390002FFD3FFC0761F020ECAA8931DB4
:201C90009101CBA9ED14761F0213BE000E0B761F02070F0056B701A6761F020592A6CD0D9D
:201CA000FFFB9001FF81CAA8960D0006761F0205180C7FFF761F020E2B000006761F020A49
:201CB0000624ED08761F020C061A761F020A1E346F13761F020E0E06761F020A1EAC5644FF
:201CC0000030761F020B07201E20761F020AFF1F00010EA81E34761F020E2B1E181DFFFDE6
:201CD0000006FE04761F020A0624EC25761F020C061A761F020B032A1E420634761F020A43
:201CE0001E440624767F64E71EA6ED02BE01761F020C061A761F020B032A761F020AFF3F35
:201CF000FF5A0200F61F561700A6A9300630ED0302011E30FE840006761F020B060AED08D2
:201D0000761F020C061A761F020A1E340006761F020E0E06761F020A1EAC56440030761F84
:201D1000020B0F20680302006F05C420564100A606A61E20FF1F00010EA8761F020A1E34C3
:201D20000006761F02100E0B761F020A1E24761F02100E0D761F020B1E0A761F020A026467
:201D30001EAC56650024A924761F020B5665000AA90ABE00761F020A0624761F020C0F10B8
:201D400056B001A6761F020592A6CD37FFF79001FF82CAA89637761F020BBE00060A761FB2
:201D5000020C0F1256B001A6761F020592A6CD37FFEF9001FF83CAA89637761F020A0624B4
:201D6000761F020C1E10761F020B060A761F020C1E120006FE04761F020B060AEC23062A14
:201D7000761F020C031A761F020B1E4206341E44060A767F64E71EA6ED02BE01761F020B91
:201D8000062A761F020C031A761F020AFF3FFF5A0200F61F561700A6A9300630ED030201EF
:201D90001E30FE840006767F1D9A767F1F08767F1F810006761F020FCC31000F88A9923154
:201DA000FFA3900F761F02059001CD0CFBFFFF89CAA8960C92A65202EC061836F7FF183834
:201DB000FEFF00061A3800C01838FEFF1836F7FF0006FF2003E8761F02070F0E761F020506
:201DC00056B5012492245201ED1B761F02169207761F0205541366079C32541367111A3D08
:201DD00008000006183DF7FF761F0232920B5208ED07767F530A761F020556BF07300006A6
:201DE000761F020ECC1B6000FFCC520156C000C0761F0205CD390040CC390004FFD5FFC184
:201DF000CAA856C0008B761F020ECC1C00035202EC745203EC2F767F1EBF761F020E921CE7
:201E0000900356C000A5CC1B6000FFCC520156C0009F761F0205183DFFFE18367FFF767FAB
:201E100024E0761F020702001E06761F020E181B9FFFCC1B0060FFC4520356C00089CC1B8F
:201E20009FFF1AA94000961B761F0205180DFFBF0006761F0205400DEE314139EE2C767F3A
:201E30001EBF761F020E921C9003ED71CC1B6000FFCC5201ED6C761F0205183DFFFE183677
:201E40007FFF767F24E0761F020702001E06761F020E181B9FFFCC1B0060FFC45203ED572E
:201E5000CC1B9FFF1AA94000961B761F0205180DFFBF0006767F1C210006180DFFFE761FC5
:201E6000020ECC1CFFFC5002961C761F02051A368000767F1FFA0006921C90035202ED3732
:201E7000767F1FA3761F020ECC1B1800FFCA5202ED2E767F22A30006767F1EBF761F020E88
:201E8000921C9003ED24CC1B6000FFCC5201ED1F761F0205183DFFFE18367FFF767F24E0CC
:201E9000761F020702001E06761F020E181B9FFFCC1B0060FFC45203ED0ACC1B9FFF1AA95A
:201EA0004000961B761F0205180DFFBF0006761F020ECC1B6000FFCC5201ED11761F020508
:201EB000183DFFFE18367FFF767F24E0761F020702001E06761F020E181B9FFF0006761F26
:201EC000020ECC1C00035201EC275202EC045203EC180006767F2014761F020ECC1B180031
:201ED000FFCAED1C921C90035202ED180200761F02071E021E00761F020E181CFFFC0006CE
:201EE000761F0205180DFF7F180DFFFE761F020E181CFFFC0006181CFFFC0006761F0206D5
:201EF0001801FFFE761F02051839FFFD18367FFF1839DFFF1839FFBF1839FFDF1835FEFF50
:201F0000761F020E181DFFFE181DFFFD2B1E0006761F0205CD39FFBF761F0206CC0100049C
:201F1000FFC1761F0205FF85CAA89639761F02061801FFFB761F0205CD39FFDF761F0206C3
:201F2000CC010010FFC3761F0205FF84CAA89639761F02061801FFEF761F0205403DEE0AED
:201F30001839DFFF761F02061801FFF718037FFF0006761F0206FFCCCD0100089001FFD277
:201F4000761F0205CBA99101CC39DFFFFF9CCBA99739761F02061801FFF70006761F0205CF
:201F5000CC380100CD36FDFFFFC7FF88CAA896360006761F020ECC1B6000FFCC5201EC04E2
:201F60005202EC1D0006767F1EBF921C9003ED19CC1B6000FFCC5201ED14761F0205183D8E
:201F7000FFFE18367FFF767F24E0761F020702001E06761F020E181B9FFF0006181B9FFF7E
:201F80000006761F0205CD392000CC390040FFDCFFC5CAA8CD390020FFD4CBA9EC14403D39
:201F9000EE10761F02061801FFFE761F02051839FFFD18367FFF1839DFFF1839FFBF000687
:201FA0001839FFFD0006BEF5761F02070606FF560FA663080606761F020CFF5609011E24AC
:201FB0006F060606761F020CFF561E24761F0205923690035203EC034936EE3C490CEE35FA
:201FC000761F02070628761F020B1E1C761F020E280C4000761F020B061C761F020C0F24A6
:201FD0006920761F02120E238F0003E8761F02071EAC566500280200761F020BF61F5617A3
:201FE00000A4A926761F021202002D21761F020E370CF61F561700A43F0D767F1C3E6F0558
:201FF000761F0205283140001B3140006803283140000006761F020ECC1B1800FFCA520245
:20200000EC0ACC1BE7FF1AA91000961B767F226F767F2412761F020ECC1B1800FFCA520207
:20201000ED03767F22880006761F020ECC1B1800FFCA5202ED15767F23AC761F020E921B42
:202020009007ED0ECC1B1800FFCA5202ED09761F0205180EFFFC761F020E181BE7FF00067B
:20203000761F020ECC1B0600FFC8520156C101075202EC72520356C00174761F020C061A70
:20204000761F020A0F346707761F02054237EE034437EF5F761F020C061A761F020A0F34B8
:20205000683E761F020C061A761F020A0F34661A0200761F020C1E201E1E761F020ECC1BF8
:20206000F9FF1AA90400961B761F020C061A761F020A1E3402001E30761F02051A0E000323
:202070000006761F020ECC1BF9FF1AA90200961B761F020A0634761F020B1E2A767F1CD1A9
:20208000761F020B062AFF3F1E20767F1CAE761F0205CC0EFFFC5001960E0006761F020E22
:202090001A1B0600761F0205CC0EFFFC5002960E761F020A0634761F020B1E2A767F1D6A4D
:2020A000761F020B062AFF3F1E20767F1CFC0006767F1CFC0006CC1B0600FFC8520256C08E
:2020B0000100761F020C061A761F020A0F3456C100F8761F020C061A761F020A0F346858F2
:2020C000761F020C061A761F020A0F3466280200761F020C1E20761F020E181BF9FFCC1C30
:2020D000000CFFC1520156C000DC0200761F020C1E201E1E761F020ECC1BF9FF1AA9040075
:2020E000961B761F020C061A761F020A1E3402001E30761F02051A0E000300060200761FC5
:2020F000020C1E20761F020E181BF9FFCC1C000CFFC1520156C000B5CC1BF9FF1AA902003E
:20210000961B761F020A0634761F020B1E2A767F1CD1761F020B062AFF3F1E20767F1CAE5A
:20211000761F0205CC0EFFFC5001960E00060200761F020C1E20761F020E181BF9FFCC1CA8
:20212000000CFFC1520156C0008C1A1B0600761F0205CC0EFFFC5002960E761F020A063461
:20213000761F020B1E2A767F1D6A761F020B062AFF3F1E20767F1CFC0006CC1B0600FFC814
:202140005201ED6E761F020C061A761F020A0F346907761F02054237EE034337EF5F761F57
:20215000020C061A761F020A0F34683E761F020C061A761F020A0F34661A0200761F020CEB
:202160001E201E1E761F020ECC1BF9FF1AA90400961B761F020C061A761F020A1E34020031
:202170001E30761F02051A0E00030006761F020ECC1BF9FF1AA90200961B761F020A06345F
:20218000761F020B1E2A767F1CD1761F020B062AFF3F1E20767F1CAE761F0205CC0EFFFCF5
:202190005001960E0006761F020E1A1B0600761F0205CC0EFFFC5002960E761F020A063412
:2021A000761F020B1E2A767F1D6A761F020B062AFF3F1E20767F1CFC0006767F1CAE000693
:2021B000761F0205CC0A0008CD0AFFFBFFC2FF81CAA8960A9A0193305301EC065302EC0488
:2021C000530356B000A99001CD0AFFF7FF82CAA8960A930AFFC2FFD1CEA840A9EE08761FF1
:2021D000020C2B30761F020D2B246F07761F020C0A30761F020D0A241B24EA60690328242D
:2021E000EA60761F020C92305204640C761F020D1B24EA60EC07761F020C2B30761F020DA8
:2021F0002B240006FE02761F022E9236EC55761F020D9235EC0354366641761F0205453D03
:20220000EE0A1839FEFF761F020C061C761F02071E006F050200761F02071E00060E761F1C
:202210000209031CFF560F1E6410761F022F2B01761F022F56BF0122761F022F2B01761F17
:2022200002051A0D00026F39C51E28AC001F3B01761F020706A7562207A7FF401EA6060E2C
:20223000761F0209031CFF560FA663039A016F029A02761F022F96016F0A0A36761F020505
:202240001A3901000200761F02071E00761F0205180DFFFD6F120200761F02071E00761FDB
:202250000205180DFFFD761F0207060E761F02091E1C761F022F2B22761F0205880DCD3970
:20226000000292A6FFD0FFC0FF5F9001CBA99101CCA6FFFDFF90CBA9970DFE820006761F71
:202270000205CD36FFF3761F0212923D9003761F0205FF81CAA89636CD36FFCF761F021372
:2022800092099003FF83CAA8761F020596360006761F020E921B90075203EC0DCC1BFFF899
:202290005003961B761F0205CC0EFFFC5001960E180DFFFD761F020E921B90075203ED0375
:2022A000767F23D40006761F0205CC360030FFC35201ED284139EE26767F530A767F1EBF82
:2022B000921C900356C000F9CC1B6000FFCC520156C000F3767F1EA7CC1B6000FFCC56C06E
:2022C00000ECCC1B0060FFC4520356C000E6CC1B9FFF1AA94000961B761F0205180DFFBFFF
:2022D0000006CC360030FFC3ED31420DEF2F180DFFFB767F1EBF921C900356C000CECC1B6C
:2022E0006000FFCC520156C000C8761F0205183DFFFE18367FFF767F24E0761F020702002F
:2022F0001E06761F020E181B9FFFCC1B0060FFC4520356C000B2CC1B9FFF1AA94000961BD4
:20230000761F0205180DFFBF0006761F02130E11761F020A0F346905761F020E401DEF41EB
:20231000761F0205CD360030CC390002FFD3FFC0CAA8ED28761F02139213EC24761F020EBB
:20232000411DEE20761F0205400BEE1C761F020E1A1D0001761F02130E11761F020A0F34B6
:202330006811761F020E0A1E761F02132D13350A761F020E541E66061A1D0002181DFFFE30
:202340002B1E761F020E401DEF0C761F02139213ED08761F020E1A1D0002181DFFFE2B1E9A
:20235000767F1C84767F2412761F020ECC1B00075202EC3F5203ED50921B90075203ED4C37
:20236000761F0205410DEE0B761F020ECC1C00C0FFC55202ED41767F21F20006761F020E34
:20237000CC1C00C0FFC55202ED0C761F020D2B36761F02051839FEFF761F020E181CFF3F8E
:20238000761F0205180DFFFD761F020E181BFFF8CC1B1800FFCA5202ED1F767F2419761FC2
:20239000020E921B90075202ED17767F244D0006767F24FB767F1D21761F020A0634761F5E
:2023A00002071E00761F020ECC1C000CFFC15201ED03767F20300006761F020ECC1B00077C
:2023B0005202EC1C5203ED20CC1C00C0FFC55202ED0C761F020D2B36761F02051839FEFFA7
:2023C000761F020E181CFF3F761F0205180DFFFD761F020E181BFFF80006767F24D9761FCD
:2023D000020E181BFFF80006761F0205CC36000CFFC15201EC1ECC36000CFFC1ED1A761F7C
:2023E000020ECC1C00C0FFC55202EC13761F020D2B362B350200761F020C1E1C761F020E25
:2023F000CC1CFF3F5080961C767F23F9767F21F20006761F02132D03350A761F02090EA996
:202400001E1E761F02132D29761F020D35649635761F02342D0C761F02133601761F020CF0
:202410001E1C0006761F020706001E0206021E060006761F020E921B90075202EC2E02001D
:20242000761F020A1E30761F020B1E201E2A761F020E2B06761F020A1E24761F020B1E0A02
:20243000761F020C1E1A761F020B1E34761F020A1E34761F020B1E1E761F020ECC1BFFF869
:202440005002961B767F24FB767F1D21761F02070600761F020A1E340006761F020548367B
:2024500056CD0088761F020ECC1C000CFFC15201EC0BCC1CFFF35004961C56BF0106020020
:20246000761F020A1E30761F020ECC1C000CFFC15201ED6F761F020C061A761F020A0F34BE
:20247000684A761F020C061A761F020A0F346621761F020ECC1B0600FFC85202EC5A020077
:20248000761F020C1E201E1E761F020ECC1BF9FF1AA90400961B761F020C061A761F020ABF
:202490001E3402001E30761F02051A0E00030006761F020ECC1B0600FFC85201EC3ACC1B04
:2024A000F9FF1AA90200961B761F020A0634761F020B1E2A767F1CD1761F020B062AFF3FF7
:2024B0001E20767F1CAE761F0205CC0EFFFC5001960E0006761F020ECC1B0600FFC85203F5
:2024C000EC181A1B0600761F0205CC0EFFFC5002960E761F020A0634761F020B1E2A767F9C
:2024D0001D6A761F020B062AFF3F1E20767F1CFC0006761F020E181BF9FF181CFFF3000608
:2024E0000200761F02071E02761F0205180EF7FF180AF7FF180AEFFF761F02061801FFFE89
:2024F000761F02051839FFFD18367FFF1839DFFF1839FFBF0006761F0205483DEE1A413930
:20250000EE11761F020E401DEE060200761F020C1E186F15761F02130E11761F020C1E18C5
:202510006F0E761F02060630761F020C1E186F07761F020A0634761F020C1E180618BE007C
:202520000F14761F020556B001A692A6CD37FFFB9001FF81CAA89637761F020C06181E14B6
:2025300006181E1A761F02070622761F020B1E340006761F020606301E360006761F0205AC
:20254000180EFFF31839FFFE0006761F02059232ED1A761F02169205761F020554136613E8
:202550004F36EF0F920E90035201ED039A046F0A920E90035202ED039A056F049A066F02C1
:202560009A0596320006761F0205430AEE179230520AED2C761F020D0A101B1027106941FF
:20257000761F02054F39EE06761F020D28104E206F38761F020D2B106F270201761F020B28
:202580005601003C761F020C9230520464098F030D40761F020BA8A90F3C68086F22FF2043
:202590001770761F020B0F3C671C761F02054F39EE078F0493E0761F020BA83C6F1202000C
:2025A000761F020B1E3C761F02059232ED0A761F0207060E761F02061E0C761F02052B3058
:2025B000761F020518397FFF0006761F02059232ED04453956BD0F320006761F0205433D55
:2025C000EE05767F25C6767F25450006761F02059232ED14761F01BF4C00EF0C761F02052A
:2025D000403DEE0C92215201ED092B2156BF13320006761F020556BF0A320006761F020E34
:2025E0004F1CEE441A1C80004D1CEE200200761F02081E08761F02091E26761F02081E06A3
:2025F000761F02091E24761F020E1A1C2000761F02062B01761F02052B3B2B392B362B3DF6
:202600002B0E2B0C2B0D2B0B2B37761F020E4D1C56CC015A4C1CEE0A761F020C2B3002008F
:202610001E18761F020E1A1C10004C1C56CC014CCC1B0060FFC45202EC05CC1BFF9F50404E
:20262000961B1A1C4000FFEF013F4D1CEF160201761F02075601000E060E761F022F1E2EAB
:20263000761F0207400EEE03767F1DB9767F25BD767F1BA4767F1BBA761F020E4C1C56CC5E
:202640000123761F02059239CD36BFFF9001FF8DCAA89636767F25B5767F1F4E761F020EFD
:20265000CC1B0060FFC4520156C100C7520256C100A7520356C00108CC1B0060FFC452034A
:2026600056C00102761F02054B3DEE211A0D0800767F1F59CC1B6000FFCC56C000F5CC1B6E
:202670000060FFC4520356C000EF761F0205183D7FFF761F020E181BFF9F4C1C56CC00E47A
:20268000CC1BFF9F5040961BFFEF00DE9230ED511A3D8000761F020ECC1B6000FFCC5201C7
:20269000EC44520256C000D0761F0205413956CC00CB4D3956CD00C8CD390004CC390040FD
:2026A000FFD1FFC5CAA856C000BFCD390020CC350100FFD4FFC7CAA856C000B6761F020E9B
:2026B000CC1B9FFF1AA92000961B761F02051A3D00011A0D0040761F020E921C900352035B
:2026C00056C100A20200761F02091E141E16761F020E1A1C0003761F020518367FFF761F5E
:2026D00002071E02FFEF0090767F1DE0FFEF008C767F21B0761F020518397FFF767F1F5939
:2026E000CC1B6000FFCCED7FCC1B0060FFC45203ED7A761F0205183D7FFF761F020E181B4F
:2026F000FF9F4C1CEF70CC1BFF9F5020961B767F25631A3D0008180DFFBF6F65761F020590
:202700004B3DEF61767F1EEE1A1B0060761F02051A3D8000761F020ECC1B6000FFCC5202CD
:20271000EC52CC1B9FFF1AA94000961B761F0205180DFFBF6F48CC1B0060FFC45201ED436F
:202720007622761F01A11A180004761F01A21A180004761F01A31A180004761A761F02058B
:202730009230ED23FF69767F1EEE761F0205183DFFF7180EEFFF761F020E1A1B0060761F84
:2027400002051A3D8000761F020ECC1B6000FFCC5202EC19CC1B9FFF1AA94000961B761FBD
:202750000205180DFFBF6F0F4B3DEE0A1A0D0800761F020ECC1BFF9F5040961B6F04FF690C
:20276000767F2563FF6900068F0493E0761F0206A8A90736761F02071E14A8A907061E18D9
:20277000A8A907021E16761F02059216761F020F961B761F02059223761F020F961D761FE1
:2027800002059213761F020F962F0006761F020E4029EE061A2900011A2900020006767F96
:2027900027640006B2BDAABD59A85AA98F0085B39A03767F523E9A048F0085A7767F523EF7
:2027A000761F021692A1541F6205541F56B401206F022B20791F761F022C9207ED05761F8A
:2027B00002162B202B22761F02169220ED191BA10348640F1BA1039863041BA1034863064C
:2027C0001BA1039856B302236F0556BF01236F022B2392235422671E922296236F1B52010E
:2027D000ED191BA1038E630F1BA1038E63041BA1033E63061BA1033E63082B236F0656BFCA
:2027E00001236F0356BF02239223542269039222962392239622761F022D5402EC0B761FF2
:2027F00002161B270BB868092B27761F022D96026F04761F02162B27761F022D9202ED0ACC
:202800009201520156B10201761F02162B3392A26F295201EC215202ED1A920156B101019A
:20281000761F02169233521E680E08A1FC7292A1761F022DFFCE94A1FFA09403761F02165D
:202820002B336F109221567200A26F0C761F02162B3392A26F07761F02162B3392215672E8
:2028300000A2962186BE8BBE0006FE0288A9761F022D9208EC0492015202ED052B01761F83
:2028400002162B11761F022C920E5203ED0592A69EA488A96F0492A69EA888A9761F022DE9
:202850002D0D350A54A664272D0E350A54A662039A006F4392099E0A3B0193A92D03FFCE8D
:2028600094A8FFA0940A85A91E42356400FF6BE53B015621000C560500A92D0E350A9EA6E8
:2028700085A91EAC564400AB8F0003E8A84200FF6BE56F2392099E0A3B0193A92D03FFCE0E
:2028800094A8FFA0940A85A91E42356400FF6BE53B015621000B560500A92D0D350A1EA749
:2028900092A693A79EA885A91EAC564400AB8F0003E8A84200FF6BE55200EC08541162056E
:2028A0005412630492126F02921193A6550E6302FF5C93025301ED04520056B400A9761FC3
:2028B0000216931195A9971192A8630CFF5C761F022D5410650F9210761F0216FF5C961175
:2028C0006F09761F022D920F761F02165411562A0411761F02169211FE820006FE02761F09
:2028D000022C930E5303ED06582D8F008AAC80946F05582D8F008A9E80949B099FA988A892
:2028E000920E5203EC1928A9018A3B018F00860094A685A9560100A42DC428A901948F00E8
:2028F000860094A685A9560100A492C49CCE560301A988A96F1828A901A93B018F00860098
:2029000094A685A9560100A42DC428A901B38F00860094A685A9560100A492C49CCE56034D
:2029100001A988A9020A1E4230A700FF6BE594A6761F022D540A64055409650492096F02A3
:20292000920AFE820006B2BD59A98F0085AD9A03767F523E761F021692A15412620554120E
:2029300056B401146F022B1479120279761F022C0F026805761F02162B142B13761F022C84
:20294000920E520356C000A5761F02169214ED4E1BA1FF9264441BA1FF9264041BA1FFBA1A
:20295000643B1BA1FFBA64041BA1FFE264321BA1FFE2640492A1520A642992A1520A6403A1
:202960005232642152326403525A641A525A6403528C6413528C640352BE640C52BE640395
:2029700052FA640552FA56B309106F1A56BF08106F1756BF07106F1456BF06106F1156BF79
:2029800005106F0E56BF04106F0B56BF03106F0856BF02106F0556BF01106F022B10921351
:202990005410562A0610FFEF0101520156C000FE92A152F0634352B4640352F0643C528298
:2029A000640352B46435525064035282642E522864035250642752006403522864201BA121
:2029B000FFD86403520064181BA1FFB064041BA1FFD8640F1BA1FF8864041BA1FFB06406A2
:2029C0001BA1FF88631D2B106F1B56BF01106F1856BF02106F1556BF03106F1256BF041045
:2029D0006F0F56BF05106F0C56BF06106F0956BF07106F0656BF08106F0356BF0910921011
:2029E0005413FFE900B392139610FFEF00AF761F02169214ED5492A152C8644B52C86403DC
:2029F00052FA644452FA64041BA1012C643C1BA1012C64041BA1015464331BA10154640424
:202A00001BA10186642A1BA1018664041BA101AE64211BA101AE64041BA101D664181BA1AC
:202A100001D664041BA101FE640F1BA101FE64041BA1021C64061BA1021C56B309106F1A4D
:202A200056BF08106F1756BF07106F1456BF06106F1156BF05106F0E56BF04106F0B56BF2A
:202A300003106F0856BF02106F0556BF01106F022B1092135410562A06106F575201ED5595
:202A40001BA10212634B1BA101F464041BA1021264421BA101CC64041BA101F464391BA16E
:202A500001A464041BA101CC64301BA1017C64041BA101A464271BA1014A64041BA1017C07
:202A6000641E1BA1012264041BA1014A641592A152F064041BA10122640C52BE640352F028
:202A7000640552BE631D2B106F1B56BF01106F1856BF02106F1556BF03106F1256BF04105E
:202A80006F0F56BF05106F0C56BF06106F0956BF07106F0656BF08106F0356BF0910921060
:202A9000541369039213961092109613920D54106909922D5278690956BF782D9210960D4E
:202AA0006F042B2D9210960D920D8BBE000688A9761F0216540CED04930E56C00249520392
:202AB000EC07930C5303EC04930E56C00241520356C10121761F021E56030100761F022DD3
:202AC0009606761F021E56030101761F022D9609761F021E56030102761F022D960A761FDD
:202AD000021E9203761F022D960B761F021E9204761F022D960C761F021E9305761F022D0A
:202AE0009DF6970D761F021E9306761F022D9DF6970E761F021E9207761F022D960F761F09
:202AF000021F9213761F022D9610761F021E9208761F022D9611761F021E9209761F022DC8
:202B00009612761F021F5603010D761F022D9614761F021F5603010F761F022D9615761F5F
:202B1000021F5603010B761F022D9616761F021E920A761F022D9617761F021E920B761F06
:202B2000022D9618761F021E920C761F022D9619761F021E920D761F022D961A761F021E75
:202B3000920E761F022D961B761F021E920F761F022D961C761F021E9210761F022D961DD6
:202B4000761F021E9211761F022D961E761F021E9212761F022D961F761F021E9213761FE4
:202B5000022D9620761F021E9214761F022D9621761F021E9215761F022D9622761F021E1D
:202B60009216761F022D9623761F021E9217761F022D9624761F021E9218761F022D962576
:202B7000761F021E9219761F022D9626761F021E921A761F022D9627761F021E921B761F8C
:202B8000022D9628761F021E921C761F022D9629761F021E921D761F022D962A761F021EC5
:202B9000921E761F022D962B761F021E5603013E761F022D962C761F021E5603013F761F3A
:202BA000022D962D761F021F56030100761F022D962E761F021F56030101761F022D962FF1
:202BB000761F021F56030107761F022D9631761F021F5603010E761F022D9613761F021F22
:202BC00056030106761F022D9630761F021F56030109761F022D9632761F021F5603010A4C
:202BD000761F022D9633761F021656BF010EFFEF011F761F021E5603011F761F022D9606EB
:202BE000761F021E56030120761F022D9609761F021E56030121761F022D960A761F021EFA
:202BF0009222761F022D960B761F021E9223761F022D960C761F021E9324761F022D9DF619
:202C0000970D761F021E9325761F022D9DF6970E761F021E9226761F022D960F761F021F1B
:202C10009214761F022D9610761F021E9227761F022D9611761F021E9228761F022D9612E0
:202C2000761F021F5603010D761F022D9614761F021F5603010F761F022D9615761F021FC5
:202C30005603010C761F022D9616761F021E9229761F022D9617761F021E922A761F022D98
:202C40009618761F021E922B761F022D9619761F021E922C761F022D961A761F021E922D86
:202C5000761F022D961B761F021E922E761F022D961C761F021E922F761F022D961D761F82
:202C6000021E9230761F022D961E761F021E9231761F022D961F761F021E9232761F022DCC
:202C70009620761F021E9233761F022D9621761F021E9234761F022D9622761F021E923526
:202C8000761F022D9623761F021E9236761F022D9624761F021E9237761F022D9625761F2A
:202C9000021E9238761F022D9626761F021E9239761F022D9627761F021E923A761F022D74
:202CA0009628761F021E923B761F022D9629761F021E923C761F022D962A761F021E923DC6
:202CB000761F022D962B761F021F56030102761F022D962C761F021F56030103761F022D10
:202CC000962D761F021F56030104761F022D962E761F021F56030105761F022D962F761F62
:202CD000021F56030108761F022D9631761F021F5603010E761F022D9613761F021F56033C
:202CE0000106761F022D9630761F021F56030109761F022D9632761F021F5603010A761FEF
:202CF000022D9633761F021656BF010E7E0C0006B2BDAABD5AA9D1008F0085AA9A02767F72
:202D0000523E761F022C92255201EC06761F0216921A962A6F07761F021656BF011B922A3B
:202D1000961A92A25201ED17920FED15921B5201ED12761F022C920D5201EC035202ED0BD6
:202D2000761F02161B2A05A056B902A16904D1012B2A2B1A761F02167A0F92A186BE8BBE7B
:202D3000000600FF6D0659A45AA85BA99A038F0085A4767F523E9A038F0085B0767F523E48
:202D4000761F022C9225761F021656B00118761F022C02780F02680402AA0F046837761F80
:202D500002169218EC330278761F022C0F02670AFF2001680F0268069226EC04920D520221
:202D6000ED1FFF2001680F0267069226EC04920D5202ED1102050F0469039225EC069226C1
:202D7000EC04920D5202ED17761F021656BF041D2B306F11761F021656BF031D6F0C761FAC
:202D8000021656BF021D2B306F06761F021656BF011D2B30761F022C9207ED07761F022DC8
:202D90002B08761F02162B16761F0216921D5202EC035203ED08761F022C922C761F0216EB
:202DA000541567022B24921D520156C100B6520256C100915203EC2E520456C000BE023C50
:202DB000761F022C0F046905761F022D92046F0B02780F046905761F022D92096F04761F89
:202DC000022D9206761F0216961C761F022D920A761F0216541C620B761F022D9209761FEF
:202DD0000216541C562A041CFFEF0097961CFFEF009492245205690C761F022C921B767F1B
:202DE0002923767F28CE761F0216961E2B24921E761F022D9607761F022C922C761F0216AD
:202DF0005415EC022B30923052786708525A680F761F022C920E5203ED0A761F02162B303C
:202E000092A393A25CA1767F28359616761F02169216941E961C761F022C920E5203EC0AE6
:202E1000761F022D4100EF0C761F0216921E961C6F074216EF05761F0216921E961C761F2D
:202E2000022C4A16EF05761F0216921E961C761F022D920A761F0216541C620A761F022D54
:202E30009209761F0216541C562A041C6F35961C6F3392245205690C761F022C921B767F4B
:202E40002923767F28CE761F0216961E2B24921E961C761F022D920A761F0216541C620A40
:202E5000761F022D9209761F0216541C562A041C6F13961C6F11761F022C921B767F2923E1
:202E6000767F28CE761F0216961E761F022D9206761F0216961C761F022C922C761F02161D
:202E700096159216761F022D9608761F0216921C00FF6D620006BE00761F022C4012EE0E8F
:202E8000761F021693175301ED09761F022C930E5303761F021656B10119761F02169319B0
:202E90005301ED080278761F022C0F0256B701A66704761F02162B19761F022C930E5303C1
:202EA000EC069325ED04761F02162B19761F022C9312761F02169101971792A60006B2BD84
:202EB000761F022C920E767F2AA7761F022C92105201EC475202EC3F520056C0008740122E
:202EC000EE1D4112EE16767F2E7B5200ED0D761F022C921E931A5C1C767F2D31761F022DF7
:202ED000960596046F0F761F022D920696056F0A761F022D921596056F05761F022D9214DB
:202EE00096059205761F022C931D767F279259A9761F022D540A64055409650459096F0259
:202EF000590A92033B019EA185A9FF565203634D59036F4B761F022D9216960559056F4598
:202F0000CC1201C0EC33CC1201C0FFC55201EC29CC1201C0FFC55202EC1FCC1201C0FFC503
:202F10005203EC15CC1201C0FFC55204EC0BCC1201C0FFC55205ED1E761F022D92169605CF
:202F20006F19761F022D923096056F14761F022D922F96056F0F761F022D922C96056F0A31
:202F3000761F022D922D96056F05761F022D922E9605761F022C4012EF05761F022D92145D
:202F40009605761F022D5905761F022C9207767F2CF85201EC075202761F022D56B10139A0
:202F50006F05761F022D56BF01389234ED0279038BBE0006B2BDFE0476FF792A5CADDC836A
:202F6000F60224849A038F008C79767F523E761F022C4512EE4A4412EE40921893195C254E
:202F70005D26767F306059A9761F022C79264D12EE0D920B5204ED1492A152026605520043
:202F800056B001A16F0DD9826F0B761F021B5913761F022A56BF0104761F02312B39761F7E
:202F9000022C1B1B01A463081B1B01906209761F02312B156F05761F023156BF0115761F77
:202FA00002319215EC1C92A1761F021B541767175200EC1559176F13D10A761F021A9235C9
:202FB000761F022C96266F0B56BF0A2756BF0A26D10A9216EC042B272B26D100761F022CD3
:202FC000CD120010CC120002FFD3FFC0CAA8ED135CAD921B93255D2DDC83767F326B88A905
:202FD000761F022C4D12EF0A934356B00A4356B000A66F0456BF0A43BE00CDA60001CC130B
:202FE000FFEFFF93CBA9971392A6FFC1CD15FFF79001FF82CAA896155CAD932DDC82921A61
:202FF000767F33D088A9761F022A9304EC0D761F02319339533C670856BF0A42BE00530043
:2030000056B000A16F08761F023156BF3C39761F022A2B04761F022CCDA60001CC13FFF744
:20301000FF92CBA9971393A6FFD0CC14FFFD9101FF90CBA9971492A6FFC1CD15FFFB900168
:20302000FF81CAA89615FFC19001CD15FBFFFF89CAA896155CAD932DDC81921C767F349E86
:2030300088A9761F022C4D12EF06934156B00A4156B000A6CDA60001CC13FFFBFF91CBA916
:20304000971393A6CC14FFFEFFD09101CBA9971492A6FFC1CD15FFFD9001FF80CAA896152D
:203050005CAD9A03DC83767F06F9761F022C962892A15428690259287927FE848BBE0006DA
:20306000D00C00FF6D0A59A57C4C5AA85BA976FF78FE5CADDC8BF60A24849A038F008C7304
:20307000767F523E9A038F008C5E767F523E9A028F008C5B767F523E761F022C92115201D0
:20308000EC04920F5201ED06761F02312B332B1E2B1B92A29EA3761F02315417620554172A
:2030900056B401196F022B199617934CED062B192B1A2B332B1E2B1B9319ED4E1BA9FFFBAD
:2030A00064451BA9FFFB64035200643D520064035205643652056403520A642F520A640335
:2030B000520F6428520F640352146421521464035219641A52196403521E6413521E64031A
:2030C0005223640C5223640352286405522856B30A166F1D56BF09166F1A56BF08166F17A7
:2030D00056BF07166F1456BF06166F1156BF05166F0E56BF04166F0B56BF03166F0856BF6A
:2030E00002166F0556BF01166F022B16921A5416562A06166F525301ED50522363485223CD
:2030F0006303521E6341521E63035219633A521963035214633352146303520F632C520F7E
:203100006303520A6325520A63035205631E5205630352006317520063041BA9FFFB630F59
:203110001BA9FFFB63041BA9FFF663061BA9FFF663202B166F1E56BF01166F1B56BF02166B
:203120006F1856BF03166F1556BF04166F1256BF05166F0F56BF06166F0C56BF07166F09A2
:2031300056BF08166F0656BF09166F0356BF0A16921A5416562A0816924CED1458165CADF2
:20314000DC8B5994761F022C92075201761F023156B1011892185201ED4192A156B101A17D
:203150006F3D2B189216541AED1F923352B4681C2B339216520A6609520568072B1B92A1EF
:20316000520A672CD9016F2A5201EC05520056B100A16F2492A152016902D981921B523C96
:2031700056B700A16F1B9216541AEC182B1B2B33541A660E541A6712921A9E1654A16706BE
:2031800092A19E1A941659A96F09D1016F0794A19E1A59A9520A56B60AA19216961A761FE9
:20319000022C960A92A1ED09924C5201ED06761F0231921E52B4680A761F0231921E52B496
:2031A0006806921656B100A16F02D101921E52B456B7B41E92A1D00C00FF6D660006B2BD23
:2031B00059A98F008C7C9A04767F523E761F0231923C52326706CC0900C0FFC5FFEF00ABCA
:2031C0002B3C4909EE1692089C0254A1650992A1540864032B0B6F2179082B0B6F1E0A0B82
:2031D000920B5228641A2B0B79081A0902006F1592A19C025408650992A1540862032B0B25
:2031E0006F0C79082B0B6F090A0B920B522864052B0B79081809FDFF4909EE1492A152C81B
:2031F000650C9A0093A153D856B401A9CD09FFFC9003CAA896096F15CC09FFFC50029609E7
:203200006F1092A152DF64039A006F0652D064039A016F029A02CD09FFFC9003CAA89609AF
:203210000A0A9309FFC19103900354A8EC099209CD09FFF39003FF81CAA896092B0A0A054B
:20322000920A523C640B56BF3C0A2B059209CD09FFCF9003FF83CAA896099205526464193B
:203230009209CD0900309003FFD39C0155A96209CC0900309309FFC391039C0154A8630976
:203240002B059209CD09FFCF9003FF83CAA896090A04CC0900C0CD090030FFC5FFD355A99C
:20325000630D1B0404B06413CC090030CD09FF3FFFC3FF85CAA896096F0ACC090030CD09E0
:20326000FF3FFFC3FF85CAA896092B04CC0900C0FFC58BBE0006D00C00FF6D0A82A4974C87
:203270009CF659A9761F022C9220767F31AF5AA99A038F008C6D767F523E9A038F008C708B
:20328000767F523E92A2EC395201EC1D5202ED4C761F021B921D964B921E964A921F964905
:2032900092209648761F0218922B9647922C9646922D9645922E9644922F96439230964243
:2032A0002B416F32761F021B9219964B921A964A921B9649921C9648761F0218922B9647D6
:2032B000922C9646922D9645922E9644922F9643923096422B416F18761F02189227964BC0
:2032C0009228964A92299649922A9648922B9647922C9646922D9645922E9644922F96431E
:2032D000923096422B4192A1761F023154116205541156B401106F022B107911924CED048C
:2032E0002B1056BF0A069210ED5B92A1645052006403527864495278640352B4644252B48A
:2032F000640352F0643B52F064041BA1012C64331BA1012C64041BA1017C642A1BA1017CFB
:2033000064041BA101AE64211BA101AE64041BA101D664181BA101D664041BA101FE640F4A
:203310001BA101FE64041BA1021C64061BA1021C64202B076F1E56BF01076F1B56BF020754
:203320006F1856BF03076F1556BF04076F1256BF05076F0F56BF06076F0C56BF07076F09EB
:2033300056BF08076F0656BF09076F0356BF0A0792065407562A0807920796066F5E520150
:20334000ED5C1BA1021263521BA101F464041BA1021264491BA101CC64041BA101F46440C3
:203350001BA101A464041BA101CC64371BA1017264041BA101A4642E1BA1012264041BA1E3
:203360000172642592A152E664041BA10122641C52AA640352E66415526E640352AA640E76
:203370001BA1FFEC6403526E64061BA1FFEC56B40A076F1D56BF09076F1A56BF08076F175F
:2033800056BF07076F1456BF06076F1156BF05076F0E56BF04076F0B56BF03076F0856BF02
:2033900002076F0556BF01076F022B0792065407562A06079207960658075CADDC8B929436
:2033A00096C3761F022CCD160002CC170002FFD0FFC0CAA8EC0856BF0AC3761F02312B2D31
:2033B0009A006F1B92C3ED10761F0231922D5205680556BF052D9A046F109A00761F022C7B
:2033C000932D97C36F0A9B00922654C356B601A892A8761F02312B2DD00C00FF6D6600062D
:2033D00000FF6D0682A45AA859A99A038F008C6A767F523E9A038F008C61767F523E761F67
:2033E000022D4100EF0656BF0AC39A00FFEF00B5761F022C92115201EC06920F5201EC03BB
:2033F0009225ED05761F02312B2A2B21761F02192D2A350A08A9FD8054A1FFE2008E761F3E
:20340000023192125204EC79350A08A9FD8054A16253761F02192D28350A08A9FD8054A19C
:20341000654B761F023192125202EC092B2192A2520169039CFF6F029A01960D2B2A761FC4
:2034200002192D29350A08A9FD8054A162152D28350A08A9FD8054A1650F761F023192219C
:20343000523C68232B2192A2520169039CFF6F029A01960D6F1A2D2A350A08A9FD8054A198
:2034400062142D29350A08A9FD8054A1650E761F02319221521E68092B2192A25201690330
:203450009CFF6F029A01960D761F0231920D96C356BF02126F3E761F02192D28350A08A987
:20346000FD8054A162122D27350A08A9FD8054A1650C761F02312B2A2B2192A256B101A2F8
:203470007AC356BF01126F25761F02312B2A2B2156BF0AC32B126F1D2B212B2A2BC3761F0B
:2034800002192D27350A08A9FD8054A16312761F02312B126F0E761F02312B21922A520A38
:2034900067037AC36F0656BF0A2A2BC356BF0412761F0231921200FF6D62000600FF6D06EC
:2034A00082A45AA959A8761F022CCD160004CC170004FFD1FFC1CAA8EC0656BF0AC39A00E1
:2034B000FFEF00FC9A038F008C76767F523E9A038F008C67767F523E9A038F008C64767FAA
:2034C000523E761F022C92115201EC06920F5201EC039225ED06761F02312B362B272B245A
:2034D000761F02192D2B350A08A9FD8054A2FFE500C1761F0231920C520456C100AB761FB9
:2034E00002192D2D350A08A9FD8054A262522D2B350A08A9FD8054A2654C761F0231920C6E
:2034F0005202EC092B2792A1520169039CFF6F029A01960F2B242B36761F02192D2C350AEB
:2035000008A9FD8054A262152D2B350A08A9FD8054A2650F761F02319227521E68232B2713
:2035100092A1520169039CFF6F029A01960F6F1A2D2D350A08A9FD8054A262142D2C350A09
:2035200008A9FD8054A2650E761F02319227523C68092B2792A1520169039CFF6F029A0189
:20353000960F761F0231920F96C356BF020C6F6F2D2F350A08A9FD8054A262422D2D350A17
:2035400008A9FD8054A2653C761F02312B362B2792A1EC30761F02192D2E350A08A9FD8064
:2035500054A26423761F02319224523C670F920E9EA15201ED0792145201ED04920E96C353
:203560006F1C790E79C32B146F182B2492A1520A67049A0194A16F029A0A96C37700C5A3D1
:20357000240E56BF01146F0979C3761F02312B246F042B2456BF01C356BF010C6F28761F2B
:2035800002312B362B272B2456BF0AC32B0C6F1F2B242B272B362BC3761F02192D2F350A14
:2035900008A9FD8054A26513761F02312B0C6F0F761F02312B272B249236520A670379C3CF
:2035A0006F0656BF0A362BC356BF040C761F0231920C5201EC022B0E00FF6D6200068F3FAC
:2035B000E000761F0238A802761F02388F007FFFA81828AAFFFF28AB8001A91A28AA7FFFCF
:2035C00028ABFFFF761F0238A91C02001E1E28AA800028AB0001A92019011E22761F022E3A
:2035D00056BF492956BF562856BF452B761F022F281F1F4028210190761F023356BFE71C14
:2035E000761F022F56BFA319761F020228163FFF2817C001761F022E56BF4D1556BF451475
:2035F00056BF471A28AA3FFF28ABFFFF761F0204A92C28AAC00028AB0001761F0204A92A20
:20360000761F020428074000761F02042809C000761F020428113FFF761F02042813C0016B
:20361000761F022E56BF541056BF440F56BF5211761F02042B12761F02372B04761F0237D9
:203620002B11761F023728294000761F022E56BF4D0856BF450E56BF450D761F020128151C
:203630001838761F020128140A92761F022F282004E2761F02012B24761F02012B1A761F6D
:2036400002372B3D761F0237282BC000761F022F2B150006FE04FFEF0380761F0201181A9F
:20365000FFEF181AFFF3761F02011A2401001A240004761F022E2B3B923D761F02349617BD
:20366000761F022E9237761F02349616767F5637767F5659761F02019203761F023796028C
:20367000761F022F062A761F02041E1C761F023002001E3C761F022E2B242B2C761F02301A
:20368000063C761F02011E32761F02010E03761F0234F60F1F0C761F022E9627761F020142
:203690003B0156030F0F761F02011E3A761F020156030F0E761F02011E3C761F022F56BF9C
:2036A0000300062E761F02301E12761F022E2B092B202B0B2B02761F023002001E0E1E0A18
:2036B0001E10761F022E2B17761F022F2B13761F022E2B1F2B16761F022F1E32761F022E96
:2036C0002B1C2B1B2B032B12FFEF0310062E761F02308F0001F403120FA46915761F022E67
:2036D000923BED1156BF013B923A761F02349617761F022E923C761F02349616767F5637EE
:2036E000767F5659761F022E880A761F022F062E761F023003120FA66906761F022E920975
:2036F00056B10109761F022F062E8F0001F4761F023003120FA4690D761F022E9220ED09B9
:2037000056BF0120761F022F062E761F02301E1C761F022F062E8F003A98761F0230031241
:203710000FA46906761F022E920B56B1010B761F022F062E8F0002BC761F023003120FA42C
:203720006906761F022E920256B10102761F02011A1A0020761F0230063C761F02011E32DA
:20373000761F02040626761F022FFF569712761F022E9220520156C00088761F023806149D
:20374000761F0238030A761F02380308761F02301E08761F022F0E141E442B422B410E197C
:20375000761F02301EAC560500085663000800FF6D3328AC001C562CA9063B010606FF3D60
:20376000030EFF4D5601000E060EFF4D1E0A761F022F1B1380006711761F02040626761FB7
:2037700002010332FF56761F0230FF4F56010010761F022F0A136F12761F023029010610C5
:20378000761F022EFF4E961756BF0116761F023002001E10761F022F2B13062E761F023048
:203790008F002710031C0FA46909761F022E921FED059216520156B1011F761F022E921F0F
:2037A0005201ED2228A93333761F020428A813330F266312761F022E1B171800761F02056A
:2037B00056B608320232761F02300F0A761F020556B208326F09761F022E1B170999761F1B
:2037C000020556B60832761F022E92195201ED3E761F022F9215ED3A761F022E920252016E
:2037D000ED35921B96039227FFC7961B9203541BEC2D0A1C3B01761F0201851E761F022FC1
:2037E00056010032761F022E1B1C0100ED1F761F022F0632761F022E562F071256BF0202BD
:2037F000761F022F02001E32761F022E2B1C2B1B2B03761F022F56BF0115761F022E9213C6
:203800005412761F020556B41032761F022E9227FFC796268F0000808F4000800E26FF3099
:20381000560100A40E26FF30560100A5761F02383B01061603C5FF43560100C4761F022E2D
:20382000C62C96329AC0942C90FF96315603013296359A809435962F8F0000800E32FF30E1
:20383000560100A4761F022F06C41E24761F022E8F0000800E31FF30560100A4761F022FA8
:2038400006C41E26761F022E0E35761F02388A02FF30560100A4761F022F06C41E36761F54
:20385000022E0E2F761F02388A02FF30560100A4761F022F06C41E3487365605002656638D
:203860000026A9A4873483A9560500245663002428AC001E565700A4564000A5562CA93AAF
:2038700087365605002456630024A9A483A98734560500265663002628AC001E565D00A442
:20388000565400A5562CA938761F022E0A2C761F022F063A761F02300320FF4D56010020C8
:20389000761F022F0638761F0230031EFF4D5601001E06200324FF4D56010024061E0336FA
:2038A000FF4D5601003687365605003656630036A9A483A98724560500245663002428AC9E
:2038B0000020565700A4564000A5562CA93E063E767F72A9761F022E961E761F022F9209B5
:2038C000960B9217541268049211960B6F1854126714921C541268119E1788A99312921066
:2038D0009E119F172DA837A90200F61F561700A692AB9411960B6F039210960B8736761F0A
:2038E00002305605003656630036761F022FA9A483A98734761F02305605002456630024F9
:2038F00028AC001E761F022F565D00A4565400A5562CA92C3B01761F02300624FF4F88A957
:203900000636FF4F93A992A6767F72C2761F022F1E3029010630761F022EFF4E962E761FA1
:20391000022F92085202ED1D8F00FFFF0200BEC8A8AC56650028761F022E8F002710F61F82
:20392000561700A60E071EAC566500AB0200F61F561700A43F339233942E96249427962DD6
:203930003B01761F02042504761F022F033CFF4D5601003C063C761F022EFF4F963F85A93B
:20394000FF569638BE64761F022F290156030E07FF5A0200F61F561700A63F0A920A761FC7
:20395000022E54386804923896306F0A1B384000620628A940009E3896306F022B30761F1D
:20396000022F92085202ED2A921854126806761F022E9230963E6F255412671C92165412AD
:2039700068193B01761F022E8530761F022F1EA692169E120EA91EAC9216566500A69E18DE
:2039800088A9761F022E0200F61F561700A63F3E6F08761F022E2B3E6F04761F022E2B3E44
:20399000922D767F52C1761F022E3B012D3E761F023012A9FF4E1E22761F022F020A1E42A3
:2039A0000E0B761F02301EAC5644002200FF6BE5761F022E9618761F022F92085202ED142A
:2039B00092225201ED11761F022E92095201ED0C761F02011A260001761F022E9218761F69
:2039C0000204960B6F12761F02011826FFFE761F02042B0B6F0A761F022F920056C1FC7FB8
:2039D000520356C1FCF56F01FE840006FE02761F022E922A56C1015D2B252B2AFFEF01599F
:2039E000761F02011A251000761F02011A1A0010761F022E56BF0125FFEF015F761F022FF0
:2039F000920D5201ED22761F02011A1A0001761F02011A240002761F02011A1A00041A1A0D
:203A00000008761F02012B03761F022F0E141E420E0CFF3D00FF6BE5761F02019621761F07
:203A100002012B1EFFEF0139761F02011A240002761F02011A1A00041A1A0008761F0201A6
:203A20002B1E761F02012B21761F02012B05761F02012B06761F023002001E3A1E3C761FB8
:203A300002372B00761F02301E38761F02012B03761F02011E32761F02014C25EF09182509
:203A4000FFDF761F02372B24761F02372B1C761F022F062E761F02301E12761F022E56BF8B
:203A50000225FFEF00FA761F02012B1E761F02012803D555761F022F920F761F0201542105
:203A6000651208210004761F022E2B210200761F022F1E3E761F02301E041E02761F022E9F
:203A70002B226F6D9621761F022F8F0001F4062E761F023003120FA46962761F022E922205
:203A8000ED5E922152FF665B0A213B01761F02328511FF56761F022F85A95601003E761FDD
:203A900002328509FF56761F023085A956010004761F0232850AFF56761F023085A95601B6
:203AA0000002761F022E1B210100ED3956BF0122761F022F063E562F071B761F0230060422
:203AB000761F022F562F071A761F02300602761F022F562F071D921B5264761F020556B443
:203AC00009326412761F022F921A5264761F020556B409326409761F022F921D5264761FFF
:203AD000020556B409320200761F022F1E3E761F02301E041E02761F022E2B21761F022F86
:203AE000062E8F000640761F023003120FA46964761F022E56BF0325761F022F062E761FD0
:203AF00002301E126F59761F022F920F761F02019621761F02012B1E761F02012803C00072
:203B0000761F022F8F000320062E761F023003120FA46942761F022E56BF0525761F020123
:203B10002B21761F02012B1E761F022F062E761F02301E126F31761F022FBE05062E761F85
:203B2000023003120FA6761F022E56B605256F2456BF01362B2556BF012A8F3F364A761F3C
:203B30000230A8006F192B2556BF012A6F1592255203620D5203ECB8520056C1FEA352012E
:203B400056C1FEAE520256C1FF106FEE5204ECD45205ECDF6FE9FE820006761F0230C50029
:203B50003E670006FE0296416F2D8F3F39D6761F0230A800761F022E2B06761F0201182520
:203B6000EFFF761F022E56BF012A6F218F3F3BA8761F0230A800761F02011825FFDF761F5A
:203B7000022E56BF012A2B36761F02012B25761F02012B24761F02012B1A761F022F2B00C7
:203B80006F065200ECE45201ECD16F01FE8200068F3F3BA8761F0230A800761F022E2B0672
:203B9000761F02372B1C761F02012B25761F02012B24761F02012B1A0200761F02301E3A33
:203BA0001E3C761F02372B00761F02301E380006761F022E2B250200761F02301E201E1E37
:203BB0001E241E36761F022E2B3F761F022F1E3C761F022E2B36761F022F2B222B01761F16
:203BC000022E2B39761F02301E280006767F71CD761F022E9215524DED0992145245ED06DA
:203BD000921A5247ED03767F70FF761F022E9208524DED12920E5245ED0F920D5245ED0CDD
:203BE00092105254ED09920F5244ED0692115252ED03767F6DAF761F022E92295249ED0904
:203BF00092285256ED06922B5245ED03767F5E6F0006761F02204620EF101820FFBF767F4D
:203C00003C15767F3D25767F3D3B761F02200A1F921F521E68022B1F92219B6600FF6D6E4C
:203C100096090636562F05080006B2BDFE0A3B01761F023E853388ADDE8A767F6CB88F7F1D
:203C200079225CAD88ADDC8ADE86767F68F05CADDC86767F6C998F0020E1A842767F7A93B3
:203C3000FF0B00058BA9761F022C920E5207EC1A4512EE18761F021A923B761F022A9CF641
:203C4000540B630C761F021A923B761F022A540B761F022056B5011B6F1B761F02202B1B93
:203C50006F17761F021A9238761F022A9CFB540B630C761F021A9238761F022A540B761FFD
:203C6000022056B5011B6F04761F02202B1B3B01761F023E8533761F02241E3C761F0220F6
:203C70008F0089000E1F761F0224FF30560100A4063C761F0220072A03C41E2A0E1F8F0015
:203C80008900761F0224FF30560100A4063C1EC4761F023E2B33761F023F062A761F0222A0
:203C90001E3C761F02208F0088800E1F761F0222FF30560100A4063C761F0220072403C471
:203CA0001E248F0088800E1F761F0222FF30560100A4063C1EC4761F0220021E1E42062496
:203CB00000FF6BE5FF35767F7B1C8F0020E1FF33A842767F7A93761F02208F03DA5E062A86
:203CC000A842FF39767F7A938F0005A8A842767F7A931EAC761F0220921852066825921BDB
:203CD000EC048F05B4008BA4761F0221B208761F022A92035201ED093B01761F022A560306
:203CE0000A02761F02211E088F05F000761F0221A8A90F0864088F03E800A8A90F0865047F
:203CF000A8086F02A808761F022156050004566300045689A9A90710761F02201E36290192
:203D0000FF20C8000F36640302001E368F014000A8A90F36621387363B015605003656639C
:203D100000365689A9A9FF491E42FF2F280000FF6BE5761F023E1E1C6F068F00CCCD761F9E
:203D2000023EA81CFE8A8BBE0006FE023B01761F023E56030A1B8F00208BA842767F7A93F3
:203D30001EAC761F022056050030566300305689A93CFE820006FE04761F0220063C761FA4
:203D400002231E3C761F02208F0088C00E1F761F0223FF30560100A4063C761F0221070A3A
:203D500003C41E0A761F02208F0088C00E1F761F0223FF30560100A4063C1EC4761F0221E9
:203D60008F007800A842060A767F7A931E44761F02208F00013306440338FF560FA4631460
:203D70008F0003CD8738560500A4566300A487445689A9A60233560500A9566300A9568946
:203D8000565700A6A9448F00F0008F47D000A842A0A95CADDC84767F3D930644761F02205C
:203D90001E38FE840006C4440FC4650606A60FC46404C2C400061EC40006761F0220921833
:203DA0005206680B761F023F9206522868062B06767F3DD0767F3DB7761F02209218EC0772
:203DB0004020EF051820FFFE767F3DF30006761F0221870056050006566300065689A9A6B2
:203DC0008F00208B3B01A8AC566300A6560500A65689A9A9FF491EA6761F023E7E0800061B
:203DD000761F02200628761F0221FF0900010F0662168F000200761F0220A8A90728761F43
:203DE00002210F066408761F02200628761F02211E060006A8A9564100060006FF20020043
:203DF000560100060006761F02210608761F02201E280006761F02204120EF131820FFFD39
:203E0000767F3E119A019B0A767F3E999A0A9B0A767F3EE19A149B14767F3E2B767F3F38CE
:203E10000006761F02209200CD03FBFF9001FF89CAA896034A03EE0D0A0692065214680A8D
:203E20002B067622761F01BF1A1C0010761A6F022B06FF690006B2BDAABDFE0259A85AA9A4
:203E3000761F023F92335201ED3CA3308F0003200200761F0220F61F561700A4A93A063AD4
:203E4000767F7ADA761F02201E3A8F00155F873A2901560500A4566300A48F000528568B23
:203E5000A9A9FF331EAC566300A4560500A456AFFF451E3A580A8F00885C06320194073A24
:203E60001E32923A96940632FF4496210A0A920A522068022B0A761F023F2B3302001E3085
:203E7000761F02204E03EE138F002C000E215DA2A8428F00881C767F3F745200EC17761F91
:203E800002201A0340001803BFFF6F108F0028000E215DA1A8428F008811767F3F8352004C
:203E9000EC05761F02201803BFFFFE8286BE8BBE0006B2BDFE025DA859A9761F0220480306
:203EA000EE118F06400006385DA1A8428F008813767F3F745200EC14761F02201A0301000F
:203EB0006F0F8F062C000638A8428F008813767F3F835200EC05761F02201803FEFF761F03
:203EC000023E92195201ED17761F02208F0208005DA10638A8428F008814767F3F835200F6
:203ED000ED05761F023E9218EC0A761F02201803FF7F6F05761F02201803FF7FFE828BBE8E
:203EE0000006B2BDAABDFE0259A85AA9761F02209218520268234503EE118F0190000636FF
:203EF0005DA2A8428F008816767F3F835200EC18761F02201A0300206F138F01B800063695
:203F00005DA1A8428F008815767F3F745200EC08761F02201803FFDF6F031803FFDF761FEF
:203F100002204603EE138F04600006365DA2A8428F008810767F3F745200EC17761F022032
:203F20001A0300401803FFDF6F108F04380006365DA1A8428F00880F767F3F835200EC059D
:203F3000761F02201803FFBFFE8286BE8BBE0006761F0220CD030040CC030020FFD5FFC481
:203F4000CAA8CD030100FFD7CBA9CC030080FFC6CAA8CD034000FFDDCBA9CC038000FFCED2
:203F5000CAA8ED0B4A03EF094119EF1E2B181819FFFD1801FEFF00061A010100761F01A05D
:203F6000CC0EFFFC5001960E761F02201A1900029218520656B920181A030001761F023E4F
:203F70002B182B162B1900061EA606440FA664032BC46F020AC492A554C466042BC49A01C8
:203F800000069A0000061EA606440FA662032BC46F020AC492A554C466042BC49A010006DC
:203F90009A000006761F0220921856C100825201EC705202EC57520356C00090761F023F60
:203FA00092065228FFE8008A2B06761F022092079C0A96071BA904656403280704659207F5
:203FB000761F023E963B761F0221870056050008566300085689A9A68F00208B3B01A8ACF0
:203FC000566300A6560500A65689A9A9FF491EA6761F02200804000892A65404621E7E04E7
:203FD000761F023E283B0465761F022106081E06761F023E56BF0125761F022056BF06184C
:203FE000761F023F2B06761F023E56BF0119761F02202B171803FFFE9204761F023E96089C
:203FF0006F3C8F014000A8A90F3662370F3C62354603EE332B1A767F402E761F023E2B25EE
:20400000761F022056BF0318761F023F2B066F25761F023F1B060FA06820761F02204801F0
:20401000EE1C56BF0218761F023F2B066F162B1A761F023E2B19761F02201A030001761F03
:20402000023F2B06761F022056BF01187622761F01BF1A1A0010761AFF6900060200761F63
:20403000023E1E0E2B102B09280D1FFF1E34761F02202B079207761F023E963B283D0465FA
:20404000280801F49208761F022096048F03E800761F0221A808761F01A02B091A190008C9
:20405000180EFFFC7622761F01BECC06FFFC50019606761AFF6900067622761F01A01A0D96
:2040600000C0CC0EFFFC5001960E2B04280504E202001E0218003FFF1800FFFB1A000030A0
:20407000CC00FFFC500296001800FFF71800E3FF1800FC7FCC19FFF8500196191A190008CF
:20408000CC1AFFFC5001961A56BF0F1C2B09CC07FFFC500296071807FFEFCC0BFFCF5010FB
:20409000960BCC0BFF3F5080960B56BF010A1807FFF31807FFBFCC0CFCFF1AA90200960CA1
:2040A000CC0CF3FF1AA90400960CCC0DFFE75010960D1A0D0020761F01BECC06FFF3500458
:2040B0009606761F01A0CC198FFF1AA930009619CC1ACFFF1AA91000961A1A1980001A1CE9
:2040C0000004761A76230004761F00331A26000176228F3F5786761F0035A820761AFF69D9
:2040D00000068F03E800761F0221A808761F023E2B18761F023F2B0D761F02218F00040077
:2040E000A800761F0220A830761F0221A80402001E10761F02202B18761F01A0CC0EFFFCF0
:2040F0005001960E761F023E2804E8F828030B83280B65E956BFC40C56BF0F15280D1FFF2F
:204100008F006666A81C56BF043956BF79228F00F15BA82628286C412829A550283054BA2C
:204110002831B1AB2B3BFF2F0330761F023F1E2C1E2E0006761F022092120A125204680468
:2041200056BF011E2B120006761F0220921EEC142B1E0A1D9B17921D00FF6D735200ED03AF
:204130001A200001401DEE031A200002921D9003ED031A2000400006767F3F92767F4124D8
:20414000767F3DFA767F3BF9767F3D9D0006761F02059001CD39FFFDFF80CAA89639000640
:20415000761F02051A39800000062DA9761F0210121F2DA935640EA9761F02061E30000615
:20416000761F02059B3C923F9C1E00FF6C370006B2BD8BA4767F436D767F44707622761F80
:2041700000358F3F6D55A8068F3F6B1CA822761A7623000176230004761F00331A22004092
:204180001A2200081A260002FF698F01D4BEA8A97640801F767F1B70767F3B88767F35AF58
:204190008AA1767F4197767F42188BBE0006FE02C5A4761F0210241F92CF962192D79623EC
:2041A00092DF962592E7962792EF9629761F021392F79601761F021492FF961B06A7DF0812
:2041B000241D761F02111EA7DF0924291EA7DF0A242B1EA7DF0B242D1EA7DF0C242F761F77
:2041C00002141EA7DF0D2409761F022E1EA7DF0E2413761F02101EA7DF0F240B8AA9C5A418
:2041D000DF10240DD0113B01761F020785941E22D01285941E24761F0213C5A4DF13242114
:2041E000761F022FC5A4DF14241428ACB5053614761F022FFF1E0001FF4E9623761F0233D9
:2041F0009619761F0205C5A4DF15243E761F022F0E23761F02051E4256030C3E00FF6BE5C0
:20420000761F0205962B761F0211C5A4DF16240FC5A4DF172417C5A4DF182411C5A4DF1978
:204210002419761F022FC5A4DF1A240EFE820006FE02761F0210921F761F0234960C761F17
:2042200002100E21761F02341E1E761F02109223761F0234960F761F02109225761F023441
:20423000960E761F02109227761F0234960A761F02109229761F0234960B761F02149211E3
:20424000761F0201962B761F02149215761F022F9608761F02149217761F022F9607761F03
:204250000214921F761F022E960A761F0213923B761F022E9605761F0213923D761F022E0D
:204260009604761F02149221761F022E961D761F02149223761F022E9623761F021492258E
:20427000761F022F9609761F02119229761F022F9611761F0211922B761F022F96103B01EC
:20428000761F022F02191E4256030C0E00FF6BE5761F022FFF3F1E2A3B01761F022F0219B2
:204290001E4256030C0E00FF6BE5761F022F960F761F02140E27761F02301E3028AC0005B3
:2042A000761F022F301F1EA628ACC000761F02140200371B761F022FF61F561700A63F184D
:2042B00028AC0005761F022F301F28ACC000761F02141EA6371D0200761F022FF61F56175F
:2042C00000A63F1628AC0005761F022F301F28ACC000761F02131EA637010200761F0231F1
:2042D000F61F561700A6A90228AC0005761F022F301F28ACC000761F02111EA6372D0200A7
:2042E000761F022FF61F561700A63F1728AC0005761F022F301F28ACC000761F02111EA68C
:2042F000372F0200761F022FF61F561700A63F1C761F0211920F761F022E963A761F021177
:204300009217761F022E963D761F02119211761F022E963C761F02119219761F022E963795
:20431000761F02119211761F02349616761F02139221761F0234960D761F02139223761F0C
:2043200002349610761F02139225761F022E9619761F0213027D1E420E3FFF3B00FF6BE56D
:20433000761F02301E14761F0216280501AE761F0213281501F49215761F02349618761F5A
:2043400002149201761F0234961A761F02149203761F02349619761F02149205761F023472
:204350009612761F02149207761F02349611761F02149209761F02349613761F0214920BED
:20436000761F0237961E761F02149213761F022E9607767F574BFE8200067622761F01C0FE
:20437000181CFFFB761A7622761F01A11A120100761F01A21A120100761F01A31A120100A8
:20438000761F01A1CC14FFF350089614CC14FFFC50029614761F01A2CC14FFF3500896142F
:20439000CC14FFFC50029614761F01A3CC14FFF350089614CC14FFFC50029614761F01A11B
:2043A0002B15761F01A22B15761F01A32B15761F01A11A180004761F01A21A180004761F5C
:2043B00001A31A180004761F01A12B0428050C3502001E0218003FFFCC00FFFC5002960018
:2043C0001800FFFB1800FFF71A0000301800FC7F1800E3FF1807FFEF1807FFFC2809061A6E
:2043D000CC0BFFCF5020960BCC0BFF3F5040960B180FFFCF1A0F0003CC0FFFF35008960FE6
:2043E00056BF8C1156BF8C1056BF0F1C1A190008CC19FFF850019619CC1AFFFC5001961A21
:2043F000CC19F8FF1AA906009619CC1AFCFF1AA90100961A1A1908002B0A761F01A22B042D
:2044000028050C3502001E0218003FFFCC00FFFC500296001800FFFB1800FFF71A0000309D
:204410001800FC7F1800E3FF1807FFEF1807FFFC2809061ACC0BFFCF5020960BCC0BFF3FBC
:204420005040960B180FFFCF1A0F0003CC0FFFF35008960F56BF8C1156BF8C1056BF0F1CBD
:204430001819FFF7761F01A32B0428050C3502001E0218003FFFCC00FFFC50029600180030
:20444000FFFB1800FFF71A0000301800FC7F1800E3FF1807FFEF1807FFFC2809061ACC0B2E
:20445000FFCF5020960BCC0BFF3F5040960B180FFFCF1A0F0003CC0FFFF35008960F56BF27
:204460008C1156BF8C1056BF0F1C1819FFF7761A7622761F01C01A1C0004761AFF690006D1
:204470007622761F01C01A1C000876FD7C80FF693E6777007700761F01C456BFE0002B120A
:20448000CC2007FF1AA930009620CC20FC3F50809620CC20FFC0500A9620CC2107FF1AA963
:2044900030009621CC21FC3F50809621CC21FFC0500A9621CC2207FF1AA930009622CC222C
:2044A000FC3F50C09622CC22FFC0500A9622CC2307FF1AA930009623CC23FC3F50C09623A6
:2044B000CC23FFC0500A9623CC2407FF1AA930009624CC24FC3F1AA901C09624CC24FFC070
:2044C000500A9624CC2507FF1AA930009625CC25FC3F1AA901C09625CC25FFC0500A9625F3
:2044D000CC2607FF1AA938009626CC26FC3F50409626CC26FFC050099626CC2707FF1AA922
:2044E00038009627CC27FC3F50409627CC27FFC050099627CC2807FF1AA938009628CC28DD
:2044F000FC3F1AA902409628CC28FFC050099628CC2907FF1AA938009629CC29FC3F1AA93C
:2045000002409629CC29FFC050099629CC2A07FF1AA93800962ACC2AFC3F1AA901C0962AA2
:20451000CC2AFFC05009962ACC2B07FF1AA93800962BCC2BFC3F1AA901C0962BCC2BFFC0D7
:204520005009962BCC2D07FF1AA93800962D1A2D03C0CC2DFFC05009962DCC2E07FF1AA903
:204530003000962ECC2EFC3F1AA902C0962ECC2EFFC05009962E182F07FF182FFC3FCC2F59
:20454000FFC05009962F1A004000FF69FF200BB67640801F761AFF690006FE04761F01A150
:204550004216EE03767F5392767F542A761F0232920B5207ED05761F0205180DFFFD761FB2
:204560000232540CEC0A761F02329A00930B530856B101A9767F3B52767F3B4D761F020707
:204570000606761F022F1E28761F022F9A0028A840002D1FBE64761F02341E42360C761F33
:204580000207C50687A6564400A91E4406A7FF311EA606A7FF3503A6767F64E7761F02046F
:204590001E26767F3BC6761F0232920B5208EC0C0200761F02061E2A761F02061E2C761FB6
:2045A00002052B3F6F26FF2F4000761F022F1EA6D4000E1F761F02011EAC56050032566354
:2045B000003228AC001E761F0206565700A6564000A4562CA92A3B01062A761F0206FF3F01
:2045C000032CFF4D5601002C062C761F0205973F761F02349222761F01A19609761F023419
:2045D0009221761F01A29609761F02349220761F01A396090201761F02065601001EFE8455
:2045E0000006767F546F761F0232920B761F0232960C767F54A7767F549F767F5485767F91
:2045F00025DE761F023692290A29520968022B290006767F5462767F27860006761F0239AB
:204600000A010006761F0239920AED0D767F4697761F02399204EC452B0456BF010A2B013F
:204610002B0200065201ED3D767F4651761F02399203ED0F1B0107D069342B0A9200523C08
:204620006806761F022C1A16001000060A0000069202ED1892019605D00092A05218670B4E
:204630008F008E6592948F008E809694D80192A0521868F7767F4881761F0239960956BFE5
:2046400001029209EC062B00761F022C1816FFEF761F023992059C32540166032B032B0A6A
:204650000006761F02399203ED42761F02299238EC3E2B38761F0239920CEC215201EC11CE
:204660005217ED2D580C8F008E65761F0229923B9694761F02392B0C525556B1010300065B
:20467000580C0A0C8F008E65761F0229923B969452BA761F023956B1010C0006761F0229C1
:20468000923B52BAED14761F0239580C8F008E650A0C761F0229923B96940006580C0A0C3D
:20469000761F0229923B8F008E6596940006B2BD761F0239920756C001C256BFAB0D761FB8
:2046A000022A9205520256C10147761F023956BF010E56BF130F761F022C4412EF57761F65
:2046B00002399206EC4E5201EC435202EC385203EC2D5204EC225205EC165206EC0B520710
:2046C000ED49761F021B923E761F023996102B066F41761F022AC600761F0239961056BFB9
:2046D00007066F38761F022A9200761F0239FFC7961056BF06066F2E761F02189203761FF0
:2046E0000239961056BF05066F25761F02189202761F0239961056BF04066F1C761F021813
:2046F0009201761F0239961056BF03066F13761F022C9206761F0239961056BF02066F0A9A
:2047000056BFDD1056BF01066F059206761F02399610761F022C5603053F9339EC0250107F
:2047100093305303ED025008930E9107CAA8761F02399611761F022C922A761F0239961210
:20472000761F022C922E761F023996138F008A8F8F408E4B767F14EF761F0239920B96141E
:204730009B0A761F022C921C00FF6C37761F02399B4095A99715761F022C9B0A921B00FF08
:204740006C37761F02399B4095A99716761F022C9B0A921D00FF6C37761F02399B4095A97E
:204750009717761F022C9B0A921E00FF6C37761F02399B4095A99718761F022C9223761F3C
:204760000239FFC09619761F022C9221761F0239FFC0961A761F022C9222761F0239FFC0D5
:20477000961B2B1C761F022C92305203ED06BE0A0E35F60F1FA66F03CC330003761F02394B
:20478000961D9A00761F022C933AEC0250014112EF0250024412EF0250044012EF02500831
:20479000761F0239961E761F022C921F761F02399C40961F761F022C9220761F0239FFC0AC
:2047A00096209A00761F022C4513EF025001CD130040FFD588A8CD140008FFD2CBA6EC020F
:2047B0005002CD130100FFD788A8CD140010FFD3CBA6EC025004CD130200FFD888A8CD1470
:2047C0000020FFD4CBA6EC025008CD130080FFD688A8CD140004FFD1CBA6EC025010CD1376
:2047D0000004FFD188A893149101CBA6EC025020CD130008FFD288A8CD140002FFD0CBA6B1
:2047E000EC0250404413EF025080761F023996212B226F60761F023956BF540E56BF130F02
:2047F000D00092A05205670D8F008AC0D103939472A18F008E4D979CD80192A0520568F599
:20480000761F022C9206761F02399615761F02189201761F02399616761F02189202761F2C
:2048100002399617761F022C9230761F02399618761F02189203EC05761F02391A1800085E
:20482000761F021B9212EC05761F02391A180010761F022A9200761F0239FFC79619761FF2
:20483000022AC600761F0239961A761F021B923E761F0239961B56BF0A1C56BF111D56BF60
:204840000B1E56BF1E1F2B202B212B22761F022A2B059A00D00193A0531667088F008E4D28
:204850009494D80193A0531668FAFF5E761F02399C0190FF962356BF552492075218680C32
:20486000761F022992365201ED1B761F02392B0756BF01046F15761F022992365201ED10DD
:20487000761F023958078F008E4D761F022992949637761F02292B36761F02390A078BBE91
:2048800000069A00D00193A0531667088F008E809494D80193A0531668FAFF5E9C0190FF77
:20489000761F023A5416EC039A000006761F022A2B05761F023A92015238ED05761F02399D
:2048A0009208EC6B761F023A92015258EC5B5278ED51761F022C56BF070E761F023A920456
:2048B000761F022C90019624761F023ACC040002761F022CFFC09632761F023ACC04000448
:2048C000761F022CFFC19637761F023ACC040008761F022CFFC29639761F023ACC040010DB
:2048D000761F022CFFC3962F761F023ACC040060761F022CFFC49630761F023ACC04008010
:2048E000761F022CFFC6963A761F023A9205761F022C962A761F023A9206761F022C963380
:2048F000761F023A2D07761F022C350A96349A0100065253ED18761F022A56BF02059A0114
:204900000006761F01BF4C01EE0E761F022C56BF070E1A1208006F0756BF0108761F022C7B
:204910001A121000761F022CCD12FFF7761F023ACC040040FFC5761F022CFF82CAA89612B0
:20492000920E5201ED07761F023ACC040010FFC36F029A00761F022C9001CD12DFFFFF8C76
:20493000CAA89612920E5207EC0A5208EC08761F023A9204761F022C9007960ECD120800C4
:20494000CC120020FFDAFFC4CAA8EC07761F023A9205761F022C962A761F023ACC0D0020A3
:20495000761F022DFFC4963B761F023A440DEF062D06350A08A9FD856F052D06350A08A99C
:20496000FD80761F022C96189B0A761F023A920800FF6D6E88A92D07350A761F022C08A947
:20497000FD8094A69619761F023A2D09761F022C350A08A9FD80961A761F023A920A761FD8
:20498000022C900F963C761F023A2D0B761F022C350A963D761F023A920C56C10094761FEB
:20499000022C920E520756C1008E761F023A180C000F920C5201EC7B5203EC6E5204EC638B
:2049A0005205EC565206EC485207EC3B5209EC2E520BEC23520CEC15520DEC08761F022CFC
:2049B0001812FFDF1812FE3F6F73761F022C56BF030E1A120020CC12FE3F50C096126F68B7
:2049C000761F022C56BF030E1A120020CC12FE3F1AA9010096126F5C761F022C56BF030E67
:2049D0001A1200201812FE3F6F53761F022C56BF030E1A120020CC12FE3F504096126F4813
:2049E000761F022C56BF030E1A120020CC12FE3F508096126F3D761F022C56BF010E1A1230
:2049F0000020CC12FE3F1AA9014096126F31761F022C56BF010E1A120020CC12FE3F50C0C2
:204A000096126F26761F022C56BF010E1A1200201812FE3F6F1D761F022C56BF010E1A1220
:204A10000020CC12FE3F504096126F12761F022C56BF010E1A120020CC12FE3F50809612CC
:204A20006F07761F022C1812FFDF1812FE3FCD12FFEF761F023ACC0D0008FFC2761F022CCB
:204A3000FF83CAA89612761F023A920EEC495218EC415219EC39521AEC31521BEC29521C84
:204A4000EC21521DEC19521EEC11521FEC095217ED3A761F022D2B001A0001006F34761F30
:204A5000022D2B001A0000806F2E761F022D2B001A0000106F28761F022D2B001A000008F4
:204A60006F22761F022D2B001A0000046F1C761F022D2B001A0000026F16761F022D2B008E
:204A70001A0000206F10761F022D2B001A0000016F0A761F022D2B001A0000406F04761F99
:204A8000022D2B009A0100069A048F008D4E767F523E761F02359200EC14D00092A0520CD0
:204A9000670B8F008D5192948F008D5D9694D80192A0520C68F7767F4CCF761F02352B008F
:204AA000920E5264680A767F4C24761F023592015201ED032B0E2B010006761F023656BFDA
:204AB000AA0056BF1601761F022C920E930E5302EC095303EC055304ED069A036F049A0285
:204AC0006F029A04761F02369602761F022C922E761F02369603761F022C9226761F023631
:204AD0009604761F022C9227761F02369605761F022AC612761F02369606761F022AC60CB3
:204AE000761F02369607761F022CC613761F023696089B05761F022C921800FF6C37761F01
:204AF00002369B3C95A99709761F022C9B05921900FF6C37761F02369B3C95A9970A761FF1
:204B0000022C9B05921B00FF6C37761F02369B3C95A9970B761F022C9B0A921D00FF6C373B
:204B1000761F02369B1E95A9970C761F022C9B05921A00FF6C37761F02369B3C95A9970DE7
:204B2000761F022C9B05921C00FF6C37761F02369B3C95A9970E761F022C9220761F0236F9
:204B3000FFC0960F761F022C9221761F02369610761F022C4716EF039A0A6F02920C761FBE
:204B4000023696119A00761F022C933A5301ED025001930E5307ED0250024012EF025004E5
:204B500093395301ED0250084212EF02501093325301ED0250204112EF02504093255301E1
:204B6000ED025080761F02369612761F022C923C761F02369613761F022C9222761F0236B6
:204B7000FFC09614761F022C9223761F02369615761F022C92305203ED06BE0A0E35F60FEF
:204B80001FA66F029233761F02369616761F022C9206761F023696179A0B761F022C9E0ABC
:204B9000761F02369618761F022D92385202EC0492395202ED039A006F039203FFA0761FD4
:204BA00002369619761F022C921F761F0236961A9A00761F022C9309EC025001761F022D21
:204BB0009300EC025002761F022C4912EF0250044312EF025008761F0236961B761F022CD0
:204BC0009214761F0236961C56BF011D2B1E9B05761F022C921E00FF6C37761F02369B3CDB
:204BD00095A9971F761F022C4512EF07CC1201C0FFC5FF839C106F029A00930D910FCAA873
:204BE000761F02369620BE0A761F022C0E3D761F0236F60F1FA6962156BF112256BF0B2383
:204BF00056BF1E24761F02359205EC158A0C92C493A9761F0236FFD7970190FF9622761FAB
:204C000002358A0892C4761F023693A9FFD7972390FF96240006B2BD761F023656BFAA0092
:204C100056BF1401D00092A05210670D8F008AC0D102939472A18F008D80979CD80192A0C2
:204C2000521068F58BBE0006761F02359203ED1F9202ED04767F4AAD6F06767F4C0B761F32
:204C300002350B029A00D00193A0532567088F008D809494D80193A0532568FA90FF761FCD
:204C400002369625761F021756BF0101761F023592035226680B761F02179201EC1B761F73
:204C500002352B0356BF01016F15761F021792015201ED10761F023558038F008D80761F5B
:204C6000021792949600761F02172B01761F02350A03761F02359201ED03767F5A170006F1
:204C7000767F5A2D761F02359200ED59761F02179203EC552B03761F02359204ED11761F5D
:204C80000217920552AAED4B761F023558048F008D510A04761F02179205969400065201C5
:204C9000EC365202EC2092069C035404671392049E065204ED3458048F008D51761F021751
:204CA00092059694761F02352B04525556B10100000658040A048F008D51761F0217920567
:204CB00096940006761F02179205761F0235960658048F008D510A04761F021792059694C1
:204CC0005207690D761F02352B04000658040A04761F021792058F008D51969400069A001E
:204CD000D0018F008D5D6F039494D801761F023593069D0355A066F9FF5E9C0190FF93068C
:204CE0008F008D5D9D0358A8549456C000AA921E5201EC255223EC185225EC095220EC0597
:204CF000520556B1020200062B05000656BF01055603082094210EA91E0C5603082294239A
:204D00000EA91E0800065603082094210EA91E0A8A0A56030822942396C40006761F022CAA
:204D100056BF070E761F02359220761F022C90019624761F0235CC200002761F022CFFC091
:204D20009632761F0235CC200004761F022CFFC19637761F0235CC200008761F022CFFC25B
:204D30009639761F0235CC200010761F022CFFC3962F761F0235CC200060FFC4EC11CC20BE
:204D40000060FFC45201ED039A006F0BCC200060FFC45202ED039A016F049A026F029A03CE
:204D5000761F022C9630761F0235CC200080761F022CFFC6963A761F02359221761F022CE8
:204D6000962A761F02359222761F022C9633761F02359224761F022C9634560308349634F9
:204D7000761F02359223761F022C9834761F023556030826CA25761F022D5403650993A90C
:204D80009F035302630592031BA901F46F085403630693039FA95302630292039603000663
:204D90009A038F008EC7767F523E767F6AC3761F02369233ED08761F023B9207520556B785
:204DA00001000006761F023B2B002B07761F02362B33761F023B9201EC22520BED3058014C
:204DB0008F008EE5761F023692319694761F023B2B015255ED2CD00092A0520C670B8F0008
:204DC0008EE592948F008EF19694D80192A0520C68F7761F023B56BF01020006761F02367D
:204DD000923152AAED14761F023B58018F008EE50A01761F023692319694000658010A01A7
:204DE000761F023692318F008EE5969400069A048F008EC4767F523E761F023B920452C86B
:204DF00069732B044303EE159203CDA9FFF890079C019007CAA8960390075206640CCC0349
:204E0000FFF850069603761F022C1817FFFD6F031803FFF8761F023B4703EE189203CDA90D
:204E1000FF8FFFC390079C019007FF83CAA89603FFC390075206640CCC03FF8F5060960313
:204E2000761F022C1817FFFB6F031803FF8F761F023B4F03EE199203CDA98FFFFFCB900746
:204E30009C019007FF8BCAA89603FFCB90075206640DCC038FFF1AA960009603761F022C93
:204E40001817FFF76F0318038FFF761F023B4B03EE199203CDA9F8FFFFC790079C01900758
:204E5000FF87CAA89603FFC790075206640DCC03F8FF1AA906009603761F022C1817FBFF77
:204E600000061803F8FF0006B2BDD1009A038F008ED6767F523E9A038F008ED0767F523EB0
:204E70009A038F008ECD767F523E9A038F008ECA767F523E761F023B92025201EC049200D2
:204E800056C101902B029B00D00192A0520A67088F008EF19594D80192A0520A68FA1CA810
:204E9000FFFF91FF761F023B553BEC04920056C1017956030832943327A956030834943577
:204EA00080A956030836943788A95603083894399300EC052BABB600BE009A007E233F2167
:204EB0007F229624D00092A0520467138F008EE18F408EDD929472958F008EDD92948F00A1
:204EC0008ED9969492947495D80192A0520468EF761F023B9221520869041B2103F868046B
:204ED00092A1500159A99222520869041B2203F8680492A1500259A9761F021B9212EC0C48
:204EE000761F023B9224520869041B2403F8680492A1500459A9761F023B921B52086904EE
:204EF0001B1B03F8680492A1500859A993198F3F78099A888F7FFED4767F69F1761F022C69
:204F0000961B761F023B9A888F7FFED48F3F7809931A767F69F1761F022C961C761F023B7A
:204F10009A888F7FFED48F3F7809931C767F69F1761F022C961E761F023B9AA18F7FFED4CE
:204F20008F3F7768931B767F69F1761F022C961D92A19001CD16FFFDFF80CAA8961692A1DE
:204F3000FFC0CD16FFFB9001FF81CAA89616761F021B9212EC0B761F022C92A1CD16FBFF76
:204F4000FFC19001FF89CAA89616761F022C92A1CD16FFF7FFC29001FF82CAA896168817FB
:204F5000CD16000292A6FFD0FFC09001CBA99101CCA6FFFDFF90CBA99717761F023BCD033E
:204F6000FFF7761F022CCC160002FFC0761F023BFF82CAA89603761F022C8817CD1600042E
:204F7000FFD192A6FFC19001CBA99101CCA6FFFBFF91CBA99717761F023BCD03FF7F761FEF
:204F8000022CCC160004FFC1761F023BFF86CAA89603761F022C8817CD160400FFD992A682
:204F9000FFC99001CBA99101CCA6FBFFFF99CBA99717761F023BCD03F7FF761F022CCC163F
:204FA0000400FFC9761F023BFF8ACAA89603761F022C8817CD160008FFD292A6FFC2900117
:204FB000CBA99101CCA6FFF7FF92CBA99717761F023BCD037FFF761F022CCC160008FFC232
:204FC000761F023BFF8ECAA89603761F022C920E5207EC475208EC454412EE434116EF0B15
:204FD000761F023B9216520A6709761F022C1816FFFD6F04761F023B2B16761F022C4216ED
:204FE000EF0B761F023B9210520A6709761F022C1816FFFB6F04761F023B2B10761F022C49
:204FF0004A16EF0B761F023B920A520A6709761F022C1816FBFF6F04761F023B2B0A761F13
:20500000022C4316EF0B761F023B920D520A6709761F022C1816FFF76F04761F023B2B0D6E
:205010008BBE00065220680E52406704FFC09C0B6F0A560303A9BE110EA9F60F1FA69C0F6D
:205020006F029CF6520056B400A900069A048F008ED3767F523E761F023B9213520A6816FE
:205030002B13761F002C920DFFC38F008A96767F52A05200EC0B761F022A9217767F501260
:20504000761F022C961F081F000300067622761F01BF56BF0C20761F01C12B301A3000017D
:20505000761AFF690006B2BD767F593BD1001BA105146709FF20270E7640801FD9011BA1F5
:20506000051468F9767F5073767F51048F008AD0767F4168767F5046767F62C12910292008
:205070008BBEFF690006767F5AF75200EC15761F022A2B009A001BA9020063143B018F0042
:20508000860085A9560100A493C473009C011BA9020064F50006761F022C1A16000156BFCC
:2050900001090006B2BD8F3F78EA76FF78B99B00761F01BF4C01EF0F761F021B920C52FED0
:2050A000EC08761F022C1A16000156BF01096F059B016F038F3F78F2D00092A0521067085C
:2050B0008F408AC02B95D80192A0521068FA5300ED1CD00092A0521B67098F408AD024951B
:2050C000DF01D80192A0521B68F9D00092A05210673A9294EC3892948F408AC09695D80185
:2050D00092A0521068F76F2FD00092A0521B671A9A8A8F00860094A08F4086000EA9FF3097
:2050E000560100A4560301A059A908A101135603089D94C48F008AD09694D80192A0521B1B
:2050F00068E8D00092A05210670E8D4001018F00860072A1929C8F008AC09694D80192A044
:20510000521068F48BBE0006761F022C2B0E761F01BF4C01761F022C56BC080E02001E00D9
:20511000761F02189200761F022C9606767F5982767F5092761F022A2B1E761F0218920DE0
:20512000761F022A961F761F0218920E761F022A9620761F0218920F761F022A9621761FD6
:2051300002189210761F022A9622761F02189211761F022A9623761F02189212761F022A4A
:205140009624761F02189213761F022A9625761F02189214761F022A9626761F021892159D
:20515000761F022A9627761F02189216761F022A9628761F02189217761F022A9629761F7E
:2051600002189218761F022A962A761F02189219761F022A962B2B2C761F0218921A761FC7
:20517000022A962D761F0218921B761F022A962E761F0218921C761F022A962F761F0218BD
:20518000921D761F022A9630761F0218921E761F022A9631761F0218921F761F022A963209
:20519000761F02189220761F022A9633761F02189221761F022A9634761F02189222761F2F
:2051A000022A9635761F02189223761F022A9636761F02189224761F022A9637761F021865
:2051B0009225761F022A9638761F02189226761F022A9639761F0218920DEC03921AED07C5
:2051C000761F022C1A16000156BF0109761F021B920052046405761F022C2B306F05920095
:2051D000761F022C9630761F022A56BF021D56BF061C761F021B920D761F022A9603761FCA
:2051E000021B5603010E761F022A96022B0F2B0D761F022D56BF01382B392B372B362B03F8
:2051F0000006761F022A920AEC1C2B0A0201761F022C560100009225ED0702001E02020112
:20520000560100046F0602015601000202001E049232EC061B36FFFF67040A3600062B3627
:205210000006761F022A0A0828A803E8920800FF6D735200ED230A099B3C920900FF6D73AB
:205220005200ED180A069B3C920600FF6D735200ED0D0A079B18920700FF6D735200ED02F0
:205230002B071B06EF1068022B061B09EF1068022B091B08EA6068022B080006761F022ADF
:205240002F0727068009880893D4ED1356BF01D42BC45204EC0D5203EC095202EC05520161
:20525000ED0857CC6F063FCC6F047FCC6F027ECC5204EC375203EC255202EC135201ED407B
:2052600092AA54CC690C1BC4FFF0670992AA9ECC28A8FFFF9FC455A9690272C457CC000680
:2052700092AB54CC690C1BC4FFF0670992AB9ECC28A8FFFF9FC455A9690272C43FCC000686
:2052800092A754CC690C1BC4FFF0670992A79ECC28A8FFFF9FC455A9690272C47FCC00063E
:2052900092A654CC690C1BC4FFF0670992A69ECC28A8FFFF9FC455A9690272C47ECC000631
:2052A000C5A496C792C772D792E754C7680224E792DF54C7660224DF0AEF92F754EF66104B
:2052B0002BEF92DF74D792E774D72BDF28E704002DFF92D7FF6296CF2BD79A0100069A008F
:2052C0000006B2BD88A993A6FFB591FF58A893A6913F2DA8560301A6520063059BFFEBA0EE
:2052D0009B40EBACD10193A08F7F74808F3F7480290173A1939D9F9436A8FF45949493A65F
:2052E0006302FF5C8BBE00067622761F01A1CC0EFFFC5001960E761F01A2CC0EFFFC5001A8
:2052F000960E761F01A3CC0EFFFC5001960E761AFF6900067622761F01A1180EFFFC761F74
:2053000001A2180EFFFC761F01A3180EFFFC761AFF6900067622761F01A11A180004761FD7
:2053100001A21A180004761F01A31A180004761AFF6900067622761F01A11A170004761F9E
:2053200001A21A170004761F01A31A170004761AFF690006761F02322B002B112B092B0A90
:20533000761F02332B072B06761F02322B3B2B360200761F02341E061E02761F02332B0397
:205340002B022B1F2B271E3A761F02052B23761F022F2B15761F022E2B020006761F02327B
:205350009210523F663F0A103B018520761F02335601002A761F0232851C761F0233560194
:205360000030761F023292105240ED2C761F0233062A761F0232FF459612761F0233063038
:20537000761F0232FF45961308A9F83385A9FF5652C8620C921208A9F83385A9FF5652C863
:20538000761F020556B501266508761F020556BF0121761F02052B260200761F02331E2AFE
:205390001E300006FE02761F002C9207761F02329620761F002C9209761F0232961C761F64
:2053A0000205922656C10086761F02330E19761F02321E4292209E1234A9044E00FF6BE597
:2053B000FF5C9611761F02330E19761F02321E42921C9E1334A9044E00FF6BE5FF5C9609EA
:2053C0009411FF5C960A761F022F0E23761F02321E4292209E1234A9113800FF6BE5761FA1
:2053D0000201FF5C9607761F022F0E23761F02321E42921C9E1334A9113800FF6BE5761F39
:2053E0000201FF5C9609761F02019407761F0201FF5C9608761F023292099E0A761F023316
:2053F00034A949E7B306761F02329211761F02339607761F0232963B761F02339206761F73
:2054000002329636923B761F02339603761F02329236761F023396022D0333032D021202C0
:2054100007AB767F7ADA761F0233562F031F341F2D41562F0127761F0205922B761F02337F
:20542000541F6207767F530A761F020556BF0130FE820006FE02761F002C920B761F0232AF
:2054300096153B01341501F7761F0233FF4B9605761F02329E27FFA07227761F022F0E21CA
:20544000761F02321E4256030E2700FF6BE5761F02019602FE8200068F0080409A001BA9E3
:205450000FC063062B849C011BA90FC064FCD4509A001BA904B063062B849C011BA904B062
:2054600064FC0006761F02100E1D761F02331E34761F02070628761F02331E3C0006761F4D
:2054700001A19205761F02349623761F02148F0003E82D0D0200761F02343723F61F561757
:2054800000A4761F02343F250006761F02329227761F020596133B01761F02332527033ADD
:20549000FF465601003A8819063A87A6FF4F2901564400A9FF4B761F020596230006761F23
:2054A00001BF4C00761F020556BC0A320006761F0232920B5207620A5207EC325200EC68A8
:2054B0005201EC635202EC5900065208EC17520AED63761F02054F36EF0C767F534E761F4B
:2054C000023292105240ED5856BF080B2B100006761F023256BF070B0006761F02054F369F
:2054D000EF08761F02059230ED47767F52FA0006761F023256BF070B767F530A0006761F0F
:2054E00002054F36EF16767F52E40201761F02060F20ED0B761F023256BF0A0B767F531AD4
:2054F0000200761F02061E200201560100200006767F530A767F532A761F02322B10761FE2
:20550000023302001E2A1E301E2E761F02061E20761F02052B260006761F02054B3D761FEB
:20551000023256BD070B000656BF020B000656BF010B767F532A0006FE04761F0234061E6A
:205520001E44761F022F0E14761F022F1EAC5C2156440044FF32767F72F396411BA97FFF92
:20553000690328417FFF9241761F02379609FE840006FE04761F0234920B540F6605920F67
:205540009E0B96416F022B4129018F0024F35603030EBE0AA8AC566500A90200F61F5617B0
:2055500000A6A9A9FF4DFF5A3F43761F022F5C432D413614767F72F39642761F022F8F0078
:20556000048E2D42361F767F72F39642761F02342D0C124296421BA97FFF690328427FFFDD
:205570009242761F0237962FFE840006FE02761F0234920F9642761F022F2D423614761FD4
:20558000022F5C21767F72F39641761F022F8F0001DC2D41361F767F72F39641761F02343B
:205590002D0C124196411BA97FFF690328417FFF9241761F02379626FE820006FE02761F8B
:2055A0000234920A9642761F022F2D423614761F022F5C21767F72F39641761F022F8F00F9
:2055B00001DC2D41361F767F72F39641761F02342D0C124196411BA97FFF690328417FFF47
:2055C0009241761F02379634FE820006FE02761F02342D0D761F022F36141E42761F022F9F
:2055D0005C210642767F72FE1E428F000273A8AC8F0003E856440042767F72FE1E428F002F
:2055E0007FFFA8A90F426702A8429242761F0237960CFE820006FE02761F02342D0D761FD4
:2055F000022F3614761F022F5C21767F72FE1E42761F02349210EC0A02645C101EAC56447F
:205600000042767F72FE1E426F0902001E42761F02011E2E761F02011E348F007FFFA8A97D
:205610000F426702A8429242761F02379606FE820006FE04761F023428AC1AAB120C0EA9D7
:205620001E44761F022F8F00C3500E1F1EAC56440044767F72F396411BA97FFF6903284183
:205630007FFF9241761F0237961FFE840006FE06761F022F28AC00DA301F761F022F1E4211
:205640000E14761F02341E440E17767F73051E4628A9FFFF28A87FFF0F46670628AA7FFFD6
:2056500028ABFFFFA9460646761F02381E04FE860006FE02761F02349216EC0E8F01400076
:20566000A8A95C16767F72F396411BA97FFF690C28417FFF6F092B410200761F02041E1CDD
:20567000761F02042B0F9241761F0237960EFE820006FE022901761F023456030D18761F72
:20568000022F5C21767F72F396411BA97FFF690328417FFF9241761F02379619FE820006C0
:20569000FE022901761F0234D40A5603071A767F72F3761F0237961A761F02345C1929016B
:2056A00056030C1A767F72F396411BA97FFF690328417FFF9241761F02379618FE820006D0
:2056B000FE022901761F0234D40A56030812767F72F3761F02379617761F02345C1129015D
:2056C00056030C12767F72F396411BA97FFF690328417FFF9241761F02379621FE820006AF
:2056D000FE02761F023492139641761F022F92145441562A08415C14290156030E41767F72
:2056E00072F396411BA93999690328413999761F02372B399241FF5C761F0237962A761FAE
:2056F000023728A9C0009E419638FE820006FE02761F023428AC0346120C9615290128ACEE
:205700001A21761F022F3021761F0234FF4D96148F0024F3A8AC5603030E564400A9FF4D83
:20571000961B2D1436151E425C1B02521EAC56440042767F72F30EA91E428F007FFFA8A99C
:205720000F426702A8429242761F0201960CFE820006FE06761F02348F0100002D0C761F04
:20573000022FA842361F8F0753001E44A8A9767F73051E4628A9FFFF28A87FFF0F4667069D
:2057400028AA7FFF28ABFFFFA9460646761F02381E00FE860006767F551C767F5539767F98
:205750005576767F559E767F55C6767F55EB767F5619767F5679767F5690767F56B0767F4E
:2057600056D0767F56F7767F572900065842003F5855003F5878003F58B1003F58C9003FCA
:2057700058E5003F58FB003F58FD003F58FF003F5901003F5903003F5905003F5907003F71
:205780005919003F591B003F591D003F3B10761B0005AABDA2BDA8BDA0BDC2BDC3BDABBD20
:20579000FF695616294277B75633761F0033282100047623000476C06819CCB800075201BC
:2057A000EC0718B88FF81AB8100156CF000618B88FF81AB82002761F023E0A0076C00B0323
:2057B00092B8961376FF5766560301003E01000F560100A7C5B8FF20000076203B01563317
:2057C000761F023E2D10361C2DA83613562F062028A9076C56740020962076C00B0128A9A5
:2057D00007DF761F023E9EB856C200039A009621852008A9FFEC9E2196232D2412312D239F
:2057E000333007AB2D39FF500734FF5A9223962456CF0002A9A91BA8FF9C56C3000528A817
:2057F000FF9C9A000F3A56C50003063A1E34530056C300039B0076C00B051BB80C8B56C497
:2058000000039B0092211BA907C256C400039B00532D56C200039B0076C0680997B8761F31
:20581000023F1B330001EC190A321B32032056C400052B3228330001761F023E922108A926
:20582000FFDD520056C200039A00963E2D3E123E761F023F07301E30761F023E921354339A
:2058300056C40003963376C0681C1AB8000187BEC5BEC4BE83BE8ABE82BE86BE00037617FE
:2058400029107602761F023E76C00B052DB82101060633031002330310073304A7011E06D1
:2058500092089E019609007F57BE761F023E060E2D09330C07AB1E0E330B07AB2D1556C246
:20586000000702001E0E961056CF00125627000D56C5000A02005623000D1E0E56109610A7
:2058700056CF00065623000D56109610007F57BE56CF00379A0076C00B0593B89F0853D571
:2058800056C200091B190001ED0E1BA8FF2B56C2000B9A012B381B140000ED05281400014B
:2058900056CF00161B140000EC1B1B140002EC161B140003ED155201EC112B142815000D47
:2058A000060EFF311E0E2B3E56CF000B28140002060E56811E0E2815000B283E0001007F5C
:2058B00057BE761F023E2D1312131EAC761F023F0720AB20032403241EAC5605002C56639F
:2058C000002C56570022A922564000241E24007F57BE761F023F1B0D0001ED16800E92B898
:2058D0009B00950C80A896B8800F92B828A80200950C80A896B80A0C1B0C01F456C40005F3
:2058E0002B0C280D0003007F57BE761F023F0A068724ABA90726AB26032A032A1EAC560543
:2058F000002E5663002E56570028A9285640002A1E2A007F57BE007F57BE007F57BE007F9A
:2059000057BE007F57BE007F57BE007F57BE761F023E76C00B05061A8C1703F510B88CACE0
:2059100003F5101B8CACF81510B81E1A2117007F57BE007F57BE007F57BE007F57BE761BF6
:20592000C3BDFF69ABBD76C0680E28C7000576C0684E28C7000576C0688E28C70005761FE2
:2059300000331824FFFE761F00332821000287BEC5BE76177602767F6295767F65B0767F20
:20594000544C8F7F6D8C8F3F6DAFA0A9564100A4A8A98F008000767F6C5976408000767FED
:205950006C0F76260000762F0000767F6D1F7622761F00358F3F6A65A80C761F00348F3FB0
:205960006A8BA81A761AFF69D431028B767F59A1D431FF2003E8767F59BB767F405C767F59
:2059700040D1761F00331A2200407623000176231000767F59D5FF200960767F59EB767FA6
:2059800067780006B2BDD1001BA105146709FF20270E7640801FD9011BA1051468F9761F4F
:2059900001BF1A030002D1001BA103E86709FF20270E7640801FD9011BA103E868F98BBE5C
:2059A0000006761F00301E0292A428A8FFFF00FF6D7396067680FFFF0EA4F60F1FA6960770
:2059B0001804FBFF1804F7FF1A0400201A0440001804FFEF0006761F00301E0A92A428A810
:2059C000FFFF00FF6D73960E7680FFFF0EA4F60F1FA6960F180CFBFF180CF7FF1A0C0020B3
:2059D0001A0C4000180CFFEF00067622761F01BE180DEFFF1A0D20001A050300CC09FCFF01
:2059E0001AA901009609CC09F3FF1AA904009609761AFF6900061EA628A9BC209BBE290125
:2059F000FF5A0200F61F561700A6A9A9FF42FF5A88ABDE81761F01C11810FFF71A100007F0
:205A00001A1000201A1000401810FF7F56BF03112B14B6FF0EA6F60F1FA796129BFF92A616
:205A100000FF6D73961356BF23112B1C0006761F02179202ED099200761F01C19619761FF3
:205A2000021756BF0102761F01C14714EF06761F021756BF01012B020006761F01C14615E4
:205A3000EF07C617761F0217960556BF0103761F01C14515EF051811FFDF1A110020000624
:205A40005200ED06761F01BF1A0A00040006761F01BF1A0C000400065201EC06761F01BF5F
:205A50001A0500010006761F01BF1A03000100065201EC08761F01BF1A0500081A1C40005E
:205A60000006761F01BF1A0500081A1A400000065200EC155303EC0C5302EC0A5301ED15E8
:205A7000761F01BF1A0300081A1C40000006761F01BF1A1A40001A0500080006761F01BFD5
:205A80001A1C40001A050008000600069A0000065201EC06761F01BF1A0500020006761F67
:205A900001BF1A0300020006D00800FF6D0A97469645D3009A00964752036755D200924606
:205AA00054A2692B9A505CADD50493A29445DC84767F67A85200ED18D300D00092A052049C
:205AB000671992455CAD560308A98F40860059A9DC8492A272A19294969DDA01D80192A02F
:205AC000520468F06F07DB0192A3520569039A006F2B924654A266D7BE00D0008F008600EC
:205AD0006F0B9245560308A959A992A072A192A6949C88A9D80192469CFF54A066F392450B
:205AE000560308A98F00860058A9924672A092A6D88190FF5494ED039A016F060A4792476A
:205AF000520368AD9A00D00800FF6D660006B2BD9A0028A80100767F5A945200EC0CD1000A
:205B00009A0128A80100767F5A94520056B001A192A16F029A008BBE0006B2BDFE0476FFC9
:205B100079265CADDC84F6032484761F022C921893195C25767F5B9459A9761F022C411236
:205B2000EE1B5CAD921B93255D2DDC84767F326B88A9761F022CCDA60001FF93CC13FFEFAB
:205B3000CBA9971392A6FFC1CD15FFF79001FF82CAA896156F0356BF0A445CAD921A932DEE
:205B4000DC83767F33D088A9761F022CCDA60001FF92CC13FFF7CBA9971393A6FFD0CC141A
:205B5000FFFD9101FF90CBA9971492A6FFC1CD15FFFB9001FF81CAA89615FFC19001CD15C4
:205B6000FBFFFF89CAA896155CAD932DDC82921C767F349E88A9761F022CCDA60001FF91F2
:205B7000CC13FFFBCBA9971393A6CC14FFFEFFD09101CBA9971492A6FFC1CD15FFFD900121
:205B8000FF80CAA896159A035CADDC84767F06F9761F022C9628792692A1542869025928B4
:205B90007927FE848BBE0006D00C00FF6D0A59A45AA85BA976FF79095CADDC8BF60A248420
:205BA0009A038F008D32767F523E9A038F008D35767F523E761F022C92115201EC04920FB8
:205BB0005201ED05761F02342B352B3292A29EA3761F0234542F6205542F56B4012E6F02B1
:205BC0002B2E962F93A1ED032B2E2B31520A63281BA9FFF66316923552B4670D761F022CB1
:205BD0009207EC06761F02349230FFEF00EB9A00FFEF00E856BFB4359A002B32FFEF00E28F
:205BE0002B351B3203C069032B326F071B32025868039A006F029A049630FFEF00D32B3554
:205BF0002B32932EED4E1BA9FFFB64451BA9FFFB64035200643D52006403520564365205BC
:205C00006403520A642F520A6403520F6428520F640352146421521464035219641A5219AA
:205C10006403521E6413521E64035223640C5223640352286405522856B30A2D6F1D56BF50
:205C2000092D6F1A56BF082D6F1756BF072D6F1456BF062D6F1156BF052D6F0E56BF042D37
:205C30006F0B56BF032D6F0856BF022D6F0556BF012D6F022B2D9231542D562A062D6F52A2
:205C40005301ED505223634852236303521E6341521E63035219633A5219630352146333F9
:205C500052146303520F632C520F6303520A6325520A63035205631E5205630352006317AA
:205C6000520063041BA9FFFB630F1BA9FFFB63041BA9FFF663061BA9FFF663202B2D6F1ED3
:205C700056BF012D6F1B56BF022D6F1856BF032D6F1556BF042D6F1256BF052D6F0F56BF12
:205C8000062D6F0C56BF072D6F0956BF082D6F0656BF092D6F0356BF0A2D9231542D562A09
:205C9000082D761F022C922693A1EC1A761F0234932D5531EC1B5531660C55316717933132
:205CA0009F2D55A967049E31942D6F109A016F0E95A99F3192A8520A69099A0A6F07761FC3
:205CB0000234582D5CADDC8B9294932D9731761F022C970A520456B804A9761F02349630F5
:205CC000D00C00FF6D660006B2BD8BA49A048F008E28767F523E92C152C0620F52C056C10B
:205CD00001455200EC1A523DEC1A527E56C100BD52BB56C101456F0A52D256C1015C52DE32
:205CE00056C1016D52EA56C1017F2BC19A03FFEF0182761F022D2B3456BF3DC1761F022D58
:205CF00092375436ED0A92385201EC0792395201EC049A00FFEF016F92385201EC3492392C
:205D00005201EC23923754366414761F023856BF0227761F022D9E36761F02389624761F93
:205D1000022D9236ED28761F0238082400086F23761F023856BF0127761F022D92369E3765
:205D2000761F023896246F1756BF0239761F023856BF0227761F022D9237761F02389C08F7
:205D300096246F0956BF0238761F023856BF022728240230761F022D56BF0134761F021B87
:205D400092125202EC27761F023858268F3F79144094EE06761F01BF1A0C00406F05761F04
:205D500001BF1A0A00404194EE041A0C00106F031A0A00104294EE041A0C00086F031A0AE0
:205D600000084394EE041A0C00206F291A0A00206F26761F023858268F3F79144094EE062B
:205D7000761F01BF1A0C00206F05761F01BF1A0A00204194EE041A0C00086F031A0A0008D8
:205D80004294EE041A0C00106F031A0A00104394EE041A0C00406F031A0A0040761F02388B
:205D90002B2856BF7EC1761F02381B28021267049A00FFEF00D02B2592245425FFE9008C70
:205DA00092275201EC0D9226520768032B266F020A26761F022D9237650E0B376F0C9226FB
:205DB00056B10726EC020B26761F022D1B3701F463020A37761F021B92125202EC27761F7D
:205DC000023858268F3F79144094EE06761F01BF1A0C00406F05761F01BF1A0A004041942B
:205DD000EE041A0C00106F031A0A00104294EE041A0C00086F031A0A00084394EE041A0C62
:205DE00000206F291A0A00206F26761F023858268F3F79144094EE06761F01BF1A0C002007
:205DF0006F05761F01BF1A0A00204194EE041A0C00086F031A0A00084294EE041A0C0010F5
:205E00006F031A0A00104394EE041A0C00406F031A0A0040761F023892259E241BA9FFFFCD
:205E1000EC0B2B2856BFC0C1761F02389228521E670D9A006F4F2B2856BFBBC1761F02381A
:205E20001B28021267039A006F450A2592245425FFE6FF78761F01BF1A0C00401A0C0010A8
:205E30001A0C00081A0C0020761F02382B2856BFD2C1761F02389228521E67039A006F2A7E
:205E4000761F022D92385202ED1056BF0338761F02382B262B2856BFDEC1761F02381B28DA
:205E500007D067039A006F16761F022D9239520256C0FE9156BF0339761F02382B262B2886
:205E600056BFEAC1761F02381B2807D0FFE7FE839A008BBE0006761F022D96360006FE0C89
:205E7000761F023492239648962496499228652D922965145428630A92289E299642560300
:205E80000129964356BF01416F4C9428964292299E28964356BF02416F44FF5C5428620BB0
:205E90009229FF5CFF80964292299428964356BF06416F3792299428FF5C964292289E2908
:205EA000964356BF05416F2D922965189228FF5C5429650B56030129964292299428FF5CAB
:205EB000964356BF03416F1D92299428964292299E28964356BF02416F145428620A9428EC
:205EC000FF5C964292289E29964356BF05416F099E2896429229FF5CFF80964356BF0441FC
:205ED00092439442964592255445670D5C4529012525767F72F396472D47364297422D47E3
:205EE000364397439243944296459248964692495445FFE800A99243544269389246544394
:205EF000670A761F0234962A962B96432B2C2B42FFEF009A544569209E459644924954455D
:205F000068109244761F0234FFC09445962A9244FFC09443962B9244FFC0962CFFEF00841A
:205F10009245761F02349444962A92439444962B9244962C6F78761F0234962A9243962B29
:205F20002B2C92469E4396426F6E924654426709761F0234962A96422B432B2B2B2C6F636E
:205F30005445691C9E45964492495445680F9244761F0234FFC09445962A9244FFC0944326
:205F4000962B9244FFC0962C6F4E9245761F0234962A9243962B2B2C6F46761F0234962ADD
:205F50009E42962B96432B2C6F3E9246761F02349E2A9442962A92469E2B9443962B9246A1
:205F60009E2C9E429E43962C6F3E761F0234922A9E429E43962A9242722B9243722C6F3399
:205F7000761F02349246EA2AEA2BEA2C6F2C761F02349242742A9243742B9242942C944378
:205F8000962C6F219246761F02349E2A94429443962A92469E2B9E42962B92469E2C9E4312
:205F9000962C6F1192415204620A5204ECDA5201EC0A5202ECBB5203ECC96F055205ECD821
:205FA0005206ECE1761F0234922C932A942BFFC09FA997268F006EDAA8AC0E2B012C5644C8
:205FB00000A9B327761F022E92365201ED17761F0201922A761F0234942A964A761F020115
:205FC0009219761F0234942B964B761F02019218761F0234942C964C6F09761F0234922AFD
:205FD000964A922B964B922C964C9248544A67049248964A6F04924A63022B4A9248544B54
:205FE00067049248964B6F04924B63022B4B9248544C67049248964C6F04924C63022B4C82
:205FF000924A962A924B962B924C962C92489E2A962292489E2B962192489E2C9620FE8C1F
:206000000006761F022C922C761F022A960B767F18B7767F18FC761F022C9239767F605592
:20601000761F022C9225932C767F60588F008B30767F60EF761F022C9237767F611F761F66
:20602000022D9203767F5E6B767F612A767F4602767F4E64767F4DE7767F5026767F4A8423
:20603000767F51F10006B2BD59A98F008D3D9A04767F523E9A0494A1560301A9761F023485
:206040001B3D03E868112B3D0A38543866022B38923852086906CC380001767F5A406F04E9
:206050009A00767F5A408BBE0006767F5A4C0006B2BDAABD5AA859A98F008D3A9A03767F55
:20606000523E761F022C922FEC039A026F029A00761F02149615767F4218761F0205923073
:20607000761F022C960CEC15761F0234923A5296681356BF963A761F022CCD150040CC1505
:206080002000FFD5FFCCCAA8ED07767F41506F04761F02342B3A761F022C923AED05761F9C
:20609000022F2B0D6F09761F022F56BF190C761F022F56BF010D92A15201EC09761F022CE8
:2060A000923AED059A00767F41476F049A01767F414792A2767F4155767F4160761F022C68
:2060B000962E86BE8BBE0006761F022C4516EE1792325201ED10923552C8670D761F023422
:2060C0000A399239521E68182B39761F022C1A1600206F12761F02342B396F0E761F023453
:2060D0000A399239523C68082B39761F022C9209ED031816FFDF761F022C92325201ED0718
:2060E0004516EE059234767F69736F049A00767F6973767F6977761F022C96350006FE086E
:2060F000C5A45DADDD87F60624859247884593445203EC175200EC115201EC0B5202EC0561
:2061000092A6767F5A586F1A92A6767F5A856F1692A6767F5A686F1292A6767F5A586F0EBA
:20611000761F022A920A5201ED03767F60B4761F01BF1A0500081A1C4000FE8800069B00AD
:20612000761F0220520056B001A89700767F413C00060006761F022C92305203EC11761F26
:2061300002209209520264079209761F022C9C0496216F0C9209761F022C96216F07761F83
:2061400002209209761F022C9621761F02209208761F022C9C069620761F02329227761F85
:20615000022C9622761F02059223761F022C96230006FE02761F022C56BF0A282B294B12BB
:20616000EF2956BF012456BF012F920E5203EC062834032056BF03336F0A761F021B2D017E
:20617000350A761F022C963456BF013356BF013256BF013956BF013702030F00660B02B4DB
:206180000F006808921F523265051A1600801A1520009220767F620E761F022CFFC19001B7
:20619000CD15FFDFFF84CAA89615932C5CAD9221DC81767F622488A9761F022CCDA60001D4
:2061A000FF95CC13FFBFCBA9971393A6FFD0CC14FFF79101FF92CBA9971492A6FFC1CD1596
:2061B000FFEF9001FF83CAA89615921D767F6260761F022CFFC19001CD15FF7FFF86CAA8E0
:2061C0009615922A544169029241962B920CED15761F021B920F761F022C9CC0541F6508D2
:2061D0001816FFBF4B12EE141816FF7F6F111A1600801A1520006F0C520AEC061A16004000
:2061E0001A1500406F051A1600801A152000761F02392B00761F022C1816FFEF1816FFFDB9
:2061F0001816FFF71816FFFB1816FBFF1816FFFE9216CA09CA15ED04922496256F052B2570
:206200002B3256BF0109922B932C767F626D761F022C962C767F1213FE820006528A680455
:206210001BA9010E680B528668041BA901226809761F023656BF04346F04761F02362B34D3
:20622000761F02369234000600FF6D0682A45AA859A99A048F008DB5767F523E761F021A84
:206230005603013754A169225603013754A1690F5603013754A1660B761F02361B3503E840
:20624000680492A29CFF96C39A026F135603013754A169085603013754A166047AC39A01CD
:206250006F0856BFFFC39A006F0456BFFFC39A045202EC04761F02362B3500FF6D62000619
:2062600088A9761F02192D22350A08A9FD8054A662039A0400069A00000600FF6D0659A86B
:206270005BA95AA18F008DB89A04767F523E761F02361B3801F468162B3892A354A1690986
:206280009A0194A15AA992A1520A56B80AA26F0A54A1670892A1520A69039CFF6F029A0A5A
:206290005AA992A200FF6D620006767F62B97622761F01C01A1C0008FF6976FD7C803E672B
:2062A000761F01C0181CFFF7761AFF69767F63759A0A9B02767F62C9767F6314000676222E
:2062B000761F01C056BF552556BFAA25761AFF6900067622761F01C056BF6F29761AFF6974
:2062C00000067622761F01C056BF2F29761AFF69000688A9761F01C04311EF0676221A11CC
:2062D0000010761A7625CC110180EC0576221811FE7F761A9221900F54A6EC1576221A1146
:2062E0000040CC21FFF080A9CCA6000FCAA79621761AFF69767F62B94011EFFF76221811A8
:2062F000FFBF761A5301EC035302ED0B7622CC11FE7F88A9CCA80003FF86CAA69611761AEA
:206300005303ED117622CC11FE7F1AA901009611FF69FF2001F27640801F761F01C01A117C
:206310000180761AFF6900067622761F01BE1A080030761F01C056BF021BCC10FFFC5002FF
:2063200096101A1C00081A2000011A2000021A2001001A2002001A2004001A1D01001A1DDE
:2063300000011A1D00021A1D00041A1D00081A2020001A1C00011A1C00101A1C04001A1C52
:2063400001001A1C0004761AFF690006FE027622761F002B2820FFFF2821FFFF2822FFFFD7
:206350002823FFFF2824FFFF2825FFFF2826FFFF2827FFFF761A761FFDFF92389641923929
:206360009641923A9641923B9641923C9641923D9641923E9641923F9641761F002B922FE4
:206370009001F001FE82FF6900067622761F01C01812FEFF1812FFFE1A1220001A124000A9
:206380001A120400761AFF6900067622761F01C01812FBFF1A1200021A1220001A124000D7
:206390001A1200011A120100761AFF6900067622761F01C01812BFFF1A1220001812FFFD4D
:2063A0001A1200011A1200041A1204001A120100761AFF6900067622761F01C01A100040CD
:2063B0001A1240001812DFFF1812FFFD1A1200011A1200041A1204001A120100761AFF6981
:2063C0000006761B2942561676256F00761B2942561676256F00761B2942561676256F0061
:2063D000761B2942561676256F00761B2942561676256F00761B2942561676256F00761BC6
:2063E0002942561676256F00761B2942561676256F00761B2942561676256F00761B2942DC
:2063F000561676256F00761B2942561676256F00761B2942561676256F00761B29425616CB
:2064000076256F00761B2942561676256F00761B2942561676256F00761B2942561676258B
:206410006F00761B2942561676256F00761B2942561676256F00761B2942561676256F00A7
:20642000761B2942561676256F00761B2942561676256F00761B2942561676256F00761B75
:206430002942561676256F00761B2942561676256F00761B2942561676256F00761B29428B
:20644000561676256F00761B2942561676256F00761B2942561676256F00761B294256167A
:2064500076256F00761B2942561676256F00761B2942561676256F00761B2942561676253B
:206460006F00761B2942561676256F00761B2942561676256F00761B2942561676256F0057
:20647000761B2942561676256F00761B2942561676256F00761B2942561676256F00761B25
:206480002942561676256F00761B2942561676256F00761B2942561676256F00761B29423B
:20649000561676256F00761B2942561676256F00761B2942561676256F00761B294256162A
:2064A00076256F00761B2942561676256F00761B2942561676256F00761B294256167625EB
:2064B0006F00761B2942561676177602761B2942561676256F00761B2942561676256F000C
:2064C000FE014FA8EF03FF540901F60F1F45964025A8F60F1F4593405632FE8100068AABED
:2064D000A3A90200F61F5617004392ABA3A40006A8BD8AAB2904565F2FA92BAB85A8F61FA3
:2064E0005617004506AB5632A3A48ABE0006A8BD29048AAB565F87A90646560500465663CA
:2064F0000046F61F5617004806AB5632A3A48ABE0006FE022904565F87A9064656050046AF
:2065000056630046A9A6A3A90200F61F56170048A9A7A3A6F61F5617004806A76C025658E9
:20651000A9841EC4FE820006A8BD8AAB2FA92BAB85A8F61F5617004506ABA3A48ABE000654
:20652000ABBD761DA8BD290487A9064A5605004A5663004A3B01565F8F0002000FA4630509
:206530005632568906AB6F04FF207FFE563229018ABE761187BE0006761F02052D06761FF4
:2065400002053607761F0205F60F1F08761F0205961D5608FFFF761F0205F60F1F08761F27
:20655000020596200006761F02052508761F02050D07761F0205F60F1F06761F0205961DDA
:206560005608FFFF761F0205F60F1F06761F020596200006761F02052D06761F02053607F9
:20657000761F02059620761F02059706761F02053608761F02058106761F0205961D761F9F
:206580000205971E0006761F02052D06761F02053607761F0205961F761F0205971E851E4C
:20659000761F0205370807AB761F02059620761F0205971EFF200000761F02052B1D0C1D8F
:2065A000961D251D761F02050D1E761F0205370507AB761F0205971E761F0205961D0006EF
:2065B00076220200761F01BE1E061E081E161E361E0A1E1A2B3A1E021E041E121E0C1E1C70
:2065C0001A0C0001CC06FFFC500196061A0C00021806FFF3761F01BF1A020002761F01BEDB
:2065D0001A0A00021A0C0004CC06FFCF501096061A0C0008CC06FF3F504096061A0C00101F
:2065E000CC06FCFF1AA9010096061A0C0020CC06F3FF1AA9040096061A0C0040CC06CFFFFB
:2065F0001AA9100096061A0C0080CC063FFF1AA940009606CC07FCFF1AA901009607180A76
:20660000EFFF1808FFFC761F01BF1A050001761F01BE1A0B00011808FFF3761F01BF1A05FC
:206610000002761F01BE1A0B00021808FFCF180BFFFB1808FF3F761F01BF1A050008761F73
:2066200001BE1A0B0008CC09FCFF1AA9010096091A050300CC09F3FF1AA904009609CC160A
:20663000FFFC500196161A120003CC16FFF3500496161816FFCF761F01BF1A0C0004761F3F
:2066400001BE1A1A00041816FF3F761F01BF1A0C0008761F01BE1A1A00081816FCFF761F06
:2066500001BF1A0C0010761F01BE1A1A00101816F3FF761F01BF1A0C0020761F01BE1A1A59
:2066600000201816CFFF761F01BF1A0C0040761F01BE1A1A0040CC36FFCF50209636183621
:20667000FCFF761F01BF1A1C0010761F01BE1A3A00101836CFFF183AFFBF1837FFCF761FDE
:2066800001BF1A1A0400761F01BE1A3A04001837FCFF761F01BF1A1A1000761F01BE1A3ACB
:2066900010001837CFFF761F01BF1A1C4000761F01BE1A3A4000761AFF6900069A038F00E0
:2066A0008B7D767F523E9A00767F6033761F022C4C12EE09020A0F0066022B0E761F022D93
:2066B0002B3D0006761F022D923D520267039A006F16520467039A016F12520667039A02B2
:2066C0006F0E520867039A036F0A520A67039A046F06520C67039A056F029A06963C761FAB
:2066D000022C920C520AED0C761F022D923C52046807761F022C1A1600801A152000761FDB
:2066E000022D923C56C1008B520156C100925202EC3D5203EC245204EC1D5205EC0D520616
:2066F00056C00087761F022C2B391812EFFF2B0E2B372B320006761F022C92305203ED7871
:206700001B35025868041B3503E869721A1600200006761F022C56BF01390006761F022C1C
:206710009B01922252F069051B22010456B800A888A8921593A9FFD79101CCA9FEFFCBA613
:206720009101FF97CBA997150006761F022C9B01921B52E664051B1B010E56B500A888A836
:20673000921693A9FFD09101CCA9FFFDCBA69101FF90CBA99716BE011B1C015464051B1CF5
:20674000017C56B500A6FFD192169101CCA9FFFBCBA69101FF91CBA99716BE011B1D03489C
:2067500064051B1D037056B500A6FFD292169101CCA9FFF7CBA69101FF92CBA99716761FA4
:20676000021B9212EC15761F022C921E52646403528C650E1A1604000006761F022C56BF64
:20677000013756BF01322834032056BF033300067622761F01C01A1C0010761F01BE181CFD
:20678000FFFE181CFFFD1A1200031A12000CCC16FFFC50019616CC16FFF350049616761A27
:20679000761F01E41809FFDF56BF500756BF040C56BF2D0356BF2D042B011A09002028209D
:2067A0006000282120402B052802FFFFFF690006D00200FF6D0A82A459A87D429641D20033
:2067B000761F01E44B09EE3F924196074C02EF0428A910006F4056BF0105CCA100FF960868
:2067C000280966201A020020D200761F01E44202EE0A767F62AFDA011BA20FA069F728A9C0
:2067D000FFFF6F29D2009242960528096C20761F01E44502EE0A767F62AFDA011BA2177037
:2067E00069F728A9FFFF6F17D000924254A0690792069693D801924254A066FB767F62AF13
:2067F0009A006F09767F62AFDA011BA2177069B928A95555D00200FF6D660006D00200FF3A
:206800006D0A82A459A87D429641D200761F01E44B09EE21924196074C02EF0428A9100003
:206810006F229A0194429605CCA100FF9608D000924254A06908929390FF9608D8019242B9
:2068200054A066FA767F62AF761F01E428096E209A006F09767F62AFDA011BA2177069D74E
:2068300028A95555D00200FF6D660006761F002C1B0E04D96605761F02292B356F04761FC9
:2068400002290A3592355284690456BF85352B39761F002C1B0E04D96906761F02299239D0
:20685000ED022B3C761F02290A3C923C5204EC035205ED09761F002C1B0E04D96904761FA3
:2068600002290A2E5206EC07520C6838761F02292B3C0006761F002C1B0E04D96904761F76
:2068700002290A2E761F02299B00922E520256B701A82B2E9239ED075300ED202B3A2B3048
:206880000A3900065200EC0D5209670B9CFF2DA992A8FF6698305300EC020A3A0A390006F1
:206890005209EC0B520AEC032B3900062B3956BF01389230963B00060A3900069A01761F1D
:2068A000022993315301ED042B31933797320A2F932F530C68459333EC3A5300EC1853090F
:2068B00067169DFF2DA8FF66CE32ED06761F01BF1A1C10006F08761F01BF1A1A1000761F42
:2068C00002290A34761F02290A336F2992335209EC0F520AED24761F01BF1A1A1000761F04
:2068D00002292B3356BF013156BF01366F184034EE06761F01BF1A1C10006F05761F01BF39
:2068E0001A1A1000761F02290A336F09761F01BF1A1C1000761F02290A332B342B2F000688
:2068F000B2BDAABDA2BDFE0206A661715FDD93DCF3A7A3C406D4FF90FFD4974106D456AA3B
:206900001AA880008EA9A9A11B410000616B1B4107FF6162A3C506D5FF90FFD4974206D50E
:2069100056AA1AA8800086A9A9A31B420000615A1B4207FF61519341954297A45633A2ACC0
:20692000564700A1A9A9560500A0565300ABB2AC560500A2565300AB562800A99B00565C55
:20693000B2AC564700A2565300AB3AAC564700A3565300AB560500A2565300AB1EC6562829
:2069400000A99B00564700A2565300AB1ED6A3C6630356900AA48DC00200565700A3D30097
:20695000564000A3630418A87FFF0AA45699910F08A4FC0165171BA407FF630E18A7800072
:2069600099A793A4FF93CBA7A9C61ED6FE8282BE86BE8BBE00065633CDA780001AA87FF038
:206970006FF456336FF2761F0216963B0006761F021692390006761F01BFCC010004761FFD
:206980000216FFC15436EC0A761F01BFCC010004761F0216FFC196360A380A371B3703E880
:2069900068602B372D383505FFC096392B38923BEC4F92399C32543B56B3013A761F022CF6
:2069A0009236520A6705761F0216923AEC2B761F0216923B9E39963F9E3E2DA9923F520AB2
:2069B00063061B3FFFF665032B3F2BAC3B01310A5603023F07AB1EA68F013880073C0FA4A1
:2069C000620D06A68F00BB80073C0FA4640506A65601003C6F04A83C6F02A83C923F963EE3
:2069D0006F0F2B3E761F022C4412EF04FF2005006F03FF200280761F02165601003C063CFB
:2069E0003B01761F01A0FF459CFF960A0006761F01A02B0A761F02162B3A8F00D480A83C5C
:2069F000000627A82DA99CFF58A9B6003B01C4A492AC9CFF85A9560100A693AB55C6640520
:206A0000350A94A59CF6000655C4620392A5000692A754A0625894A0FFA02FA93B01C4A475
:206A100085A9560100A693AB55C6ED052DAA350A94A5000692AAC4A485A9560100A693AB8E
:206A200055C6643C9A01C4A494AA85A9560100A693AB55C6622F9A0158AAC4A4C5A494A0A3
:206A300085A9560100A685A0560100A72DC7350394C680A985A0C4A40AA0560100A685A0F0
:206A4000560100A42DC4350394C658A9560302AB88A993A755A656B200A6620793A055A606
:206A500056B205A656B50AA62DAA350A94A694A500069A0194AA80A96F0358AAD88192A721
:206A600054A065AA28A9FE700006761B0005ABBDA8BDA0BDC2BDC3BDFF6929425616761F3B
:206A7000003356BF0121761F0239920A5201EC08761F02299236ED06767F689E6F03767F0C
:206A80006836767F4D90C5BEC4BE83BE8ABE87BE000376177602761B0005ABBDA8BDA0BDEB
:206A9000C2BDC3BDFF6929425616767F5211761F02170A041B0403E868062B04761F022A2C
:206AA00056BF010A761F022C92305203761F01A056B0010AED03767F697B767F411A767F87
:206AB00045FE767F4C70761F021B9212EC058F008A8D767F5CC4C5BEC4BE83BE8ABE87BEFD
:206AC000000376177602761F01BF4618EE05761F02362B306F04761F02360A309230521E34
:206AD000690456BF1F302B2E761F01BF4618EF06761F0236922EED022B32761F02360A32F2
:206AE00092325203ED39922EED0B761F01BF4618EE30761F02362B2D2B2F0A2E6F2A52002C
:206AF000EC1952096717761F01BF4618EF089CFF2DA9761F02369A01FF66982F761F01BFA4
:206B00004618EF04761F02360A2D761F02360A2E6F105209ED0D761F01BF4618EF0A761F06
:206B100002362B2E56BF0133922F96316F022B2E761F02362B320006761B0005ABBDA8BDA6
:206B2000A0BDC2BDC3BDFF6929425616761F01A11A1C0001761F003356BF042176230004AD
:206B300029100201761F02215601001606169B00901FFF58761F023656B1012B9226ED0979
:206B400056BF0126FF69767F454D761F02362B26761F022106169B00761F02369007AF2743
:206B5000ED1356BF0127FF69767F45E12B27922BEC0B2B2B922CED0856BF012C767F45F9E1
:206B6000761F02362B2CC5BEC4BE83BE8ABE87BE00037617760228AD0500FF69561F5616F3
:206B7000561A2940761F00002902761B762228A9792F28A8003F0901611B76FF792F2904EB
:206B80006F0F9B0024A9DF016C04290424A8DF011EA6F7A1248606A781A109011EA724A975
:206B90006303FF5C3B0459A9DF010009FFEC761A28A9FFFF28A8FFFF0901610E76FFFFFFF6
:206BA0006F06DF01C3BD1EA73E67C5BE24A9DF0124A8FF5860F7767F6CD4767F6CEF767F72
:206BB0005053767F62AF767F0013761F022C920E5208EC255207EC205200EC135201EC0E43
:206BC0005202EC095204EC04767F00006F0C767F000D6F09767F5B0D6F06767F2F5A6F037A
:206BD000767F0000767F0064767F012E767F013D767F06E36F06767F61596F03767F669E93
:206BE000767F1B41767F60016FCD29022904565FFF5A0642565F1E420200F61F5617004229
:206BF00006AB56322902762029022904565FFF5A0642FF561E420200F61F561700425632DA
:206C000029027620FF5A0200F61F56170042A9A97620FF5A0200F61F5617004276203B10AC
:206C1000761F00331820FFFE2B222B242B262B282B2A2B2C2B2E2B302B322B342B362B3847
:206C20002B232B252B272B292B2B2B2D2B2F2B312B332B352B372B39FF690006761F0033F2
:206C30001A2000012821FFFF2910FF6900065CA871A997A63B0185A9FF565DA985A4FF567D
:206C40005CA992A5F60F1FA44FA66C02FF5C762096A65CA83B0185A9FF565DA985A4FF5659
:206C50005CA992A5F60F1FA44FA66C02FF5D92A87620FF5A8EA4C5A492ABEC079CFF88A9A1
:206C600092859687000EFFFE92AB88A9A9A90FA6EC1093AAEC0EA9A99DFF5CA876BFFFFE09
:206C700092859687000EFFFE92859687000CFFF88AA0000676220200761F01BE1E061E0826
:206C80001E161E361E0A1E1A2B3A1E021E041E121E0C1E1C1816FFCF1A1A0004181CFFFB6F
:206C90001808FFCF180BFFFB1A0D0004761AFF6900065EDCA3C406D4FF90FFD497A506D4BD
:206CA00056AA1AA8800008A5FC0164112FA89B1F9FA565092DA893AA56221BA60000630280
:206CB000FF540006560200A6FF576FFC02006FFAFF5A06A66117A9A9611697A58F00041D0F
:206CC00063066B012902FF546A020AA4F61FFF743100569D93A456A318A58000CBA5A9C64F
:206CD0001ED6000656336FFC28ABFFFF28AAFFFF28A9FFFF28A8FFFF0FABED04BE00D4003B
:206CE0006F098AA928A9FFFF28A8FFFF88C409028AA992A6767F6BAF000677006F00B2BD20
:206CF000761F023659A9C53E3E67761F0238C52E06A7EC0392A13E67761F0238062CEC03E7
:206D00001EA73E67767F6CED8BBE0006B2BDAABDA2BD7620B2BDAABDA2BD27AD565700A04B
:206D10003FAD7620B2BDAABDA2BD5AAD27AD565700A03FADAAAB565D00A6A9A276208F7FFB
:206D200075888F000D0676229A00527D6306C485C2849C01527D64FC761A761F00331A205D
:206D30000001FF690006761D1EBD874456050048A9A4564700488742A9A95665004807ABF6
:206D400087465665004407ABA8ABFE847620561F7622B9C0282900680200761F01BE19019B
:206D50001E0C1E1C761A007F6B6B761B29425616761F003356BF0121761F020556BF0A3286
:206D60007617760282BE86BE8BBE762027AD565D00A03FAD82BE86BE8BBE762097A69B005D
:206D7000F60F1FA6762097A69B00F60F1FA692A87620C5A48A44A0A90FA769052484DF0105
:206D80000FA766FD0006761F0236A83C0006761F0236A83E000600067622761F002A1A02EB
:206D900000031A0301001A0401FF1A0501FFCC06FFF050029606CC06F0FF1AA902009606B4
:206DA000CC07FFE0500296071A000001761AF6067700FF690006190156C3FFFF00063B0232
:206DB000FF683B01FE0A761F020156BF003E56030F14F60F1F029B00FF3E560100A9971309
:206DC00056030F0756000E0956000E0834A8555507A907A9970756030F0956000F088CA8D5
:206DD00049E716AC560100A94A24563297008F408E182D2B56030607565000C5566100D5FA
:206DE00033A9572A56030609565000C5566100D533A9571956030608565000C5566100D52D
:206DF00033A957188F008DC92DC425173307110C974556000C3733A8250A04079207960A0C
:206E000076C08DEF2DC712A807A907A907A907AB5600083B5601003A25168F008DC92DC415
:206E10003300110C974656000C3933A8250B04009200960B2DC712A807A907A907A907ABE8
:206E20005600083D5601003C2D1712072D16330007AB76808E141EC68F008DC92DC4330713
:206E300016AC2DA8120776808E0A1EC62DC4330016AC2DA8120076808E081EC64224EF1777
:206E40008F0080721BCC000856C40012254556BC00A856000C37FF4B56010036254656BC85
:206E500000A856000C39FF4B56010038933DFF569744933BFF56974392445544562A0443D3
:206E6000562B04449FA9FF90933DFF53933BFF53FF533E0000078F3F7375560100A456038F
:206E70000F44F60F1F438F7F73349B00FF352DA90EA8560100A593CD9FC536A805C5FF4091
:206E800005C4FF56FF30441A8F408DC2562B0CC5451A562B0D038F408E028AC59A0028ACCB
:206E9000000756229641560301A8560100A4A8A9FF10010083A906C487D4564100AC324127
:206EA00007AB07A9974306C587D5564100AC324107AB07A92DA8333B1643333D10AC8F40C0
:206EB000808A97C58F008DEE25039FC473C497418F008D0C2DC429048541810D565FF60F64
:206EC0001FAC2DA985A85632960D85AC5632290276808BA772C63B0225418F008E0087C46A
:206ED000560500A9566300A956818F008E18565000C4566100D456AF76808E161EC67680C2
:206EE0008C3C03C607A98F008C142DC4566300A9560100C62D00330E1607330F170E972009
:206EF0001600330F11ACFF54971D2D008F008DC433C416078F408DD133C517C48F008DCB5E
:206F000097C4160033C511ACFF548F408DCD97C525178F008DC504C4974125168F008DC897
:206F100004C497422D418F008DD133C416428F408DC433C517C48F008DD097C4164133C58D
:206F200011AC8F008DCA97C48F008DF48F408E172DC533C48F008DCD16C410AC33A88F00FD
:206F30008DC916C410AC07A98F008DD005C476808DCB33C68F008DCD13C48F008DFB97C477
:206F40008F008DE62DC412C507A907A92DC612A807A907A907A98F008DCA04C410ACFF548D
:206F50008F008DFE97C48F008DE40EC48F008DDB94C496C4FFC68F408E028AC58F408DDC86
:206F60002DC58F408DDDFF30560100A406C412A8562F01C5452556BC00C58F008DC0560377
:206F70000FC48F008DDF2DC4333310AC8F408E028AC556090FA828AC0006561096415603EC
:206F800001A8560100A4A8A9FF10010083A906C487D4564100AC324107AB07A98F008DC4A3
:206F900097C406C587D5564100AC324107AB07A98F008DD197C48F008DDD2DC412A88F00CC
:206FA0008DC5B3C48F008DC412C48F008DC8B3C42D021215B3AC8F008D2612C4562F061788
:206FB00025CC4A24563212A8562F06162D17330F1616330E170F97231617330E11AC9722C8
:206FC0008F408E184426EE488F008DE225C4974307A94226562B0D4376808E0E8F008DF450
:206FD0002D3333C4161D10AC974133A8571C8F008DC9560302C4565000C52DA9252317C6CB
:206FE00013CE974225222D411320571B1143042712A856040CCE2FCEFF4B565000C55661A7
:206FF00000D596CE93A904AA07A99728124256040CC62FC6FF4B565000C5566100D596C6DD
:2070000093A904AA07A997294E2456BD002956BD00282B292B288F408E182D0433338F00EB
:207010008DE516C412A8FF49565000C5566100D596278F00811093C4482456BC00A87680CB
:20702000811D56BC00C68F008096567500C4567300CC921E431A562A0DA8971E041D974121
:20703000FF569228552C56B400A9934104A997418F008DE992C49648FF5C96478F008DCC4B
:2070400092C44024EF078F008DF02DC436A992A893412D3E432656BD00ACFF6496452DA9EF
:2070500012A8FF47565000C5566100D5FF3F56BB00AC0734971F05275675004856730047EE
:20706000411A562B0C062D41FF54562B0AAC930671AC2F4156B300AA8F008DC693C44024B4
:20707000EF058F008DF02DC436A82DA8214633AA16AC5601003493109221421A562A0DA8E4
:20708000972104209741FF569229552C56B400A9934104A997412D4512A8FF47565000C5C2
:20709000566100D5FF3F56BB00AC072E5675004856730047411A562B0C052D41FF54562BD2
:2070A0000AAC930571AC2D4156B300AC124607A95601002E4124EE0BFF2000008F008E0E0D
:2070B00096C496CC96359606962F960556030F038F008DDF2DC4333310AC8F408E028AC516
:2070C00056090FA828AC000656109641560301A8560100A4A8A9FF10010083A906C487D4D4
:2070D000564100AC324107AB07A9970E06C587D5564100AC324107AB07A9970F2D05330F8A
:2070E0001606330E130F8F008DC505C497121605330E10138F008DC805C497118F008D28A6
:2070F00033A857A98CA949E757A84A24563297CC931233A857C42902FF69FE8A00063B01F0
:207100003B02FF69FE0A761F0204F549806406165601002606208F40806641C556BC00A9D0
:2071100056BC00A8072656BB01AC560901085650002C5661002A56CA0004560D01081E24CD
:207120008F4080502DC512C528AA10002BAB564100ABFF200000566100ABC4A0563556091E
:2071300000AC563BFF47FF9097A08F3F737E21A52DA9069437A893A5FFD02DA8561300A934
:20714000565300AB56228EA62DA88F40808B12C5562F01058F408E0487C506248F008072C6
:2071500003C49700560500A9566300A98F008E1856500084566100C456AF1E48071C0502EC
:2071600097048F00810392034249562A0CA856BC001D8F00810B2DC48F00806640C456BC47
:2071700000AC05AC97068F0080802DC433A82507567500058F008096567500C4FF441E42D7
:2071800093099205FF5C567300A9567300CCFF441E4456BF014556090008A9A956500042B9
:2071900056B302455661004456B50045562F04108F008DCE25C4FF5A2D450BAC92ACEC0824
:2071A000560D0008124756B300AA56B300ABA9AC56050048566300482D0F565C565700AC64
:2071B0005640001C570F56845650004256610044FF341E1C8F0081122DC42510031A12A85E
:2071C00007A9071A1E1A031E12A807A9071E1E1E92AC562B0010FE8A00063B013B02FF697C
:2071D000FE0A761F0202F54980648F008DD98F40804225C456000FC58F008DDA97412DC484
:2071E00012A85604081BFF4456BB00AC8F008E18565000C4566100D496422D41560D00A9DC
:2071F000FF54562B0AAC934271AC2D4156B300AC8F008DD812C45601001A8F0080722D42B5
:207200004FCC8F00811112C407A992C4562A0CA897168F00811312C407A992C4562A0DA841
:2072100097178F008D26561500C40200561500CC07ABC4A05635560900AC563BFF47FF90F4
:2072200097A08F3F737E21A52DA9069437A893A5FFD02DA8561300A9565300AB56228EA655
:20723000031434A8100007141E148F0080542DC48F008DDE12C407A907A903149709FF2F85
:2072400010008F008044562F02C4970056BF00AC4F0956BC04AC8F008DD725C4FF5197410A
:207250008F008DE125C4FF5197422D091241FF438F008E18565000C4566100D45604051D9E
:20726000FF438F008DF98F408DF856BB00AC56BF02AC567400C4567200C556B400AC96106C
:207270000BAC93ACFF5D9209562B0AA970AC2D0956B300AC12425601001C92108F408DEA27
:20728000567200C58F00805096C48F408DF892C59E108F008DFD8F408DEB567400C4567299
:2072900000C5FF5C960BFE8A000685AD00063B0256562DA503C4560500A9566300A956A079
:2072A0002DD4565700AC564000C457D41EC4290200065635560900AC563BFF47FF9097A0A9
:2072B0008F3F737E21A52DA9069437A893A5FFD02DA8561300A9565300AB5622FF107FFFA3
:2072C0000EA80006FE063B0196449745FF5697439344FF56974292435543562A0442562B14
:2072D00004439FA9FF909345FF539344FF53FF533E0000078F3F7375560100A456030F433A
:2072E000F60F1F428F7F73349B00FF352DA90EA8560100A593CD9FC536A805C5FF4005C4A8
:2072F000FF56FE86000655A456C8000628A9FFFF56CF0004F60F1FA49B000006FF5A0200C6
:20730000F61F561700A4A9A900061EAC56470044A9A9560500440F4656C80006FF200000BB
:20731000FF550006F61F56170046A9A900061EAC56470044A9A900061EAC564700A4A9A983
:20732000560500A48F008E1C565000D4565900C4A9A900062DA836A900062DA812A9000680
:20733000020056B701A9000600000145028A03CE05100650078D08C509FA0B2B0C560D7DEA
:207340000E9D0FB810CD11DB12E313E414DF15D416C117A8188919631A371B041BCB1C8D78
:207350001D481DFE1EAE1F591FFF0000FFFF00018000FFFF80000000000180000001FFFFBE
:207360000000000100008000FFFF00000001FFFF0000FFFF0000000000010001000000008F
:20737000FFFF0000FFFF000100000000C00080004000E00020006000A000FFFF0000100072
:20738000100006A016A005161BB6044A200003C723C7036A273103242A5502EC2D4102BFEB
:2073900030000298329802793511025C376D024339B0022D3BDD021A3DF70209400001F87D
:2073A00041F801EA43E201DC45BE01D0478E01C4495201BA4B0C01AF4CBB01A74E62019EDE
:2073B000500001955195018E5323018754AA017F5629017957A201735915016D5A82016760
:2073C0005BE901625D4B015D5EA80158600001536153014E62A1014A63EB0146653101422E
:2073D0006673013E67B1013A68EB01376A2201336B55012F6C84012D6DB101296EDA012622
:2073E00070000123712301207243011D7360011B747B01187593011676A9011277BB0111E5
:2073F00078CC010E79DA010C7AE601097BEF01087CF701057DFC01037EFF0101800000FFF9
:2074000080FF00FD81FC00FB82F700F983F000F884E800F585DD00F486D100F387C400F05F
:2074100088B400EF89A300ED8A9000EC8B7C00EA8C6600E98D4F00E78E3600E68F1C00E44A
:20742000900000E390E300E191C400E092A400DF938300DE946100DC953D00DB961800D942
:2074300096F100D997CA00D798A100D6997700D59A4C00D49B2000D39BF300D19CC400D1D8
:207440009D9500CF9E6400CF9F3300CDA00000CCA0CC00CBA19700CBA26200C9A32B00C8B2
:20745000A3F300C8A4BB00C6A58100C6A64700C4A70B00C4A7CF00C3A89200C2A95400C193
:20746000AA1500C0AAD500C0AB9500BEAC5300BEAD1100BDADCE00BCAE8A00BBAF4500BB3F
:20747000B00000BAB0BA00B9B17300B8B22B00B8B2E300B6B39900B7B45000B5B50500B588
:20748000000000C90192025B032403ED04B6057F0648071107D908A2096A0A330AFB0BC46A
:207490000C8C0D540E1C0EE30FAB1072113A120112C8138F1455151C15E216A8176E183393
:2074A00018F919BE1A821B471C0B1CCF1D931E571F1A1FDD209F2161222322E523A6246799
:2074B000252825E826A82767282628E529A32A612B1F2BDC2C992D552E112ECC2F8730415C
:2074C00030FB31B5326E332633DF3496354D360436BA376F382438D9398C3A403AF23BA5BC
:2074D0003C563D073DB83E683F173FC54073412141CE427A432543D0447A452445CD467582
:2074E000471C47C34869490F49B44A584AFB4B9D4C3F4CE04D814E204EBF4F5D4FFB50976D
:2074F000513351CE52685302539B543254C9556055F5568A571D57B0584258D3596459F311
:207500005A825B0F5B9C5C285CB35D3E5DC75E4F5ED75F5D5FE3606860EB616E61F06271F6
:2075100062F1637063EE646C64E8656365DD665666CF674667BC683268A66919698B69FD79
:207520006A6D6ADC6B4A6BB76C236C8E6CF86D616DC96E306E966EFB6F5E6FC170227083D9
:2075300070E27140719D71F9725472AE7307735E73B5740A745F74B27504755575A575F32B
:207540007641768D76D87722776B77B377FA783F788478C77909794A798979C87A057A4159
:207550007A7C7AB67AEE7B267B5C7B917BC57BF87C297C597C887CB67CE37D0E7D397D6227
:207560007D897DB07DD57DFA7E1D7E3E7E5F7E7E7E9C7EB97ED57EEF7F097F217F377F4D24
:207570007F617F747F867F977FA67FB47FC17FCD7FD87FE17FE97FF07FF57FF97FFD7FFEB6
:207580007FFF05DC64B6003F64B6003F64B6003F64B6003F64B6003F64B6003F64B6003F1D
:2075900064B6003F64B6003F64B6003F64B6003F64B6003F64B6003F63C1003F63C6003FFA
:2075A00063CB003F63D0003F63D5003F63DA003F63DF003F63E4003F63E9003F63EE003FD7
:2075B00063F3003F63F8003F63FD003F6402003F6407003F640C003F6411003F6416003F82
:2075C000641B003F6420003F6425003F64BB003F642A003F642F003F6434003F6439003FB2
:2075D000643E003F6443003F6448003F644D003F6452003F64BB003F64BB003F64BB003FEA
:2075E00064BB003F6457003F645C003F6461003F6466003F64BB003F64BB003F64BB003F0D
:2075F00064BB003F646B003F64BB003F64BB003F64BB003F64BB003F64BB003F64BB003FDB
:2076000064BB003F64BB003F64BB003F64BB003F64BB003F64BB003F64BB003F64BB003F7A
:2076100064BB003F6470003F6475003F64BB003F64BB003F64BB003F64BB003F64BB003FFB
:2076200064BB003F64BB003F64BB003F64BB003F64BB003F64BB003F64BB003F64BB003F5A
:2076300064BB003F647A003F647F003F64BB003F64BB003F64BB003F64BB003F64BB003FC7
:2076400064BB003F6484003F6489003F64BB003F64BB003F64BB003F64BB003F64BB003FA3
:2076500064BB003F64BB003F64BB003F648E003F6493003F6498003F649D003F64A2003FD9
:2076600064A7003F64BB003F64BB003F64BB003F64BB003F64BB003F64BB003F64BB003F2E
:2076700064BB003F64AC003F64BB003F64BB003F64BB003F64BB003F64BB003F64BB003F19
:2076800064BB003F000100000000000001000000000000000000000000000000000000008A
:2076900000000BB800000BB8000000000000000000000000000200000000000000001770CB
:2076A00000000000000000640000000003E804E204E261A861A80000004B00DC008C29AB16
:2076B0000C80000304DD038401A4038400C803E8004B017C0095138805A0039602610056F5
:2076C0000247042C003B03E80000000A000000000000000A0190000009C4000A0190001FDF
:2076D0000DAC00000007032000000000000A000D05DC07D0000003E8001E000200C80064B1
:2076E0000000000000000BB8000003E80000000003E8000003E80000000000000000000006
:2076F0000000000000000064000000000000000000000000000000000064000A00020000A6
:207700000000000007D000000000000000010BB80000000100C80000017C00000000005038
:207710001001000004B00064000103E80000000A03E803E8000100020064005A000400029D
:20772000000D001F0032001E002800320046332C03520000005000140002003267840FA047
:2077300012C003E8004600C8000A03E8000700000009000A03E803E8000000000000000089
:207740000000000000000000000000010514003203E800010578000105DC03E800010000A6
:2077500000320000000000000000000000000000060000650000006E017C0064000100002C
:20776000000B000303E803E801900096008C00E6000C000C000D000E000F00100010001119
:20777000001300140015001600170019001A001B001D001E00200022002400260028002A29
:20778000002C002E0030003300350038003B003E004100440047004A004E005100550059E3
:20779000005D00610065006A006E00730078007D00820087008D00920098009E00A400AACA
:2077A00000B000B700BE00C400CB00D200D900E100E800F000F800FF0107010F0118012068
:2077B0000128013101390142014A0153015C0165016E0177018001890192019B01A501AE09
:2077C00001B701C001C901D201DC01E501EE01F7020002090212021A0223022C0234023DE4
:2077D0000245024E0256025E0266026E0276027E0286028D0295029C02A302AB02B202B96D
:2077E00002BF02C602CD02D302DA02E002E602EC02F202F802FD03030309030E0313031887
:2077F000031D03220327032C03310335033A033E03420346034A034E03520356035A035D5A
:20780000036003640367036B036E037103740377037A00350038003B003F00430047004BB7
:20781000004F00540058005D00630068006D00730079007F0086008C0093009A00A200A9D3
:2078200000B100B900C100CA00D300DB00E500EE00F70101010B0115011F012A0134013FF7
:20783000014A01550160016B01760181018D019801A401AF01BB01C601D201DD01E901F442
:207840000200020B02160221022C02370242024C02570261026B0276028002890293029C04
:2078500002A602AF02B802C002C902D102DA02E202E902F102F903000307030E0315031BB8
:2078600003220328032E0334033A03400345034A03500355035A035E03630367036C037020
:2078700003740378037C038003830387038A038E039103940397039A039D03A003A203A5E4
:2078800003A803AA03AC03AF03B103B303B503B703B903BB03BD03BF03C003C203C403C540
:2078900003C7000600060006000600060003000400050005000500020003000300040005C9
:2078A000000100010002000300040001000200030004000500020003000500050005000397
:2078B000000400050005000500050005000500050005000304B5037A01D4037A00C807D062
:2078C0000FA012C0000A000A0000000000320DAC01F401F4753075300834005000A0000ABE
:2078D000000A019001900028001500080009000A000B000C00130014001D0020002700284A
:2078E0000029002D0039006A006C006E00730075007700D40075006E006B006E006F0077E0
:2078F0000000000000410053004E0039003800440033003200550046005A00000000000087
:2079000000000000000100020005000700080009000A000000000000000000010002000535
:20791000000700080009000A000100090008000C0004000600020003000D000D000D000DD4
:20792000000D00000000000000004090000A000A000A000A000A000A000A00E600BBFFFF85
:20793000894300000000FFFF894A00000000FFFF894C00000000FFFF894D00000000FFFFF5
:20794000895600000000FFFF896200000000FFFF896300000000FFFF896400000000FFFF8C
:20795000896500000000FFFF896C00000000FFFF896E00000000FFFF897800000000FFFF44
:20796000897900000000FFFF897C00000000FFFF897F00000000FFFF898100000000FFFFF6
:20797000898200000000FFFF898300000000FFFF898600000000FFFF898800000000FFFFC8
:20798000898900000000FFFF898A00000000FFFF898C00000000FFFF898D00000000FFFF9F
:20799000898F00000000FFFF899000000000FFFF899100000000FFFE899600000000000074
:2079A000FFFE8998000000000000FFFA8A4A0000000000000000000000000000FFFA8A5009
:2079B00000000000000200050007000D0000FFF48A560000000000000000000000000000C9
:2079C000000000000000000000000000FFF48A6200000000000000000000000000000000C8
:2079D00000000000000000000000FFFF8E4300000000FFFF8E4400000000FFFF8E46000026
:2079E0000000FFFF8E4700000000FFFF8E4800000000FFFF8E4A00000000FFFF8E4B000033
:2079F0000000FFFF8E4C00000000FFFF810E00000004FFFE8116000000000000FFFE8122DA
:207A0000000000000000FFFE8E0E000000000000FFFF8BA500000000FFFF8BAA000000016B
:207A1000FFFE8C0000003BA8003FFFFF8D4200000000FFFF8D4300000000FFFF8D44000041
:207A20000000FFFF880000000000FFFF880600000000FFFF881B00000000FFFF85B600005A
:207A30000000FFFF85B700000000FFFF85B900000000FFFF8E2400000000FFFF8E2500005F
:207A40000000FFFF8E2600000000FFFE8DBC00006D8B003FFFFE8DBE00006D8B003FFFFE7B
:207A50008E2C000000000000FFFE8E2E000000000000FFFF8D2F00000000FFFF8D3000002E
:207A60000000FFFF859700000000FFFF859900000000FFFF8EC100000000FFFF8EC2000035
:207A70000000FFFF8D3800000000FFFF8D3900000000FFFF8DA900000000FFFF8C5700005A
:207A80000000FFFF85C200000000FFFF8DB400000000FFFF8B7C00000000FFFF8A80000055
:207A90000000000000001EBD06465635563B1EA4FFD5EC3B58A876FFE4129B33EBAC83ACD7
:207AA000879776FFE502C487560500A4566300A456A003A6FF54560500A9566300A956A255
:207AB00087A9560500A4566300A456A003A6FF54560500A9566300A956A287BE560500A991
:207AC000566300A956A187A5562C5657008756400087565000D7565900C7566100F7565106
:207AD00000E7568006AB000628A9FFFF28A87FFFFE8200065635563BC4A9FFB556B5FEA891
:207AE00008A8FF0258A840AC93ACFFD01EBD76FFE7228A9776FFE712838756BC0CA056BD18
:207AF0000AA087A4566300AC87A6FF31566300A987A5564100AC566300A4FF318AA987A423
:207B0000566300AC87A6FF31566300A987A5564100AC566300A4FF3187A6566300A9879798
:207B1000560500A9566300A956A087BE562C08AA8000564000D700065635563BC4A9FFB550
:207B200056B5FEA808A8FF0258A840AC93ACFFD01EBD76FFE7228A9776FFE712838756BCE5
:207B30000CA056BD0AA087A4566300AC87A6FF31566300A987A5564100AC566300A4FF3181
:207B40008AA987A4566300AC87A6FF31566300A987A5564100AC566300A4FF3187A65663C1
:207B500000A98797560500A9566300A9568787BE562C08AA8000564000D70006FFFFFFFFA3
:207B6000FFFFFFFFFFFFFFFFFFFFFFFFFFFFFFFFFFFFFFFFFFFFFFFFFFFFFFFFFFFFFFFF25
:207B7000FFFFFFFFFFFFFFFFFFFFFFFFFFFFFFFFFFFFFFFFFFFFFFFFFFFFFFFFFFFFFFFF15
:207B8000FFFFFFFFFFFFFFFFFFFFFFFFFFFFFFFFFFFFFFFFFFFFFFFFFFFFFFFFFFFFFFFF05
:207B9000FFFFFFFFFFFFFFFFFFFFFFFFFFFFFFFFFFFFFFFFFFFFFFFFFFFFFFFFFFFFFFFFF5
:207BA000FFFFFFFFFFFFFFFFFFFFFFFFFFFFFFFFFFFFFFFFFFFFFFFFFFFFFFFFFFFFFFFFE5
:207BB000FFFFFFFFFFFFFFFFFFFFFFFFFFFFFFFFFFFFFFFFFFFFFFFFFFFFFFFFFFFFFFFFD5
:207BC000FFFFFFFFFFFFFFFFFFFFFFFFFFFFFFFFFFFFFFFFFFFFFFFFFFFFFFFFFFFFFFFFC5
:207BD000FFFFFFFFFFFFFFFFFFFFFFFFFFFFFFFFFFFFFFFFFFFFFFFFFFFFFFFFFFFFFFFFB5
:207BE000FFFFFFFFFFFFFFFFFFFFFFFFFFFFFFFFFFFFFFFFFFFFFFFFFFFFFFFFFFFFFFFFA5
:207BF000FFFFFFFFFFFFFFFFFFFFFFFFFFFFFFFFFFFFFFFFFFFFFFFFFFFFFFFFFFFFFFFF95
:207C0000FFFFFFFFFFFFFFFFFFFFFFFFFFFFFFFFFFFFFFFFFFFFFFFFFFFFFFFFFFFFFFFF84
:207C1000FFFFFFFFFFFFFFFFFFFFFFFFFFFFFFFFFFFFFFFFFFFFFFFFFFFFFFFFFFFFFFFF74
:207C2000FFFFFFFFFFFFFFFFFFFFFFFFFFFFFFFFFFFFFFFFFFFFFFFFFFFFFFFFFFFFFFFF64
:207C3000FFFFFFFFFFFFFFFFFFFFFFFFFFFFFFFFFFFFFFFFFFFFFFFFFFFFFFFFFFFFFFFF54
:207C4000FFFFFFFFFFFFFFFFFFFFFFFFFFFFFFFFFFFFFFFFFFFFFFFFFFFFFFFFFFFFFFFF44
:207C5000FFFFFFFFFFFFFFFFFFFFFFFFFFFFFFFFFFFFFFFFFFFFFFFFFFFFFFFFFFFFFFFF34
:207C6000FFFFFFFFFFFFFFFFFFFFFFFFFFFFFFFFFFFFFFFFFFFFFFFFFFFFFFFFFFFFFFFF24
:207C7000FFFFFFFFFFFFFFFFFFFFFFFFFFFFFFFFFFFFFFFFFFFFFFFFFFFFFFFFFFFFFFFF14
:207C8000FFFFFFFFFFFFFFFFFFFFFFFFFFFFFFFFFFFFFFFFFFFFFFFFFFFFFFFFFFFFFFFF04
:207C9000FFFFFFFFFFFFFFFFFFFFFFFFFFFFFFFFFFFFFFFFFFFFFFFFFFFFFFFFFFFFFFFFF4
:207CA000FFFFFFFFFFFFFFFFFFFFFFFFFFFFFFFFFFFFFFFFFFFFFFFFFFFFFFFFFFFFFFFFE4
:207CB000FFFFFFFFFFFFFFFFFFFFFFFFFFFFFFFFFFFFFFFFFFFFFFFFFFFFFFFFFFFFFFFFD4
:207CC000FFFFFFFFFFFFFFFFFFFFFFFFFFFFFFFFFFFFFFFFFFFFFFFFFFFFFFFFFFFFFFFFC4
:207CD000FFFFFFFFFFFFFFFFFFFFFFFFFFFFFFFFFFFFFFFFFFFFFFFFFFFFFFFFFFFFFFFFB4
:207CE000FFFFFFFFFFFFFFFFFFFFFFFFFFFFFFFFFFFFFFFFFFFFFFFFFFFFFFFFFFFFFFFFA4
:207CF000FFFFFFFFFFFFFFFFFFFFFFFFFFFFFFFFFFFFFFFFFFFFFFFFFFFFFFFFFFFFFFFF94
:207D0000FFFFFFFFFFFFFFFFFFFFFFFFFFFFFFFFFFFFFFFFFFFFFFFFFFFFFFFFFFFFFFFF83
:207D1000FFFFFFFFFFFFFFFFFFFFFFFFFFFFFFFFFFFFFFFFFFFFFFFFFFFFFFFFFFFFFFFF73
:207D2000FFFFFFFFFFFFFFFFFFFFFFFFFFFFFFFFFFFFFFFFFFFFFFFFFFFFFFFFFFFFFFFF63
:207D3000FFFFFFFFFFFFFFFFFFFFFFFFFFFFFFFFFFFFFFFFFFFFFFFFFFFFFFFFFFFFFFFF53
:207D4000FFFFFFFFFFFFFFFFFFFFFFFFFFFFFFFFFFFFFFFFFFFFFFFFFFFFFFFFFFFFFFFF43
:207D5000FFFFFFFFFFFFFFFFFFFFFFFFFFFFFFFFFFFFFFFFFFFFFFFFFFFFFFFFFFFFFFFF33
:207D6000FFFFFFFFFFFFFFFFFFFFFFFFFFFFFFFFFFFFFFFFFFFFFFFFFFFFFFFFFFFFFFFF23
:207D7000FFFFFFFFFFFFFFFFFFFFFFFFFFFFFFFFFFFFFFFFFFFFFFFFFFFFFFFFFFFFFFFF13
:207D8000FFFFFFFFFFFFFFFFFFFFFFFFFFFFFFFFFFFFFFFFFFFFFFFFFFFFFFFFFFFFFFFF03
:207D9000FFFFFFFFFFFFFFFFFFFFFFFFFFFFFFFFFFFFFFFFFFFFFFFFFFFFFFFFFFFFFFFFF3
:207DA000FFFFFFFFFFFFFFFFFFFFFFFFFFFFFFFFFFFFFFFFFFFFFFFFFFFFFFFFFFFFFFFFE3
:207DB000FFFFFFFFFFFFFFFFFFFFFFFFFFFFFFFFFFFFFFFFFFFFFFFFFFFFFFFFFFFFFFFFD3
:207DC000FFFFFFFFFFFFFFFFFFFFFFFFFFFFFFFFFFFFFFFFFFFFFFFFFFFFFFFFFFFFFFFFC3
:207DD000FFFFFFFFFFFFFFFFFFFFFFFFFFFFFFFFFFFFFFFFFFFFFFFFFFFFFFFFFFFFFFFFB3
:207DE000FFFFFFFFFFFFFFFFFFFFFFFFFFFFFFFFFFFFFFFFFFFFFFFFFFFFFFFFFFFFFFFFA3
:207DF000FFFFFFFFFFFFFFFFFFFFFFFFFFFFFFFFFFFFFFFFFFFFFFFFFFFFFFFFFFFFFFFF93
:207E0000FFFFFFFFFFFFFFFFFFFFFFFFFFFFFFFFFFFFFFFFFFFFFFFFFFFFFFFFFFFFFFFF82
:207E1000FFFFFFFFFFFFFFFFFFFFFFFFFFFFFFFFFFFFFFFFFFFFFFFFFFFFFFFFFFFFFFFF72
:207E2000FFFFFFFFFFFFFFFFFFFFFFFFFFFFFFFFFFFFFFFFFFFFFFFFFFFFFFFFFFFFFFFF62
:207E3000FFFFFFFFFFFFFFFFFFFFFFFFFFFFFFFFFFFFFFFFFFFFFFFFFFFFFFFFFFFFFFFF52
:207E4000FFFFFFFFFFFFFFFFFFFFFFFFFFFFFFFFFFFFFFFFFFFFFFFFFFFFFFFFFFFFFFFF42
:207E5000FFFFFFFFFFFFFFFFFFFFFFFFFFFFFFFFFFFFFFFFFFFFFFFFFFFFFFFFFFFFFFFF32
:207E6000FFFFFFFFFFFFFFFFFFFFFFFFFFFFFFFFFFFFFFFFFFFFFFFFFFFFFFFFFFFFFFFF22
:207E7000FFFFFFFFFFFFFFFFFFFFFFFFFFFFFFFFFFFFFFFFFFFFFFFFFFFFFFFFFFFFFFFF12
:207E8000FFFFFFFFFFFFFFFFFFFFFFFFFFFFFFFFFFFFFFFFFFFFFFFFFFFFFFFFFFFFFFFF02
:207E9000FFFFFFFFFFFFFFFFFFFFFFFFFFFFFFFFFFFFFFFFFFFFFFFFFFFFFFFFFFFFFFFFF2
:207EA000FFFFFFFFFFFFFFFFFFFFFFFFFFFFFFFFFFFFFFFFFFFFFFFFFFFFFFFFFFFFFFFFE2
:207EB000FFFFFFFFFFFFFFFFFFFFFFFFFFFFFFFFFFFFFFFFFFFFFFFFFFFFFFFFFFFFFFFFD2
:207EC000FFFFFFFFFFFFFFFFFFFFFFFFFFFFFFFFFFFFFFFFFFFFFFFFFFFFFFFFFFFFFFFFC2
:207ED000FFFFFFFFFFFFFFFFFFFFFFFFFFFFFFFFFFFFFFFFFFFFFFFFFFFFFFFFFFFFFFFFB2
:207EE000FFFFFFFFFFFFFFFFFFFFFFFFFFFFFFFFFFFFFFFFFFFFFFFFFFFFFFFFFFFFFFFFA2
:207EF000FFFFFFFFFFFFFFFFFFFFFFFFFFFFFFFFFFFFFFFFFFFFFFFFFFFFFFFFFFFFFFFF92
:207F0000FFFFFFFFFFFFFFFFFFFFFFFFFFFFFFFFFFFFFFFFFFFFFFFFFFFFFFFFFFFFFFFF81
:207F1000FFFFFFFFFFFFFFFFFFFFFFFFFFFFFFFFFFFFFFFFFFFFFFFFFFFFFFFFFFFFFFFF71
:207F2000FFFFFFFFFFFFFFFFFFFFFFFFFFFFFFFFFFFFFFFFFFFFFFFFFFFFFFFFFFFFFFFF61
:207F3000FFFFFFFFFFFFFFFFFFFFFFFFFFFFFFFFFFFFFFFFFFFFFFFFFFFFFFFFFFFFFFFF51
:207F4000FFFFFFFFFFFFFFFFFFFFFFFFFFFFFFFFFFFFFFFFFFFFFFFFFFFFFFFFFFFFFFFF41
:207F5000FFFFFFFFFFFFFFFFFFFFFFFFFFFFFFFFFFFFFFFFFFFFFFFFFFFFFFFFFFFFFFFF31
:207F6000FFFFFFFFFFFFFFFFFFFFFFFFFFFFFFFFFFFFFFFFFFFFFFFFFFFFFFFFFFFFFFFF21
:207F7000FFFFFFFFFFFFFFFFFFFFFFFFFFFFFFFFFFFFFFFFFFFFFFFFFFFFFFFFFFFFFFFF11
:207F80000000000000000000000000000000000000000000000000000000000000000000E1
:207F90000000000000000000000000000000000000000000000000000000000000000000D1
:207FA0000000000000000000000000000000000000000000000000000000000000000000C1
:207FB0000000000000000000000000000000000000000000000000000000000000000000B1
:207FC0000000000000000000000000000000000000000000000000000000000000000000A1
:207FD000000000000000000000000000000000000000000000000000000000000000000091
:207FE000000000000000000000000000000000000000000000000000000000000000000081
:207FF000000000000000000000000000007F6D47FFFFFFFFFFFFFFFFFFFFFFFFFFFFFFFF4E
:00000001FF
