:02000004003FBB
:20000000761F00102B272B282B29181200001A1200000006761F00102B272B282B29000642
:20001000761F00104512EF0398016F064012EF0398026E0298009410761F02229A00920B5A
:20002000761F0010501056B001A897119010761F0222960B900C761F0010540EE82D56BF9D
:20003000010F920E5003E80F761F0222920C5003EC0A761F0010CC0EFFFBED1F2B132B1414
:200040002B156F1B761F00101013FFF71013FFEF1013FFFB1014FFFD1814FFFE1015FFFE7F
:200050001015FFFB1015FBFF1815F7FF1815FFF71815FFFD6F022B0F920E761F0222960C3D
:200060000006FC0676FF76455CADDC86F6042484761F0010922093255CADDC86767F0703C2
:2000700088A9761F00100012EE09CDA60001CC13FFDFFF94CBA997136F051013FFDF56BF25
:200080000D4692A6CD15FFDFFFC18001FF84CAA896159222767F0827761F0010FFC1800176
:20009000CD15FEFFFF87CAA89615761F023E9218EC081B1801F46705761F00101A150000F3
:2000A000761F00105CAD9221932DDC85767F086F88A9761F0010CDA60001FF95CC13FFBFD7
:2000B000CBA9971393A6FFD0CC14FFF79101FF92CBA9971492A6FFC1CD15FFEF8001FF8327
:2000C000CAA896155CAD90025D2DDC84931B9641921D767F096488A9761F0010CDA600019E
:2000D000FF96CC13FF7FCBA9971393A6FFD0CC14FFFB9001FF91CBA9971492A6FFC1CD1504
:2000E000FF7F0001FF86CAA896155CAD932D9223DC83767F08FB88A9761F0010CDA60001C0
:2000F000FF97CC13FEFFCBA9971393A6FFD0CC14FFEF9101FF93CBA9971492A6FF81CD15AD
:20010000FDFF8001FF88CAA896155CAD932DDC82921F767F0A9188A9761F0010CDA600010C
:20011000FF98CC13FDFFCBA9971393A6FFD0CC14FFDF9101FF94CBA9971492A6FF81CD159B
:20012000EFFF8001FF8BCAA8961598055CADDC86767F06F8761F00105428562A00280012D3
:20013000562A0D2892285427562A0827FE860006767F015D767F0218767F01BF767F156308
:20014000767F161A767F166A767F17850006761F00100512EC0E0412EC10767F025C767F5E
:2001500005AB761F00100012EE08767F069E000676FF027E767F04800006761F0000920CEC
:20016000EC14520AE8125204E8105205EC0E5206EC0C5207EC0A1A1600404012EE0856BF1E
:2001700001091A1500006F031816FFBFCC160040FFC588A9930EEC05761F0221553EE80DEF
:200180000000761F02251E0C1E0E1E101E121E141E16761F02212B3F761F0010900E761F8F
:200190000221963E92A6543DEC27933DED250A3F761F0225060E1E0C06101E0E04121C10D3
:2001A00006141C1206161E14761F00100400761F02251E168F0007080616030C0FA4670C21
:2001B000761F0221933F53066807761F001056BF01091A150040761F02217E3D0006761F9C
:2001C0000010900C520AED0A1A1600804412EF0856BF01091A1500006F031016FF7FCC16DD
:2001D0000080FFC688A9930EEC05761F02225501EC0D0000761F02251C001C021C041C06C7
:2001E0001C081E0A761F02222A00761F0010920E761F0222960192A65405EC279305ED25ED
:2001F0000800761F022504021C0004041C0204061E0406081E06060A1E08761F00100400A6
:20020000761F02251E0A8E000708060A02000FA4670C761F0222930053066007761F000084
:2002100056BF01091A150000761F02227E050006761F0010CC160020FFC488A94412EE045B
:20022000500056B00109930EE805761F02225502E80A0000761F02241E341E361E38761F82
:2002300002222B03761F0010920E761F0222960292A65004EC1E9304ED1C0A03761F0224C8
:2002400006361E3406381E36761F00100400761F02241E388E000708063803340FA4660990
:20025000761F022293035303761F001056B70109761F02227E040006761F00100216EF063A
:20026000921B930E767F02BF6F06921C931B5C0E767F030E5000EC05761F00101812000128
:20027000761F00109225932E5C0E767F04765000E805761F00101A1200020006761F0216B5
:200280002D1D353C761F0221963C8F0089219A03767F52E7761F0221923C761F022454215F
:20029000562A0921761F00109225E804920E5203E804761F02242B21761F00000012EC04DD
:2002A00092115001ED04761F02242B21761F0221923C761F022454216612761F02162D1C2E
:2002B000350A761F001008A9FD80541C6008761F02242B21761F001018120001000600FF68
:2002C0006F9A5BA85AA9C0008E0089159A02767F52E798028F00891B767F52E79A028F0033
:2002D0008918767F52E7761F00100012EE0692115201E8039225ED06761F02242B152B1BC8
:2002E0002B1892A35203ED2192A252466004761F02242B1B52786404761F02242B18761F2D
:2002F0000224921B522D6006D101761F0010283E012C761F02249218525056B701A1761FE1
:20030000001056B7B43E6F07761F02242B152B1B2B18D00092A100FF6FF60006B2BDAABD91
:200310005AA459A998028E0088CF767F52E798038F0088CC767F52E79A038F0088D5767FF6
:2003200052E79A038F0088C0767F52E79A038F0088C6767F52E79A038F0088D8767F52E780
:200330009A038F0088EA76FF52E7761F00100012EE0792115001E80492A25203EC11761FBA
:2003400002232B0F2B0C2B152B002B062B182B2A761F02222B062B089800FFEF0126761F74
:200350000222920656C1010D520156C100F2520256C100C9500356C00109761F001092254D
:20036000ED08761F0222920A761F0223960F6F07761F0223920F761F0222960A761F0216FD
:200370002D02350A08A9FD8054A16204761F02232B15761F00162D03350A08A9FD8054A13F
:200380006204761F02232B00761F02162D04350A08A9FD8054A14004761F02232B06761F0E
:2003900002162D05350A08A9FD8054A16004761F02232B18761F02162D06350A08A9FD80F3
:2003A00054A16204761F02232B2A761F02169209761F0223540F6618FF200258761F0010D2
:2003B0000F026612761F02239215521E680D761F02162D07350A761F022294A108A9FD8022
:2003C000540756B40108761F0216920A761F0223540F6718FF200258761F00100E02641226
:2003D000761F02239000521E600D761F02162D08350A761F022294A108A9FD80540756B444
:2003E0000108761F0216920B761F0223540F670FFF200258761F00100F026609761F0223BF
:2003F0009206523C761F022256B70108761F0216920C761F0223540F670FFF200258761F0C
:2004000000100F026609761F02239218523C761F022256B70108761F0216920D761F022385
:20041000540F6754FF200258761F00100F02664E761F0223922A523C761F022256B70108F8
:200420006F45761F02231B0C01A4660892A1761F02225407630B79076F092B152A002B06CC
:200430002B182B2A761F02220A06761F00109225ED08761F0222920A761F0223960F6F26B1
:20044000761F0223920F761F0222940A6F1FFF20012C761F00100E026619761F02227907A3
:20045000761F02232B0C761F022256BF050A761F022356BF050F761F002208066F0792A26C
:200460005003EC0408066E022B06761F02162D14353C761F0010963E4112EF0398006F0462
:20047000761F0222900886BE8BBE0006C00200FF6F9E5AA45BA89641C00098028E0088DB97
:20048000767F52E7761F001092115001EC04761F02232B1B9201EC04761F02232B1B92A2EE
:200490005003ED0B3B01761F02158F008B648535540100A492C46F0A3A01761F02158F00A3
:2004A0008B728535540100A492C454A368129236761F0223541B6410761F0010CC13FFCF0E
:2004B000ED0B9214ED09D101761F02232B1B6F04761F02232B1B92A1C00200FF6FFA0006F0
:2004C0009A038E0088E4767F52E79A038E0088F3767F52E79A038E0088E1767F52E7761F2C
:2004D000001092115001ED06761F02232B242B332B21761F0010920E5203ED039225ED0331
:2004E0001812FFFE001256CC00BC761F02162D24350A761F001008A9FD80541C6310761F5D
:2004F00002169226761F02235433761F022256B80109761F0223562A08336F04761F022368
:200500002B33761F02162D25350A761F001008A9FD80501C6310761F02169227761F02236D
:200510005421761F022256B80109761F0223562A00216E04761F02232B21761F02162D23B5
:20052000353C761F02235424761F022256B80109761F0216921E761F022354246647761F76
:2005300002229209EC39761F001056BF0131761F02219006761F02169420761F02235424FA
:20054000691DD0038E008B64761F00109294542E6707761F02239224761F02219606761FB1
:2005500002219206761F02169421761F02235024761F001056B901386F37761F00102B3F9E
:20056000C003761F02232B242B332B21761F00101012FFFE6F29761F02165022761F0223D0
:200570009224761F022196066F1FC0038E008B64761F00109294542E6704761F02232B24D2
:20058000761F0216921F761F022354246607761F00102B312B3856BF013F761F0223922435
:20059000761F0221960692A0761F001054286002502878278E008B649294962B0006761F2C
:2005A00002222B09761F02232B242B332B21761F00102B3F00069A038E0088F0767F52E74A
:2005B0009A038E0088DE767F52E798038F0088ED767F52E7761F001092114001ED06761F8E
:2005C00002232B302B1E2B2D761F0010920E5003E8031812FFFE761F0221921A761F001047
:2005D000CA25E8031012FFFE001256CC00BD761F02162D15350A761F000008A9FD80501CC4
:2005E0006300761F02169217761F0223541E761F022156B80004761F0223562A081E6F0479
:2005F000761F02232B1E761F02162D16350A761F001008A9FD80541C6210761F02169218AD
:20060000761F0223542D761F022156B80104761F0223562A082D6F04761F02232B2D761F4B
:200610000010923E761F02235430761F022156B90104761F0216920E761F02235430664BA4
:20062000761F02219004EC3D761F001056BF0131761F02219218761F02169010761F0223F0
:200630005430691C761F00109224EC07761F02239230761F02219618C000761F022156BFE4
:20064000011A9018761F02169411761F02235430761F001056B901386F3E761F00102B3F9E
:20065000761F02165813761F02212B1A761F02232B302B1E2B2D761F00101012FFFE6F2B61
:20066000761F02165813761F02239230761F022196186F21761F021650128E008B64761FCF
:2006700000109294542E6604761F02232B30761F0216920F761F022354306607761F001095
:200680002B312B3856BF013F761F02239230761F0221961892A0761F001054286002502837
:2006900078270006761F02212B04761F02232B302B1E2B2D761F00102B3F00069A038E00C8
:2006A00088E7767F52E7761F001092115001ED04761F02232B27761F00109225ED03101299
:2006B000FFFD0112EF2C761F02159238761F022354276920761F00109228761F0215543736
:2006C000761F0010562A09276907761F02159237761F00109627920B5001EC055002EC035E
:2006D0005003ED00761F02179216761F001096270006761F00101812FFFD0006761F022381
:2006E0002B270006767F0E47767F10C3767F11F3767F1220767F122B76FF3C94767F13CD24
:2006F000761F001592395001ED03767F129C000693A99AFFC0006F05549469029294D00138
:2007000055A066FB0006B2BDAABD59A986A4761F02242B2D761F02159216761F0224962E95
:20071000761F02159215761F0224962F761F02159214761F0224963056BF0D312B328E00E5
:2007200088C99803767F52E7761F022192A1541B6405541B56B801106E022B10791B92136A
:20073000ED0856BF01132B1056BF040E56BF040F9010ED55761F0215540301139C0554A172
:20074000664654030113980554A1640654030112980554A16637540301129C0554A1660681
:2007500056030111980554A16628560301119C0554A1660656030110980554A166195603BD
:200760000110980554A166065603010F9C0554A1660A5603010F980554A1761F022156B939
:2007700005116F18761F022156BF04116F13761F022156BF03116F0E761F022156BF02112A
:200780006F09761F022156BF01116F04761F02212B11920E5011562A06116F4F5201ED4DB8
:20079000761F02155403010F54A1693D5603010F54A169055403011054A169305403011071
:2007A00054A169055603011154A169235603011154A169055603011254A1691656030112D0
:2007B00054A169055603011354A169095603011354A1691D761F02212B116F19761F0221D6
:2007C00056BF01116F14761F022156BF02116F0F761F022156BF03116F0A761F022156BFEA
:2007D00004116F05761F022156BF0511761F0221920E5411562A08119211960EED0D020301
:2007E000761F00100E006731761F02212B0F761F02232B096F2A5205EC24920F5011661452
:2007F0005411670E761F02239209521E681E761F02219211960F761F02232B096F16761FBC
:2008000002232B096F12761F022392095205680D761F02219211960F761F02232B096F057B
:200810002B0F761F02232B09761F0221580F8F00892D929496C2920FED0398046F069A0082
:20082000520456B001A892A886BE8BBE0006B2BD59A98E0088D29A03767F52E7761F021516
:20083000560301179C0A54A169055403011854A16014761F02219219ED10761F0223921297
:200840005004670398006F2A56BF00129804761F022156BF01196F22761F022192195001BA
:20085000ED16761F00232B12761F0215540301189C0A54A1660A5603011754A168069800FD
:20086000761F02212B196F0A9A046F08761F02232B12761F02212B1998008BBE0006C00450
:2008700000FF6F9E82A459A85AA998038E00892A767F52E7761F0010920E5203EC16761FF7
:2008800002155603011B96435403011A9642560301199641761F00104512EF1B761F0216AC
:200890005603013796416F15761F02155603011E96435603011D96425603011C9641761F2E
:2008A00000104512EF06761F021656030137964192A2544167425441672854426826761F78
:2008B000022192165002EC0D761F02242B2A92A1500169039CFF6F029801761F0221961708
:2008C000761F0224922A520568092B2A92A150016905D981761F02217917761F022192178F
:2008D00096C356BF02166F21544267035443670C5443671B761F02242B2A56BF0DC3761F45
:2008E00002212B166F12761F02242B2A79C3761F022156BF01166F09761F02242B2A2BC36D
:2008F000761F022156BF0416761F02219216C00400FF6FFA000600FF6F9A82A459A85AA93D
:200900009A038F008912767F52E7761F02155403011F54A2694C5603011F54A2692A5603B9
:20091000012054A26626761F022192125002EC0D761F02242B1292A1500169039CFF6F0289
:200920009801761F02219615761F02249212500568092B1292A150016905D981761F022155
:200930007915761F0221921596C356BF02126F275603012054A269055603012154A2690EDC
:200940005603012154A2691B761F02242B1256BF0DC3761F02212B126F12761F02242B1257
:2009500079C3761F022156BF01126F09761F02242B122BC3761F022156BF0012761F022176
:20096000921200FF6FF6000600FF6F9A82A459A55AA9761F0010CD160008CC170008FFD2EE
:20097000FFC2CAA8EC0656BF0DC39800FFEF011898038E008924767F52E79A038E008927DF
:2009800076FF52E79A038E00891E767F52E7761F001092115001EC06920F5001E80392258A
:20099000ED06761F02242B242B272B1E761F02152D22350A08A9FD8054A2FFE500DB761FFD
:2009A00002219214500456C100C3761F02152D24350A08A9FD8054A262632D22350A08A9DC
:2009B000FD8054A2655D761F022192145002EC26761F02242B2792A150016916761F00107B
:2009C000BE050400761F022203120FA66707761F0221923156B101316F0B92A1761F022146
:2009D0009CFF96316F05761F022156BF0131761F00100400761F02221E12761F02242B1E9C
:2009E0002B24761F02152D23350A08A9FD8054A26511761F02249227525A681B2B2792A1AB
:2009F000500169039CFF6F029801761F022196316F00761F02249227522D680B2B2792A1AC
:200A0000520169039CFF6E029A01761F02219631761F0221923196C356BF02146F7A2D26B7
:200A1000350A08A9FD8054A262472D24350A08A9FD8054A26541761F02242B242B2792A1D1
:200A2000EC33761F02152D25350A08A9FD8054A26426761F0024921E52B46711761F02210D
:200A3000921C9EA15201ED0792035001ED04921C96C36F1D791C79C32A036F192B1E92A106
:200A4000520D6604980194A16F029A0D96C3C5A3761F0021241C56BF01036F09761F0224E4
:200A50002B1E79C36F042B1E56BF01C3761F002156BF01146F2E761F02242B1E2B242B274A
:200A600056BF0DC3761F02212B146F23761F02242B1E2B272B242BC3761F02152D26350A37
:200A700008A9FD8054A26515761F02212B146F11761F02242B1E2B279224520A670379C343
:200A80006F0856BF0A24761F022156BF00142BC3761F022192145001E8022B1C00FF6FF689
:200A9000000600FF6F9A82A459A85AA99A038E00890F767F52E7761F0217920F9CC054A27C
:200AA0006962920F9CC054A2693D92109C8054A26639761F022190055002EC20761F022419
:200AB0002B0F92A150016910761F0010BC050400761F022203100FA6680B92A1761F0221A6
:200AC0009CFF94016F05761F022156BF0001761F00100400761F02221E10761F0224920FB8
:200AD000523C68092B0F92A152016905D981761F02217801761F0221920196C356BF02058E
:200AE0006F2A92109C8054A2690592119C8054A2690E92119C8054A2691E761F02242B0FDE
:200AF00056BF0DC3761F02212B056F15761F02242B0F92A156B101A179C3761F022156BFBB
:200B000001056F09761F02242B0F2BC3761F022156BF0405761F0221920500FF6FF60006E5
:200B100000FF6F9A5BA85AA98F0088009A03767F52E79A038E0088F6767F52E7761F001059
:200B2000920E5203EC0B761F0214500400A059058E008B729394889C6F0A761F021450047E
:200B300000A059058E008B649394889C761F00109207EC3E92115201EC3B9227EC3900126A
:200B4000EE3592A154A2662158A2761F02219002ED0C58A1761F0010CC13FFCFCA14EC056B
:200B500092A254A0670258A2761F02219000ED3158A7761F0010CC13FFCFCA14EC2A92A21B
:200B600054A0672758A26F25761F02219000ED0C761F0010CC13FFCFCA14EC1B92A254A0C5
:200B7000671858A26F1658A26F1458A26F12761F02212B002B02761F02242A00761F0223C0
:200B80002B36C000761F001092115201ED0258A255A3ED0C761F02149206761F0224500071
:200B9000761F022156B900006F04761F02242B0092A654A3ED0C761F02149207761F0223FF
:200BA0005436761F022156B901026F04761F02232B36763F0010920E5203EC058F008B721C
:200BB00092946E048E008B64929400FF6FF6000600FF6F9A5BA9C000D0008E0088F998033A
:200BC000767F52E79A038E008909767F52E7761F0010CC120180761F0221FFC5540CEC0B25
:200BD0002B0B761F02232B39761F02212B08761F02242B09761F0010920E5001EC7452038C
:200BE000568000E3CC1201C0FFC55002EC64CC120180ED34761F02219208ED16761F022D9E
:200BF000922A761F0221960D761F0216592ED23C761F0221920B500156B10108761F02241B
:200C00002B09FFEF00C2500156C000BF761F02249209520556B705096704761F02212B0BA9
:200C1000761F022D9225761F0221960D761F0216592E8D800258FFEF00A8CC120180FFC59A
:200C20005001EC1ECC120180FF855003E810CC120180FFC5520456800098761F021659300E
:200C3000761F022156BF010BFFEF008F761F0216592F761F022156BF010BFFEF0086761F37
:200C4000022D9238761F0221960D761F0216592DD23C6F7A761F0016592C761F022156BF19
:200C5000010B6F72CC1201C0FFC55202EC66CC120180ED33761F02219008ED17761F022DF7
:200C60009238761F0221960D761F0216592AD23C761F0221920B5001EC0456BF00082A0B29
:200C7000761F02242B096F505001ED4E761F02249009520556B705096704761F02212B0B0B
:200C8000761F022D9233761F0221960D761F0216592A8D0002586F38CC120180FFC550013E
:200C9000EC21CC1201C0FFC55203EC14C81201C0FFC55005ED293B01761F02168E008B7241
:200CA0008535560100A459C4761F022156BF010B6F1B761F0216592B761F022156BF010BF5
:200CB0006F13761F022D9238761F0221960D761F02165929D23C6F08761F02165928761F42
:200CC000022156BF010B761F0010CC1201C0761F0221FFC5960C761F00109225EC1892116B
:200CD0005001EC159227EC13761F0221920BE809761F0010922AED03792A6F1C592A6F1A29
:200CE000590D920D761F0010962A6F14761F02212B0B761F02232B39761F02212B08761F7B
:200CF00002242B09C000761F001093115201EC0259A393A3761F0221550DED0A93A2761F33
:200D000002235539761F002156B9010B6F04761F02232B3992A100FF6FF6000600FF6F9A19
:200D10005BA85AA98E00890C9803767F52E798038E008903767F52E798038E008897767FB1
:200D200052E798038E00889A767F52E7761F0010920E5001EC1C5002EC1A5203ED398E0002
:200D30008B64C003761F0221929496339B0558A892949632C0039294962D56BF3C2E56BF7C
:200D40001E3956BF1E3856BF0F3B6F228E008B72C003761F0221929496339B0158A892942A
:200D50009632C0069294962DD10A929C962C761F02149203E8039A3C6F029A1E761F02215F
:200D6000962E56BF0F3956BF0F3856BF0F3B761F0221922F761F0010540EE808761F02216F
:200D70002B072B0A2B092B302B3A761F0010920E761F0221962F761F0010922556C100B71C
:200D80009211500156C100B3920E5203EC395201ED5C761F02219207EC27920AEC1C90093E
:200D9000EC139230ED0A9A0A54A2690358A26E02C00A56BF043A6F20761F02165835761FA0
:200DA00002212B3A6F1992A054A2680258A256BF033A6F1292A854A2690358A26F0258A8BD
:200DB00056BF023A6F09980354A2690358A26E02C00356BF013A8E008B7292946F26761F05
:200DC00002219207EC17920AEC0C9209ED0892A054A2690258A256BF033A6F142B3A6F12E8
:200DD00092A854A2690358A26F0258A856BF023A6F09980354A2690358A26F02C00356BFF3
:200DE000013A8E008B649294761F0221933A5201ED0D93A35533ED0A932E761F0224550CB1
:200DF000761F022156B901076F04761F02242B0C761F0221933A5202ED0D93A35532EC0A29
:200E00009339761F02245503761F022156B9010A6E04761F02242B03761F0221933A5303EB
:200E1000ED0D93A3552DED0A9338761F02225517761F022156B901096F04761F02222B17EA
:200E2000761F0221933A5304ED0D93A3552CED0A933B761F0222551A761F022156B9013040
:200E30006F14761F02222B1A6F10761F02212B072B0A2B092B302B3A761F02242B0C2B036F
:200E4000761F02222B172B1A00FF6FF600069A038F0088B5767F52E79A038E0088BB76FF6E
:200E500052E79A048E0088B8767F52E79A038E008906767F52E798038E0088A076FF52E7C8
:200E6000761F0010920E5001EC0D5202EC0B5203ED10C0038E008B64761F0221929496375B
:200E70006F08C0038E008B72761F022192949637761F00104412EE21761F02219234761FD5
:200E80000000540EE814920E5203EC0B761F022192345203EC06761F0010CC0EFFFBED07D6
:200E9000761F00109204761F02249606761F0010920E761F02219634761F02219235E8057D
:200EA000761F00104A12EF05761F022456BFAF06761F0224900652AF6705761F00102B2703
:200EB0006F0356BFAF06761F00109009ED2490085001EC219215ED1F761F022D9203EC1B8E
:200EC000761F00109227ED143A01761F02148E008B728508761F0010540100A492C4542E3F
:200ED00060032B246F0B56BF01242B276F0756BF01246F04761F00102B249224ED0C2B0752
:200EE0000012EF309208ED2E9215761F022256B1AF356F28761F02219235ED15761F0222F0
:200EF0009235520A67075000EC1D761F00104412EF19761F022156BF0135761F001056BF38
:200F000001076F10761F00104A12EE0A761F0222923552AF761F001056B701076F0356BF8F
:200F10000107761F00109207EC15761F0222923B520567075000EC14761F00104412EF10E5
:200F2000761F001056BF0125761F022256BF053B6F07761F02222B3B761F00102B25761FA4
:200F3000001092255201EC08761F0222923552AF56B7AF356F04761F02222B35761F0010F0
:200F40009225ED0456BF142C2B2B92105001EC165002EC0C9227932C767F0B10962B767FC1
:200F5000176B761F0010962B6F119227932C76FF0D0E761F0010962B6F090012EE07922C6E
:200F6000767F0BB8761F0010962B922BEC04500A56B80A2B761F022292385264FFE800BF2A
:200F7000761F02210A36761F02222B38761F0010922C542B6863542BFFE900B1761F0221D0
:200F80009237761F0010542C6612761F02149A64930C00FF6F06761F022154366618761FDA
:200F900000100B2C761F02212B366F11761F02149A64930B00FF6F06761F022154366607F7
:200FA000761F00100B2C761F02212B36761F0010920E5203ED1AC00092A0520D667F8E00D7
:200FB0008B64761F00109294542C660B9294542CEC06D00192A0520D69F36F70782D6F6EBF
:200FC00092A09CFF962D6F6AC00092A0520D66668F008B72761F00109294542C660B92941D
:200FD000542CE806D00192A0520D69F36F57782D6F5592A09CFF962D6F51761F02219237D5
:200FE000761F0010542C6612761F02149A64930A00FF6F06761F022154366618761F001035
:200FF0000A2C761F02212B366F11761F02149A64930900FF6F06761F022154366607761F15
:2010000000100A2C761F02212B36761F0010920E5203ED13C00092A0520D66208F008B6482
:20101000761F00109294542C6706D80192A0520D69F66F14782D6F12C00092A0520D660ED1
:201020008F008B72761F00109294542C6706D80192A0520D69F66F02782D761F0010922B2B
:20103000ED103B01761F02148F008B728508761F0010560100A492C4542E68032B252B2D18
:20104000920BEC04922D56B1012D0006761F0010920E5203EC18CC1201C0ED06761F02172B
:201050002D09350A0006CC1201C0FFC55201ED06761F02172D09350A0006761F02172D0850
:20106000350A0006CC1201C0ED06761F02172D0B350A0006CC1201C0FFC55201ED06761F30
:2010700002172D0B350A0006761F02172D0A350A0006767F10461BA9025868081BA90320E0
:2010800067039A0200069A0300069A010006761F001092335204620A5204EC225201EC2F02
:201090005202EC285203EC216F075205EC145206EC0D5207EC06761F02172D01350A0006EC
:2010A000761F02172D07350A0006761F02172D06350A0006761F02172D05350A0006761F29
:2010B00002172D04350A0006761F02172D03350A0006761F02172D02350A0006761F02179E
:2010C0002D01350A00069A038F00889D767F52E7761F022D9203EC15761F00100012EE0E11
:2010D0009207ED07021E0F0466102B322B316F0D56BF013256BF01316F08923196326F0590
:2010E000761F00102B322B31920E5203ED155203ED26921B52F064039A046F0A52646403A9
:2010F0009A056F06520063039A076F029A06761F022196226F141B1B01CC64039A006F0CF0
:201100001B1B012C64039A016F07921B52C864039A026F029A03761F02219622763F0010E7
:2011100092305203ED4192275201660C28AC0005761F02218F3F756B3022560100A492C41A
:201120006F585202660C28AC0005761F02218F3F756C3022560100A492C46F4B5203660CBE
:2011300028AC0005761F02218F3F756D3022560100A492C46F3E5204660C28AC0005761FD8
:2011400002218F3F756E3022560100A492C46F3128AC0005761F02218F3F756F302256018C
:2011500000A492C46F2692275202660C28AC0003761F02218F3F75EE3022560100A492C40E
:201160006F185204660C28AC0003761F02218F3F75EF3022560100A492C46F0B28AC00036B
:20117000761F02218F3F75F03022560100A492C4761F00109633CD160002CC160008FFD0C5
:20118000FFC2CAA856B0033392325201ED5B92305203EC224512EF06767F1079761F0010ED
:2011900096332B34761F02219221761F00105433690F761F0222921D52B456B7B41D67470E
:2011A000761F02219221761F001096336F40761F02222B1D6F3C4512EE17CD160002CC16D8
:2011B0000008FFD0FFC2CAA8ED07767F1087761F001096346F0E761F02172D05350A763FD5
:2011C000001096346F06767F1046761F00109634761F02219224761F00105434690F761F5E
:2011D0000222921D523C56B73C1D6711761F02219224761F001096346F0A761F02222B1D69
:2011E0006F062B342B33763F02222B1D761F00109233761F02219621761F00109234761FC3
:2011F000022196240006761F00109312CC1204009101FFC9CAA8ED089B00920E520356B178
:2012000001A897386F0392389639761F022D9203EC13761F00104412EE0C02960F046904E6
:2012100092075201ED0D9225ED0B923896390006923896390006761F00102B392B38000679
:20122000767F13FD5200ED059A01767F596F0006767F5EB200069A038F0088A3767F52E777
:20123000761F00104512EE109207ED0B922052A0680552AA695E2B376F5C56BF01376F59FD
:2012400056BF01376F56920E5001EC225203ED3ECC1201C0FFC55201EC14CC1201C0FFC5E4
:201250005202ED089800761F0216933EEC2F9A016F2D9A00CD1201C0FFD5EC289A016F267B
:201260009800763F0216933FEC219A016F1FCC1201C0FFC55201EC14CC1201C0FFC5520294
:20127000ED089800761F0216933CEC109A016F0E9A00CD1201C0FFD5EC099A016F07980095
:20128000761F0216933D56B001A95001EC0C761F02229323537856B77823761F0010562AD1
:2012900007376F07761F02222B23761F001096374016EF022B3700069A028F0088A9767F11
:2012A00052E79A028F0088A6767F52E79A028F0088AC767F52E7761F0010920EEC04761F17
:2012B00002222B2C5203ED09761F001092075201761F022156B10129761F0010920E520344
:2012C000EC04761F02212B29761F02219229ED04761F02222B29761F0221921DED06000047
:2012D000761F022219011E0E761F0221921DED240203761F00100F00661F761F02152D3A36
:2012E000350A761F001008A9FD80541B6510763F02152D3B350A761F001008A9FD80541C42
:2012F0006506920E761F022156B10123761F022156BF011D6F21761F02221B2C0168691C87
:20130000761F02152D3A350A761F001008A9FD80541B6512761F02152D3B350A761F0010CA
:2013100008A9FD80541C6508761F022156BF0123761F02222B2C763F02229229520866302D
:20132000761F0010920E5203ED2B761F02219220ED08761F0010920CEC04761F02210A1F88
:20133000761F0221923F52036822761F02152D3A350A763F001008A9FD80541B6518761F6F
:2013400002152D3B350A761F001008A9FD80541C650E763F02212B1F56BF011E6F08761FB7
:20135000022256BF0829761F02212B1F761F0010920C761F02219620921E520156B1012332
:201360009223EC0C761F0215923C761F022254266708761F02212B236F04761F02222B2621
:20137000761F022192235201ED0B921E5201EC08761F00109207E804761F02212B23761FE9
:2013800002152D3D350A761F001008A9FD80541B6307763F0221921E5201EC022B23761F35
:2013900000109216EC064616EE04761F02212B23761F0221921E5201ED0A9223ED082B1E9A
:2013A000761F00100600761F02221E0E761F0010BEB40400761F0222030E0FA6660D060E7C
:2013B000761F00100E006708761F0221921F761F001056B00109763F02219223761F0010AB
:2013C000963ACD15BFFF761F0221921E9001FF8DCAA8761F001096150006761F0010451254
:2013D000EF2ACC1201C0FFC55201ED04920E5201EC17CC1201C0FFC55201ED0F920E5203A0
:2013E000ED0C763F02169B00923A761F0010520156B101A8972F000656BF012F0006761F6C
:2013F00002169A009239763F0010520156B101A8972F000656BF012F00069A00761F001141
:20140000440056CD00B1000056CD00AC440056CD00A7410056CD00A2420056CD009D480087
:2014100056CD0098420056CD0093761F022D400E56CD008C440E56CD0087490E56CD008250
:20142000460EEE6A470EEE66480EEF039A070006430EEF039A0800064A0EEF039A0900068A
:20143000420EEF039A0A0006410EEF039A0B0006450EEF039A0C0006761F022D440DEF03CC
:201440009A0D0006490DEF039A0E0006450DEF039A0F0006480DEF039A1000064C0DEF03B4
:201450009A110006470DEF039A1200064A0DEF039A130006410DEF039A1400064B0DEF0399
:201460009A150006430DEF08761F0010920E5201EC3F5202EC1D761F022D430DEF06761FB2
:201470000010920E5203EC12761F0010920C5204EC055205EC035206ED039A3F0006520709
:20148000ED039A2000069A0000069A1700069A1600069A060006763F0010930C5309EC0F2E
:201490005310EC0D5308EC095301EC055313ED1C9A2200069A2100069A0500069A04000610
:2014A0009A0300069A0200069A0100069A1E00069A1800069A1D00069A1C00069A1B00069C
:2014B0009A1A00069A190006761F022D400E56CD00AA440E56CD00A5490E56CD00A0930EF5
:2014C000761F00109215FFD5FFC5CEA840A956CD0081761F022D930E763F0010FFD692157F
:2014D000FFCCCEA840A9EE73761F022D480EEF039A070006430EEF039A0800064A0EEF0389
:2014E0009A090006420EEF039A0A0006410EEF039A0B0006450EEF0E761F0010CC12100088
:2014F000CD120800FFCBFFDACA09CBA9EC039A0C0006761F022D440DEF039A0D0006490D66
:20150000EF039A0E0006450DEF039A0F0006480DEF039A1000064C0DEF039A110006470DF1
:20151000EF039A1200064A0DEF039A130006410DEF039A1400064B0DEF039A150006430DD8
:20152000EF08761F0010920E5201EC1F5202EC1D761F022D430DEF06761F0010920E520311
:20153000EC12761F0010920C5204EC055205EC035206ED039A1800065207ED039A190006CB
:20154000980000069A1700069A1600069A060006920C5209EC035210ED039A0400065208A2
:20155000ED039A0500065201ED039A1A00065213ED039A1B00069A0500069A0300069A02F5
:2015600000069A0100069A038F0088AF76FF52E7761F0010920E5203ED5B520356C000ABBB
:20157000761F00110100EE04761F02222B2F761F00109312CC1200029101FFC0CAA856C0AC
:20158000009A761F00110100EE24761F00104116EE1B4316EE144216EE0D763F001142003D
:2015900056CC0089761F00109227520656B6062700069227520656B606270006922752053B
:2015A00056B6052700069227520456B604270006761F0010921952C86216761F02221B2FBC
:2015B0000708680A1B2F087068032B2F0006761F00102B270006761F00109227520556B64F
:2015C000052700069227520356B603270006761F00114100EC04761F02222B2F761F001000
:2015D0004112EE48761F00110100EE23761F00104216EE1A4116EE134316EE0C761F001164
:2015E0004200EF38761F00109227520656B6062700069227520556B605270006922752062E
:2015F00056B6062700069227520556B605270006761F0010921952FA6216761F02221B2F37
:201600000708680A1B2F087068032B2F0006761F00102B270006761F00109227520356B600
:20161000032700069227520556B60527761F02222B2F0006D400763F00104116EF02DC016B
:201620004316EF02DC014216EF02DC01763F00114100EF0BDC01761F00101B19FED465046B
:201630001B1903206002D801761F00114000EF0BDC01761F00101B1AFED465041B1A0320DE
:201640006402DC0192A452026721761F00119300CC0000409101FFC5CAA8CD000020FFD468
:20165000CBA9ED0F761F0010920CED089B00CC16FBF156B001A89708000656BF01080006F1
:20166000761F001056BF01080006761F001056BF010800069A038F0088B2767F52E7761FAF
:201670000010920D5202EC04761F02222B32761F02229232527856B77832761F00110000AD
:20168000EE524100EE4B4200EE44761F0010CC0EFFFBEC3C761F0221922B5203ED08761F27
:201690000010920E5201EC2F5202EC2D761F0010920E5203ED08761F0221922B5201EC1E4E
:2016A0005002EC1C761F0010920D5202ED06761F022292325278682B761F00109225CA261F
:2016B000EC0A4314EF249227ED229215CA1656B1040D6F1D56BF030D6F1A761F001056BF5F
:2016C000020D6F1556BF020D6F1256BF010D6F0F761F001056BF070D6F0A761F001056BF30
:2016D000060D6F05761F001056BF050D761F001092255201ED022B0D920E761F0221962BB8
:2016E00000069A038F008894767F52E7761F00109216761F022D960E761F022D9218EC0758
:2016F000761F022D920E761F02219626761F0221922A761F022DCA0EEC0E761F0221922A84
:20170000ED07761F022D920E761F0221962656BF012A6F04761F02222B14761F02229214F3
:201710005278680B761F0221922A5201ED062B2A761F022256BF7814763F0221922A52012C
:20172000ED059226761F022D980E00069A038F0088FC767F52E7761F00109215761F022DA1
:20173000960D763F022D9218EC07763F022D920D761F02219627761F02219228763F022D27
:20174000CA0DEC0E761F02219228ED07761F022D920D761F0221962756BF01286F04761F34
:2017500002232B3C761F0223923C5278680B761F022192285201ED062B28761F022356BF4E
:20176000783C761F022192285201ED059227761F022D980D0006761F001093115301EC0746
:20177000930F5301EC04930E5301EC022B0B930B5304ED054312EE092B0B00064312EF03A4
:201780009B046F029B00970B00069A038F000883767F52E7761F0010920EED12761F022115
:201790009225EC0E761F00109209EC0A4016EE08761F022D56BF0318761F02232B03761F95
:2017A0000010920E761F02219625761F022D9218EC3C761F0223920352036805761F022D9B
:2017B0002B180006761F00102B091815FFBF761F022D180DFFBF761F00101815DFFF761F20
:2017C000022D180DDFFF761F00102B15761F022D2B0D761F00101816FFBF761F022D180E7B
:2017D000FFBF761F00101816FFDF761F022D180EFFDF761F00102B16761F022D2B0E767FEA
:2017E0004815761F00102B0C00068F0082C0761F0202A810C00092A052E6670D8F3F735C4D
:2017F00092948A1096CC020256010010D80192A052E668F58F0080D0A824D40092A4521590
:2018000067189A013B018F7F760694A485A9560100A585C58F7F735C560100A50EC58324E9
:201810001EC5020256010024DC0192A4521568EA0006761F02019232EC1196302B32762270
:20182000761F01A11A180004761F01A21A180004761F01A31A180004761AFF69000676FFEB
:2018300021B3767F1A08767F21AE0006D00800FF6F9E1EA7925D8B602D59A3585B55C45417
:201840008E529645065C1E4806A70FA166343AA90FA1642106A60FA1691092A35BA59EA3AB
:201850000EA91E4206A603A01E44B2A903A0767F68F294A35AA96F2692AC565D00A69EA3BC
:201860000EA91E42B2A9A94403A6767F68F294A35AA96F1892A55BA43AAB9EA30EA9565D8A
:2018700000A71E42B2A9A94403A7767F68F294A35AA96F080EA41E42C344B2A9767F68F29C
:201880005AA906480FA1660398006F0A92450EA91E4206481E44064803A1767F68F293A2B9
:2018900095A992A8D00800FF6FFA0006763F02292D28BE00761F020F33010EAB761F02025B
:2018A0000F30763F020156B901A6CD0DFFFE92A68001CAA8960D9239CD0DDFFF9001FF8C37
:2018B000CAA8960D0006FE10761F0203062E29011E428F0003E8062C761F020E1E448F4015
:2018C00003E856030E17FF5A761F02070000F61F561700A4061C3F45761F020A1E48920C37
:2018D000763F020796490626761F020A1E4C920D763F0208964D0624761F020E1E5056034D
:2018E0000E1FFF5A0200F61F561700A45CAB56030E1B761F0203FF5A0200F61F561700A595
:2018F00006305DAB767F1836761F02019631FE900006761F0201CD360030CC390002FFD3C0
:20190000FFC0761F020ACAA8931D9101CBA9ED14761F020FBE000E0B761F02030F0056B70B
:2019100001A6763F020192A6CD0DFFFB9001FF81CAA8960D0006761F0201180CFFFF761FD1
:20192000020A2B000006761F02060624ED08761F0208061A761F02061E346F13761F020ADD
:201930000E06761F02061EAC56440030761F020707201E20761F0206FF1F00010EA81E348B
:20194000761F020A2B1E181DFFFD0006FE04761F02060624EC25763F0208061A761F02070F
:20195000032A1E420634761F02061E440624767F68F21EA6ED02BE01761F0208061A761F72
:201960000207032A761F0006FF3FFF5A0000F61F561700A6A9300630ED0300011E30FE8407
:201970000006761F0207060AED08761F0208061A761F02061E340006761F020A0E06761FB0
:2019800002061EAC56440030761F02070F20680300006F05C420564100A606A61E20FF1FD6
:2019900000010EA8761F02061E340006761F020C0E0B761F02061E24761F020C0E0D761F9D
:2019A00002071E0A761F020602641EAC56650024A924763F02075665000AA90ABE00761FF4
:2019B00002060624761F02080F1056B001A6761F020192A6CD37FFF78001FF82CAA896376F
:2019C000761F0207BC00060A761F02080F1256B001A6761F020192A6CD37FFEF9001FF835B
:2019D000CAA89637761F02060624761F02081E10761F0207060A761F02081E120006FE049F
:2019E000761F0207060AEC23062A761F0208031A761F02071E4206341E44060A767F68F245
:2019F0001EA6ED02BE01761F0207062A761F0208031A761F0206FF3FFF5A0000F61F561725
:201A000000A6A9300630ED0302011E30FE840006767F1A0F767F1B7D767F1BF60006763FDC
:201A1000020BCC31000F88A99231FFA3900F761F02018001CD0CFBFFFF89CAA8960C92A6A8
:201A20005202EC061836F7FF1838FEFF00061A3800C01838FEFF1836F7FF0006FF2003E816
:201A3000761F02030F0E761F020156B5012492245201ED1B761F02129207761F00015413C7
:201A400066079C32541367111A3D00000006183DF7FF761F022A920B5208ED07767F53CD03
:201A5000761F020156BF07300006761F020ACC1B4000FFCC500156C000C0761F0201CD3934
:201A60000040CC390004FFD5FFC1CAA856C0008B761F020ACC1C00035202EC745203EC2FC6
:201A7000767F1B34761F020A921C800356C000A5CC1B4000FFCC500156C0009F763F0201D5
:201A8000183DFFFE18367FFF76FF2155761F020300001E06761F020A101B9FFFCC1B0060CE
:201A9000FFC4520356800089CC1B9FFF1AA90000961B763F0201180DFFBF0006761F02018D
:201AA000000DEE314139EE2C767F1B34763F020A921C8003ED71CC1B4000FFCC5201ED6C34
:201AB000761F0001183DFFFE18367FFF767F2155761F020300001E06763F020A181B9FFFA7
:201AC000CC1B0060FFC45203ED57CC1B9FFF1AA90000961B761F0201180DFFBF0006767FF4
:201AD00018960006180DFFFE761F020ACC1CFFFC5002961C761F02011A360000767F1C6F30
:201AE0000006921C90035202ED37767F1C18761F020ACC1B1800FFCA5202ED2E76FF1F187A
:201AF000000676FF1B34761F020A921C8003ED24CC1B4000FFCC5201ED1F763F0201183DCB
:201B0000FFFE18367FFF767F2155761F020302001E06761F020A181B9FFFCC1B0060FFC455
:201B10005203ED0ACC1B9FFF1AA90000961B761F0201180DFFBF0006761F020ACC1B400027
:201B2000FFCC5001ED11761F0201183DFFFE1836FFFF76FF2155763F020300001E06761FF7
:201B3000020A181B9FFF0006761F020ACC1C00035201EC275202EC045203EC18000676FFA8
:201B40001C89761F020ACC1B1000FFCAED1C921C90035002ED180200761F02031E021E0004
:201B5000761F020A181CFFFC0006761F0201180DFF7F180DFFFE761F020A181CFFFC00066C
:201B6000181CFFFC0006761F02021001FFFE761F02011839FFFD1836FFFF1839DFFF1839D8
:201B7000FFBF1839FFDF1835FEFF761F020A181DFFFE181DFFFD2B1E0006761F0201CD392D
:201B8000FFBF763F0202CC010004FFC1761F0201FF85CAA89639761F02021801FFFB761F9F
:201B90000201CD39FFDF761F0202CC010010FFC3761F0001FF84CAA89639763F02021801EA
:201BA000FFEF761F0201403DEE0A1839DFFF761F02021801FFF718037FFF0006761F02021B
:201BB000FFCCCD0100089001FFD2761F0201CBA99101CC39FFFFFF9CCBA99739761F0202F9
:201BC0001001FFF70006761F0201CC380100CD36FDFFFFC7FF88CAA896360006761F020A2A
:201BD000CC1B4000FFCC5201EC045202EC1D0006767F1B34921C8003ED19CC1B4000FFCCF0
:201BE0005201ED14761F0201183DFFFE1836FFFF767F2155763F020300001E06761F020A71
:201BF000181B9FFF0006181B9FFF0006761F0201CD390000CC390040FFDCFFC5CAA8CD392D
:201C00000020FFD4CBA9EC14403DEE10761F02021801FFFE761F02011839FFFD18367FFF82
:201C10001839FFFF1839FFBF00061839FFFD0006BEF5761F02030606FF560FA66308060623
:201C2000761F0208FF5609011E246F060606761F0208FF561E24761F020192369003520365
:201C3000EC034936EE3C490CEE35761F02030628761F02071E1C761F020A280C0000761F7A
:201C40000207061C761F02080F246920761F020E0E238F0003E8761F02031EAC5665002867
:201C50000200761F0207F61F561700A4A926761F020E02002D21761F020A370CF61F561784
:201C600000A43F0D767F18B36F05763F0201283100001B3100006803283100000006761F84
:201C7000020ACC1B1000FFCA4002E80ACC1BE7FF1AA90000961B767F1EE4767F2087761FEB
:201C8000020ACC1B1800FFCA5002ED03767F1EFD0006761F020ACC1B1800FFCA5202ED1559
:201C9000767F2021761F020A921B8007ED0ECC1B1000FFCA5202ED09761F0201180EFFFC6B
:201CA000761F020A181BE7FF0006761F020ACC1B0400FFC8520156C101075202EC72520398
:201CB00056C00174761F0208061A761F02060F346707761F02014237EE034437EF5F761F1C
:201CC0000208061A761F02060F34683E761F0208061A761F02060F34661A0000761F020896
:201CD0001E201E1E761F020ACC1BF9FF1AA90000961B761F0208061A761F02061E340000D8
:201CE0001E30761F02011A0E00030006761F020ACC1BF9FF1AA90200961B761F0206063400
:201CF000761F02071E2A767F1946761F0207062AFF3F1E20767F1923761F0201CC0EFFFCB2
:201D00005001960E0006763F020A1A1B0600761F0201CC0EFFFC4002960E761F02060634A2
:201D1000761F02071E2A767F19DF763F0207062AFF3F1E20767F19710006767F197100066C
:201D2000CC1B0400FFC8520256C00100761F0208061A761F02060F3456C100F8761F020839
:201D3000061A761F02060F346858761F0208061A763F02060F3466280000761F02081E20A9
:201D4000761F020A181BF9FFCC1C000CFFC1520156C000DC0200761F02081E201E1E761F0E
:201D5000020ACC1BF9FF1AA90400961B761F0208061A761F02061E3402001E30761F02017A
:201D60001A0E000300060000761F02081E20761F020A181BF9FFCC1C000CFFC1520156C06C
:201D700000B5CC1BF9FF1AA90200961B761F02060634763F02071E2A767F1946761F02077A
:201D8000062AFF3F1E20767F1923761F0201CC0EFFFC5001960E00060200761F02081E201F
:201D9000761F020A181BF9FFCC1C000CFFC1520156C0008C1A1B0600761F0201CC0EFFFC16
:201DA0005002960E761F02060634761F02071E2A767F19DF761F0207062AFF3F1E20767F44
:201DB00019710006CC1B0400FFC85201ED6E761F0208061A761F02060F346907761F02017C
:201DC0004237EE034337EF5F761F0208061A763F02060F34683E761F0208061A761F020610
:201DD0000F34661A0200761F02081E201E1E761F020ACC1BF9FF1AA90400961B761F02087E
:201DE000061A761F02061E3400001E30761F02011A0E00030006761F020ACC1BF9FF1AA97A
:201DF0000000961B761F02060634761F02071E2A767F1946763F0207062AFF3F1E20767FB2
:201E00001923763F0001CC0EFFFC4001960E0006761F020A1A1B0600763F0201CC0EFFFCA7
:201E10005002960E761F02060634763F02071E2A767F19DF761F0207062AFF3F1E2076FF33
:201E200019710006767F19230006761F0001CC0A0008CD0AFFFBFFC2FF81CAA8960A9A01A8
:201E300093305301EC065302EC04530356B000A98001CD0AFFF7FF82CAA8960A930AFFC200
:201E4000FFD1CEA840A9EE08761F02082B30761F02092B246F07761F02080A30761F020985
:201E50000A241B24EA6069032824EA60761F020892305204640C761F02091B24EA60EC0776
:201E6000761F02082B30761F02092B240006FE02761F02269236EC55761F02099235EC0357
:201E700054366641761F0201453DEE0A1839FEFF761F0008061C761F02031C006F050200D6
:201E8000761F02031E00060E763F0205031CFF560F1E6410761F02272B01761F022656BFE9
:201E90000124761F02272B01761F02011A0D00026F39C51E28AC001F3B01761F020306A761
:201EA000562207A7FF401EA6060E761F0205031CFF560FA663039A016F029A02761F022754
:201EB00094016F0A0A36761F02011A3901000200763F02031E00761F0201180DFFFD6F12C4
:201EC0000200763F02031C00763F0201180DFFFD761F0203060E761F02051E1C761F022610
:201ED0002B24761F0201880DCD39000292A6FFD0FFC0FF5F8001CBA99101CCA6FFFDFF90C6
:201EE000CBA9970DFE820006761F0201CD36FFF3763F020E923D9003761F0201FF81CAA806
:201EF0009636CD36FFCF761F020F92099003FF83CAA8763F020196360006761F020A921B95
:201F000090075203EC0DCC1BFFF84003961B763F0201CC0EFFFC5001960E180DFFFD761FD2
:201F1000020A921B90075203ED0376FF20490006761F0201CC360030FFC35201ED284139CA
:201F2000EE26767F53CD767F1B34921C900356C000F9CC1B4000FFCC520156C000F3767FA1
:201F30001B1CCC1B4000FFCC56C000ECCC1B0060FFC4520356C000E6CC1BBFFF1AA90000A3
:201F4000961B761F0201180DFFBF0006CC360030FFC3ED31420DEF2F180DFFFB76FF1B34ED
:201F5000921C900356C000CECC1B4000FFCC520156C000C8761F0201183DFFFE1836FFFFF3
:201F6000767F2155761F020302001E06763F020A181B9FFFCC1B0060FFC4520356C000B27D
:201F7000CC1BBFFF1AA90000961B761F0201180DFFBF0006763F020F0E11761F02060F34F2
:201F80006905761F020A001DEF41761F0201CD360030CC390002FFD3FFC0CAA8ED28761F66
:201F9000020F9213EC24763F020A411DEE20761F0201400BEE1C761F020A1A1D0001761FE3
:201FA000020F0E11761F02060F346811761F020A0A1E761F020F2D13350A761F020A541E97
:201FB00066061A1D0002181DFFFE2B1E761F020A401DEF0C763F020F9213ED08761F020AF7
:201FC0001A1D0002181DFFFE2B1E767F18F976FF2087761F020ACC1B00075202EC3F5203C8
:201FD000ED50921B90075203ED4C761F0001410DEE0B761F020ACC1C00C0FFC55202ED4176
:201FE000767F1E670006761F020ACC1C00C0FFC55202ED0C761F02092B36761F020118391D
:201FF000FEFF761F020A181CFF3F763F0201180DFFFD761F020A181BFFF8CC1B1000FFCA5D
:202000005202ED3F76FF208E761F020A921B90075202ED1776FF20C20006767F2170767F08
:202010001996761F02060634761F02031C00761F020ACC1C000CFFC15201ED0376FF1CA5A6
:202020000006761F020ACC1B00075202EC1C5203ED20CC1C00C0FFC55202ED0C761F0209F4
:202030002B36761F02011839FEFF761F020A181CFF3F763F0201180DFFFD761F020A181B89
:20204000FFF80006767F214E761F020A181BFFF80006763F0201CC36000CFFC15201EC1E6B
:20205000CC36000CFFC1ED1A761F020ACC1C00C0FFC55202EC13761F02092B362B350200D8
:20206000761F02081E1C761F020ACC1CFF3F5080961C767F206E767F1E670006761F020F95
:202070002D03350A761F02050EA91E1E761F020F2D29761F000935649635761F02292D283F
:20208000761F020F3601761F02081E1C0006761F020306001E0206021E060006761F020AF1
:20209000921B90075202EC2E0000761F02061E30761F02071E201E2A761F020A2B06761F08
:2020A00002061E24761F02071E0A761F02081E1A761F02071E34761F02061E34763F02079C
:2020B0001E1E761F020ACC1BFFF85002961B767F2170767F1996761F02030600763F0206CB
:2020C0001E340006761F0201483656CD0088761F020ACC1C000CFFC15201EC0BCC1CFFF36E
:2020D0005004961C56BF01060000761F02061E30761F020ACC1C000CFFC15201ED6F761F4A
:2020E0000208061A761F02060F34684A761F0208061A763F02060F346621761F020ACC1B56
:2020F0000600FFC85202EC5A0000761F02081E201E1E761F020ACC1BF9FF1AA90000961B5C
:20210000761F0208061A761F02061E3402001E30761F02011A0E00030006761F020ACC1B70
:202110000400FFC85201EC3ACC1BF9FF1AA90200961B761F02060634761F02071E2A767F64
:202120001946763F0207062AFF3F1E20767F1923761F0201CC0EFFFC5001960E0006761FA8
:20213000020ACC1B0600FFC85203EC181A1B0400761F0201CC0EFFFC4002960E763F02062D
:202140000634761F02071E2A767F19DF761F0207062AFF3F1E20767F19710006761F020A02
:20215000181BF9FF181CFFF300060000761F02031C02761F0001180EF7FF180AF7FF100A7C
:20216000EFFF761F00021001FFFE761F00011839FFFD18367FFF1839DFFF1839FFBF0006D9
:20217000761F0001483DEE1A4139EE11761F020A001DEE060000761F02081E186F15761F13
:20218000020F0E11761F02081E186F0E761F02020630761F02081E186F07761F02060634CC
:20219000761F00081E180618BC000F14761F020156B001A692A6CD37FFFB8001FF81CAA871
:2021A0009637761F020806181E1406181E1A761F02030622761F02071E340006761F0202BC
:2021B00006301E360006761F0001180EFFF31839FFFE0006761F00019232ED1A761F001275
:2021C0009205761F0201541366134F36EF0F920E80035001ED039A046F0A920E800350027D
:2021D000ED039A056F049A066F029A0596320006761F0201430AEE179230520AED2C761FB9
:2021E00002090A101B1027106941761F00014F39EE06761F020920104E206F38761F020917
:2021F0002B106F270001761F02075601003C761F00089230520464098F030D40761F02072D
:20220000A8A90F3C68086F22FF201770761F02070F3C671C761F00014F39EE078F0493E0F6
:20221000761F0207A83C6F120000761F02071E3C761F02019232ED0A761F0203060E761F1D
:2022200000021E0C761F02012B30761F020118397FFF0006761F02019232ED04453956BD34
:202230000F320006761F0201433DEE0576FF223B767F21BA0006761F02019232ED14763F82
:2022400001BF4800EF0C761F0001403DEE0C92215201ED092B2156BF13320006761F02012E
:2022500056BF0A320006761F020A4F1CEE441A1C00004D1CEE200200763F02041E08761FB4
:2022600002051E26761F02041E06761F02051E24761F020A1A1C0000761F00022B01763F27
:2022700002012B3B2B392B362B3D2B0E2B0C2B0D2B0B2B37761F020A4D1C56CC015A4C1C89
:20228000EE0A761F02082B3000001E18761F020A1A1C00004C1C56CC014CCC1B0060FFC45E
:202290005202E805CC1BFF9F4040961B1A1C0000FFEF013F4D1CEF160001761F0003560175
:2022A000000E060E761F02271E32761F0203000EEE03767F1A2E767F2232767F181976FF34
:2022B000182F761F020A4C1C56CC0123761F00019239CD36BFFF8001FF8DCAA89636767F16
:2022C000222A767F1BC3761F020ACC1B0060FFC4500156C100C7520256C100A752035680C8
:2022D0000108CC1B0060FFC4520356C00002761F00014B3DEE211A0D0000767F1BCECC1B55
:2022E0004000FFCC568000F5CC1B0060FFC4520356C000EF763F0001183D7FFF761F020A7A
:2022F000181BFFBF4C1C56CC00E4CC1BFF9F4040961BFFEF00DE9230ED511A3D0000761F01
:20230000020ACC1B4000FFCC5001EC44500256C000D0761F0201413956CC00CB4D3956CD5E
:2023100000C8CD390004CC390000FFD1FFC5CAA8568000BFCD390020CC350000FFD4FFC77B
:20232000CAA8568000B6761F000ACC1B9FFF1AA90000961B761F00011A3D0001180D0000F4
:20233000761F020A921C8003520356C100A20000761F00051E141E16761F000A1A1C0003D5
:20234000761F000118367FFF761F00031E02FFEF0090767F1A55FFEF008C767F1E25761F3A
:20235000000118397FFF767F1BCECC1B4000FFCCED7FCC1B0060FFC45003ED7A761F000107
:20236000183D7FFF761F000A181BFF9F4C1CEF70CC1BFF9F4020961B767F21D81A3D000870
:20237000180DFFBF6F65761F00014B3DEF6176FF1B631A1B0060761F00011A3D0000761F1E
:20238000020ACC1B4000FFCC5002EC52CC1B9FFF1AA90000961B761F0001180DFFBF6F4886
:20239000CC1B0060FFC45001ED437622761F01A11A180004761F01A21A180004761F01A3F6
:2023A0001A180004761A761F02019230ED23FF69767F1B63761F0001183DFFF7100EEFFF25
:2023B000761F000A1A1B0060761F00011A3D0000761F020ACC1B4000FFCC5002E819C81B23
:2023C0009FFF1AA90000961B761F0001180DFFBF6F0F4B3DEC0A1A0D0000761F000ACC1BC9
:2023D000FF9F4000961B6E04FF69767F21D8FF6900068F0493E0761F0002A8A90736761F68
:2023E00002031E14A8A907061E18A8A907021E16761F02019216761F020B961B761F00015B
:2023F0009223761F020B961D761F00019213761F020B962F0006761F020A4029EE061A29DA
:2024000000011A290002000676FF23D90006B2BDFE0A76FF764E5CADDC83F60224849A03A4
:202410008F008D6876FF52E79A038E008D6B767F52E79A038F008D6E767F52E7761F00112E
:20242000922552036617761F001092199E185232630B761F02351B2B02586913761F00108E
:202430001A1200006F0E10127FFF761F02352B2B6F08761F00101A120000761F02352B2BB7
:20244000761F001192255004ED24761F02179232520A651A761F00101B1B010E650F921964
:202450009E185232640B761F02351B2E02586918761F00101A1200006F131812BFFF761F03
:2024600002352B2E6F0D761F00101012BFFF6F08761F00101A120000763F02352B2E761FA9
:2024700000104512EE744412EE6A921893195C255D26767F25A259A9761F00107926920BDC
:202480005204ED0992A152026605500056B001A16F02D982761F001192255004ED0E761FF9
:2024900002179232520A6509761F00104E12EF59761F021759326F55761F00119225EC05ED
:2024A000763F00104F12EE1E761F00101B1B01A463081B1B01906209761F02352B126F0550
:2024B000761F023556BF0112763F02359212EC3992A1761F0217541767345200EC3259179C
:2024C0006F3056BF0D49761F0217922F964892309647923196469232964592339644763F74
:2024D000001158255CAD92A1DC895494691A9225520566175CADDC8959946F13D10D761F77
:2024E00002169235761F001096266F0B56BF0D2756BF0D26D10D9216EC042B272B26D000A8
:2024F000761F0010CD120010CC120002FFD3FFC0CAA8ED23761F001192255204ED0A761F06
:2025000002179232520A6505761F00104E12EE15761F00105CAD921B93255D2DDC83767F1F
:2025100027AD88A9761F00104D12EF0A934356B00D4356B000A66F0456BF0D43BC00CDA6CA
:202520000001CC13FFEFFF93CBA9971392A6FFC1CD15FFF78001FF82CAA896155CAD932D65
:20253000DC82921A767F290D88A9763F022D9306EC0D761F02359328533C670856BF0D42C6
:20254000BC00530056B000A16F08761F023556BF3C28761F022D2B06763F0010CDA60001DB
:20255000CC13FFF7FF92CBA9971393A6FFD0CC14FFFD9101FF90CBA9971492A6FFC1CD15E9
:20256000FFFB8001FF81CAA89615FFC18001CD15FBFFFF89CAA896155CAD932DDC81921CAD
:20257000767F29DE88A9761F00104D12EF06934156B00D4156B000A6CDA60001CC13FFFB04
:20258000FF91CBA9971393A6CC14FFFEFFD09101CBA9971492A6FFC1CD15FFFD9001FF8011
:20259000CAA896155CAD9A03DC8376FF06F8761F0010962892A15428690259287927FE8A70
:2025A0008BBE0006D00C00FF6F9E59A57C4C5AA85BA976FF76275CADDC8BF60A24849A0351
:2025B0008F008D7776FF52E79A038F008D7A767F52E79A028E008D71767F52E7761F00106E
:2025C00092115201E804920F5201ED06761F02352B372B3A2B3192A29EA3761F02355004AE
:2025D0006205540456B401056F022B059404934CED062B052B142B372B3A2B319305ED4EAC
:2025E0001BA9FFFB64451BA9FFFB64035200643D520064035205643652056403520A642F05
:2025F000520A6403520F6428520F640352146421521464035219641A52196403521E6413F9
:20260000521E64035223640C5223640352286405522856B30A156F1D56BF09156F1A56BF40
:2026100008156F1756BF07156F1456BF06156F1156BF05156F0E56BF04156F0B56BF031522
:202620006F0856BF02156F0556BF01156F022B1592145415562A06156F525301ED50522336
:20263000634852236303521E6341521E63035219633A521963035214633352146303520F18
:20264000632C520F6303520A6325520A63035205631E5205630352006317500063041BA9A2
:20265000FFFB630F1BA9FFFB63041BA9FFF663061BA9FFF663202B156F1E56BF01156F1BF9
:2026600056BF02156F1856BF03156F1556BF04156F1256BF05156F0F56BF06156F0C56BFDA
:2026700007156F0956BF08156F0656BF09156F0356BF0A1592145015562A0815924CED14AF
:2026800058155CADDC8B5994761F001092075201761F023556B1010792075001ED4192A1B9
:2026900056B101A16F3D2B0792155414ED1F923752B4681C2B379215520A6609520568079B
:2026A0002B3192A1520D672CD9016F2A5201EC05500056B100A16F2492A152016902D9810C
:2026B0009231523C56B700A16F1B92155414EC182B312B375414660E5414671292149E159A
:2026C00054A1670692A19E14941559A96F09D1016F0794A19E1459A9520D56B60DA192159F
:2026D0009614761F0010960A92A1ED09924C5201ED06761F0235923A52B4680A761F0235D2
:2026E000923A52B46806921556B100A16F02D101923A52B456B7B43A92A1C00C00FF6FFAD4
:2026F0000006B2BD59A98E008D749804767F52E7761F0235923452326706CC0300C0FFC524
:20270000FFEF00AB2B344903EE1690029C0254A1650992A1540264032B0D6F2179022B0D73
:202710006F1E0A0D920D5228641A2B0D79021A0300006F1592A198025402650992A1540200
:2027200062032B0D6F0C79022B0D6F090A0D920D522864052B0D79021803FDFF4903EE14A5
:2027300092A152C8650C980093A153D856B401A9CD03FFFC9003CAA896036F15CC03FFFC69
:20274000500296036F1092A152DF600398006F0652D064039A016F029802CD03FFFC8003BE
:20275000CAA896030A0C9303FFC19103800354A8EC099203CD03FFF38003FF81CAA8960385
:202760002B0C0A0F920C523C640B56BF3C0C2B0F9203CD03FFCF8003FF83CAA89603920FF3
:20277000526464199203CD0300308003FFD3980155A96209CC0300309303FFC391039C01A2
:2027800054A863092B0F9203CD03FFCF8003FF83CAA896030A0ECC0300C0CD030030FFC5E9
:20279000FFD355A9630D1B0E04B06413CC030030CD03FF3FFFC3FF85CAA896036F0ACC03EF
:2027A0000030CD03FF3FFFC3FF85CAA896032B0ECC0300C0FFC58BBE0006C00C00FF6F9ED7
:2027B00082A4974C9CF659A9761F00109220767F26F15AA99A038F008D6576FF52E792A206
:2027C000EC395001EC1D5202ED4C761F0217921D964B921E964A921F964992209648761F6A
:2027D0000214922B9647922C9646922D9645922E9644922F9643923096422B416F32761F95
:2027E00002179219964B921A964A921B9649921C9648761F0214922B9647922C9646922DF2
:2027F0009645922E9644922F9643923096422B416F18761F02149227964B9228964A922993
:202800009649922A9648922B9647922C9646922D9645922E9644922F9643923096422B4137
:2028100092A1763F0235540B6205540B56B4010A6F022B0A790B924CED042B0A56BF0808FC
:20282000920AED5B92A1645052006403527864495278600352B4644252B4600352F0643B7A
:2028300052F064041BA1012C64331BA1012C60041BA1017C642A1BA1017C64041BA101AE3E
:2028400064211BA101AE64041BA101D664181BA101D660041BA101FE640F1BA101FE6404C9
:202850001BA1021C64061BA1021C64202B096F1E56BF01096F1B56BF02096F1856BF030994
:202860006F1556BF04096F1256BF05096F0F56BF06096F0C56BF07096F0956BF00096F06C1
:2028700056BF09096F0356BF0A0992085409562A0809920996086F5E5201ED5C1BA102128D
:2028800063521BA101F464041BA1021264491BA101CC64041BA101F464401BA101A46404DE
:202890001BA101CC64371BA1017264041BA101A4642E1BA1012264041BA10172642592A148
:2028A00052E660041BA10122641C52AA640352E66415526E640352AA640E1BA1FFEC60036A
:2028B000526E64061BA1FFEC56B40A096F1D56BF09096F1A56BF00096F1756BF07096F1492
:2028C00056BF06096F1156BF05096F0E56BF04096F0B56BF03096F0856BF02096F0556BFD7
:2028D00001096F022B0992085409562A06099209960858095CADDC8B929496C3761F001085
:2028E000CD160002CC170002FFD0FFC0CAA8E80856BF0DC3761F02352B259A006F1B92C3A4
:2028F000ED10761F023592255205680556BF05259A046F109801761F0010932D97C36F0A57
:202900009B00922654C356B601A892A8761F02352B25D00C00FF6FFA000600FF6F9A82A4CA
:202910005AA859A99A038F008D62767F52E79A038F008D5F767F52E7761F00110100EF0975
:20292000761F02352B2256BF0DC39A00FFEF00B5763F001092115001EC06920F5201EC03CE
:202930009225ED05761F02352B222B1F761F02152D2A350A08A9FD8054A1FFE2008E763FF2
:20294000023590005204EC79350A08A9FD8054A16253761F02152D28350A08A9FD8054A17B
:20295000654B761F023592005202EC092B1F92A2500169039CFF6F029A0196062B22761FB0
:2029600002152D29350A08A9FD8054A162152D28350A08A9FD8054A1650F761F0235921F69
:20297000523C68232B1F92A2520169039CFF6F029A0196066F1A2D2A350A08A9FD8054A16C
:2029800062142D29350A08A9FD8054A1650E761F0235921F521E68092B1F92A252016903FB
:202990009CFF6F029A019606761F0235920696C356BF02006F3E761F02152D28350A08A972
:2029A000FD8054A162122D27350A08A9FD8054A1650C763F02352B222B1F92A256B101A2A9
:2029B0007AC356BF01006F25761F02352B222B1F56BF0DC32B006F1D2B1F2B222BC3761F07
:2029C00002152D27350A08A9FD8054A16312763F02352B006F0E761F02352B1F9222520AFB
:2029D00067037AC36F0656BF0A222BC356BF0000761F0235920000FF6FF6000600FF6F9AB7
:2029E00082A45AA959A8761F0010CD160004CC170004FFD1FFC1CAA8EC0656BF0DC39800C9
:2029F000FFEF00FC9A038F008D5676FF52E79A038F008D59767F52E79A038F008D5C767FD6
:202A000052E7761F001092115201EC06920F5201EC039225ED06761F02352B162B192B1CCB
:202A1000761F02152D2B350A08A9FD8054A2FFE500C1761F02359213520456C100AB761F7C
:202A200002152D2D350A08A9FD8054A262522D2B350A08A9FD8054A2654C763F0235921311
:202A30005202EC092B1992A1520169039CFF6F02980194012B1C2B16761F02152D2C350A01
:202A400008A9FD8054A262152D2B350A08A9FD8054A2650F761F02359219521E68232B19F6
:202A500092A1520169039CFF6F029A0196016F1A2D2D350A08A9FD8054A262142D2C350AE2
:202A600008A9FD8054A2650E761F02359219523C68092B1992A1520169039CFF6F029A016C
:202A70009401761F0235920196C356BF02136F6F2D2F350A08A9FD8054A262422D2D350AF5
:202A800008A9FD8054A2653C761F02352B162B1992A1EC30761F02152D2E350A08A9FD805D
:202A900054A26423761F0235921C523C670F92109EA15201ED0792115001ED04921096C323
:202AA0006F1C791079C32B116F182B1C92A1520D6704980194A16F029A0D96C37600C5A3A2
:202AB000241056BF01116F0979C3761F02352B1C6F042B1C56BF01C356BF01136F28761FFC
:202AC00002352B162B192B1C56BF0DC32B136F3F2B1C2B192B162BC3763F02152D2F350A01
:202AD00008A9FD8054A26513761F02352B136F0F761F02352B192B1C9216520A670379C3C1
:202AE0006F0656BF0A162BC356BF0413761F023592135001E8022B1000FF6FF600068F3FF3
:202AF000C000763F0232A002761F02328F007FFFA81828AAFFFF28AB0001A91A28AA7FFF2E
:202B000028ABFFFF761F0232A91C00001E1E28AA000028AB0001A92019011E22763F022674
:202B100056BF492A56BF562956BF452C761F022728151F4028250190761F022B56BFE71CF1
:202B2000761F022756BFA31F761F000D28167FFF28178001761F022656BF4D1356BF451244
:202B300056BF471528AA3FFF28ABFFFF761F000FA92C28AA800028AB0001761F000FA92A1D
:202B4000761F000F28070000761F000F28098000761F000F28113FFF761F000F28138001D2
:202B5000761F022656BF540E56BF441156BF5210763F000F2B12761F02312B04761F023190
:202B60002B11761F023128290000761F022656BF4D0356BF450256BF4504761F000C281546
:202B70001838761F000C28140A92761F0227282204E2761F000C2B24761F000C2B1A761F23
:202B800002312B3D761F0231282B8000761F02262B1A0006FE04FFEF0390761F000C181AA1
:202B9000FFEF181AFFF3761F000C1A2400001A240004761F02262B09923B761F02299633AB
:202BA000761F0226923D761F02299632767F5707767F5729761F000C9203761F02319602A3
:202BB000761F02270628763F000F1E1C763F022802001E3E761F02262B252B28761F0228BF
:202BC000063E761F000C1E32761F000C0E03761F0229F60F1F28761F02269627761F000CE7
:202BD0003B0156030F0F761F000C1E3A761F000C56030F0E763F000C1E3C761F022756BF34
:202BE00003060632761F02281E16761F02272B05761F02262B142B0B2B0D761F022800008A
:202BF0001E061E101E0C761F02272B212B1B761F02262B162B18761F02271E30761F0226EF
:202C00002B012B002B1F2B3CFFEF03200632761F02288F0001F403160FA46915761F022619
:202C10009209ED1156BF0109920A761F02299633761F0226923E761F02299632767F57075F
:202C2000767F5729761F02268837761F02270632761F022803160FA66906761F022792055C
:202C300056B10105761F022706328F0001F4761F022803160FA4690D761F02269214ED09A3
:202C400056BF0114761F02270632761F02281E14761F022706328E003A98761F0228031635
:202C50000FA46906761F0226920B56B1010B761F022706328E0002BC761F022803160FA408
:202C60006906761F0226920D56B1010D761F000C1A1A0020761F0228063E761F000C1E328B
:202C7000761F000F0626761F0227FF569718763F02269214500156C0008A761F023206145B
:202C8000761F0232030A761F02320308761F02281E12761F02270E1D1E442B422B410E3F2A
:202C9000761F02281EAC560500125663001200FF6FC728AC001C562CA9083B010608FF3D85
:202CA0000306FF4D560100060606FF4D1E10761F02271B1B00006711761F000F0626761F0B
:202CB000000C0332FF56761F0228FF4F5601000C763F02270A1B6F14761F02282901060C7D
:202CC000761F0227FF4E9621761F022656BF0118761F022800001E0C761F02272B1B063222
:202CD000761F02288F00271003140FA46909761F02269216ED059218520156B10116761F1C
:202CE000022692165201ED2228A93333761F000F28A813330F266312763F02271B211000DD
:202CF000761F020156B608320232761F02280F10761F020156B208326F09761F02271B2188
:202D00000999761F000156B60832761F022692195201ED36921AED34920D5001ED319000EC
:202D1000961F9227FFC79400921F5000EC290A013B01761F000C851E761F022756010030F5
:202D2000761F02261B010000ED1B761F02270630761F0226562F073C56BF020D761F022757
:202D300000001E30761F02262B012A002B1F56BF011A9222543C761F000156B41032763FCD
:202D400002269227FFC796268F0000808F4000800E26FF30560100A40E26FF30560100A5F5
:202D5000761F02323B01061603C5FF43560100C4761F0226C62896329AC0942890FF96353A
:202D60005603013296319A809431962F8F0000800E32FF30560100A4761F022706C41E2617
:202D7000761F02268F0000800E35FF30560100A4761F022806C41E24763F02260E31761F8E
:202D800002328A02FF30560100A4761F022706C41E36761F02260E2F761F02328A02FF30EF
:202D9000560100A4761F022706C41E2A8736763F02285605002456630024761F0227A9A455
:202DA00083A9872A560500265663002628AC001E565700A4564000A5562CA93A87365605DB
:202DB000002656630026A9A483A9872A761F0228560500245663002428AC001E761F022709
:202DC000565D00A4565400A5562CA938761F02260A28761F0227063A761F0228032CFF4DC3
:202DD0005601002C761F02270638761F02280322FF4D56010022062C0318FF4D56010018B3
:202DE00006220326FF4D5601002687265605002656630026A9A483A9871856050018566368
:202DF000001828AC0020565700A4761F0229564000A5562CA9000600767F7B4F761F0226BE
:202E0000961C761F0227920B960D9219541868049213960D6F185418671492205418681132
:202E10009E1988A9931892129E139F192DA837A90000F61F561700A692AB9413960D6F032C
:202E20009212960D8736761F02285605002656630026761F0227A9A483A9872A761F0228C8
:202E3000560500185663001828AC001E761F0227565D00A4565400A5562CA92E3B01761FBE
:202E400002280618FF4F88A90626FF4F93A992A6767F7B68761F02271E2C2901062C761FEC
:202E50000226FF4E962E761F0227920A5202ED218F00FFFF0200BEC8A8AC56650034761F80
:202E600002268F002710F61F561700A60E05761F02271EAC566500AB0200F61F561700A413
:202E70003F039203761F0226942E96259427962D3B01761F000F2504763F0227033CFF4D41
:202E80005601003C063CFF4F960285A9FF569608BE64290156030E09FF5A0200F61F5617BD
:202E900000A63F0C920C540868069208761F022696306F0E1B080000620828A900009E082B
:202EA000761F022696306F04761F02262B30761F0227920A5202ED30761F02269217761F3E
:202EB000022754186008761F02269230761F022796006F235418671E921C5418681B3B01D6
:202EC000761F02268530761F02271EA6921C9E180EA91EAC921C566500A6761F02269E1798
:202ED000761F022788A90000F63F561700A63F006F042B006F022B00761F0226922D767FC1
:202EE0005384763F02273B012D00761F022812A9FF4E1E2A761F0227020A1E420E0D761FCB
:202EF00002281EAC5644002A00FF6EB4761F02269621761F0227920A5002ED16761F022609
:202F000092245201ED11761F022790055201ED0C761F000C1A260001761F02269221761F24
:202F1000000F960B6F12761F000C1826FFFE761F000F2B0B6F0A761F0227920656C1FC6F69
:202F2000500356C1FCE56F01FE840006FE02761F0226922B56C101AD2B332B2BFFEF01A9C3
:202F3000761F000C1A250000761F000C1A1A0010761F022656BF0133FFEF01AF761F02275A
:202F4000920F5201ED46761F000C1A1A0001761F000C1A240002761F000C1A1A00041A1A86
:202F50000008763F022656BF0136761F02270E1D1E420E0EFF3D00FF6EB4761F000C962116
:202F6000761F000C2B1E761F000F0626761F02281E1CC41C3B0128AC0012761F023106A628
:202F7000FF4C562207A6881FFF4D763F02281EAC564400A65601001A061A761F000C970329
:202F8000761F0228061C761F000C1E32FFEF016592235201ED25761F000C1A1A0001761F86
:202F9000000C1A240002761F000C1A1A00041A1A0008761F000C2B03763F02262B36761F1E
:202FA00002270E1D1E420E24FF3D00FF6EB4761F000C9621761F000C2B1EFFEF013E761FCA
:202FB000000C1A240002761F000C1A1A00041A1A0008761F000C2B1E761F000C2B21763F14
:202FC000000C2B05761F000C2B06761F022802001E3C1E3E761F02312B00761F02281E3A62
:202FD000761F000C2B03761F02262B36761F000C1E32761F000C4C25EF091825FFDF761F49
:202FE00002312B24761F02312B1C761F02270632763F02281E16761F022656BF0233FFEF42
:202FF00000FC761F000C2B1E761F000C2803D555761F02279211761F000C542165140821CC
:203000000004761F02262B230200761F02281E00763F02271E3E761F02281E04761F0226EA
:203010002B206F6D9621761F02278F0001F40632761F022803160FA46962761F0226922083
:20302000ED5E922352FF665B0A233B01761F022A8511FF56761F022885A956010000761F90
:20303000022A8509FF56761F022785A95401003E761F022A850AFF56761F022885A9560109
:203040000004761F02261B230100ED3956BF0120761F02280400761F0227562F0714063EAF
:20305000562F0717761F02280404761F0227562F071692145264763F000156B409326412C9
:20306000761F022792175264761F000156B409326409761F022792165264761F020156B42D
:2030700009320200761F02281E00761F02271E3E761F02281E04761F02262B23761F022762
:2030800006328F000640761F022803160FA46964761F022656BF0333761F02270632761F38
:2030900002281E166F59761F02279211761F000C9621761F000C2B1E761F000C280380000B
:2030A000761F02278F0003200632761F022803160FA46942761F022656BF0533761F000C87
:2030B0002B21761F000C2B1E761F02270632761F02281E166F31761F0227BE050632763FD3
:2030C000022803160FA6761F022656B605336F2456BF01362B3356BF012B8F3F2B8A761F61
:2030D0000228A80E6F192B3356BF012B6F1592335203620D5203ECB8500056C1FE535201C8
:2030E00056C1FE5E520256C1FF0E6FEE5004ECD45205ECDF6FE9FE820006761F0228C50EE2
:2030F0003E670006FE0296416F2D8F3F2F26761F0228A80E761F02262B08761F000C18253C
:20310000EFFF761F022656BF012B6F218F3F3148761F0228A80E761F000C1825FFDF761F26
:20311000022656BF012B2B36761F000C2B25761F000C2B24761F000C2B1A763F02272B06FF
:203120006F065000ECE45201ECD16F01FE8200068F3F3148761F0228A80E761F02262B0848
:20313000761F02312B1C761F000C2B25761F000C2B24763F000C2B1A0000761F02281E3C70
:203140001E3E761F02312A00761F02281E3A0006761F02262B330000761F02281E2C1E22A0
:203150001E181E26761F02272B021E3C761F02262B362B24761F02272B01761F02262B3928
:20316000761F02281E200006767F7A73761F02269213524DED0992125245ED069215524705
:20317000ED03767F79A5761F02269203524DED1292025245ED0F92045245ED0C920E5254B9
:20318000ED0992115244ED0692105252ED03767F7655761F0226922A5249ED0992295256AA
:20319000ED06922C5245ED03767F63970006761F023308020006B2BDAABDFC02761F02337A
:2031A0005A2592A294265AA9767F66BAD0001BA10000670A8F00840092A2949C5AA9D90139
:2031B0001BA1020068F892A2FF5E9C0190FF763F0233543AEC039A016F55D1001BA10000D1
:2031C00067208F008500929C9642D00192A172A092949641D50293A19A505CADDC82767FEA
:2031D0006B2F5200EC039A026F3D767F66BA8F01869EA8A976408027D9021BA1010068E263
:2031E000D1001BA1010067258D00010092A18F00850072A0929496428D00010192A172A0FC
:2031F00092949641D50293A19A515CADDC82767F6B2F5200EC039A036F15767F66BA8F01CF
:20320000869EA8A976400027D9021BA1010068DD767F5A1F5200EC05767F66BA9A006F02AE
:203210009A04FE8286BE8BBE0006761F02339200ED0D76FF3328761F02339204EC612B04EB
:2032200056BF01002B022B0B00065201ED5976FF3280761F02339201ED1C761F022D92157E
:20323000ED06761F02331B0207D066085000EC48761F02331B023A9869432A009203523C29
:203240006806761F00101A16001000060A030006920BED2792029609761F022D9215520160
:20325000EC15C00092A05218670B8F008CE492948F008D009694D00192A0521868F7767F63
:2032600035A4761F0233960A6F0A767F319B761F022D7215761F023356BF010A56BF010B7B
:20327000920AEC062B03761F00101816FFEF761F023392099C32540266032B012A00000673
:20328000761F0233920156C000A4761F022C921356C1009F2B13761F023392065217620A84
:203290005217EC365000EC7D5001EC6D5202EC536F081BA9020356C100851BA90204EC1EED
:2032A000761F022D9215ED0C761F023358068F008CE40A06761F022C921696940006761F43
:2032B000023358068F008500761F022C9216D8839694761F02330A0600062B06761F022C93
:2032C00092165288761F023356B101010006761F022D92155201EC11761F023358068F0021
:2032D0008CE4761F022C92169694761F02332B06528856B101010006761F023358068E003F
:2032E0008500761F022C9216D8839694761F02330A06000658060A068F008CE4763F022C29
:2032F00092169694761F0233922552E3ED319226523EED2E761F00102B0E761F022D56BFFE
:203300000115000658060A068F008CE4761F022C9216969452FA761F023356B10106000665
:20331000761F022C921652FAED13761F023358068F008CE40A06761F022C92169694000614
:20332000761F022C9216761F0233963A0A060006B2BD761F0233920556C00222761F022DA4
:20333000921252EE56C10214761F02332B0756BFAF0C761F022D921556C001D9761F022D81
:203340001B1355AA56C101CA761F022D9205520256C10164520356C10149761F022D921215
:2033500052EAED039AEA6F029A01761F0233960D56BF130E761F00104412EF57761F0233F3
:203360009208EC4E5201EC435202EC385203EC2D5204EC225205EC165206EC0B5207ED4976
:20337000761F0217923E761F0233960F2B086F41761F022DC600761F0233960F56BF070850
:203380006F38761F022D9000761F0233FFC7960F56BF06086F2E763F02149203761F023313
:20339000960F56BF05086F25761F02149002761F0233960F56BF04086F1C761F021492012C
:2033A000761F0233960F56BF03086F13761F00109206763F0233960F56BF02086F0A56BF83
:2033B000DD0F56BF01086F059206761F0233960F761F00105603053F9339EC025010933059
:2033C0005303ED024008930E9107CAA8761F02339610761F0010922A761F02339611761FDE
:2033D0000010922E761F02339612767F14B4761F02339613761F00109B0A921C00FF6F06FF
:2033E000761F02339B4095A99714761F00109B0A921B00FF6F06763F02339B4095A9971525
:2033F000763F00109B0A921D00FF6F06761F02339B4095A9971656BF4C17761F00109223CE
:20340000761F0233FFC09618761F00109221761F0233FFC09619763F00109222761F0233A2
:20341000FFC0961A2B1B761F001092305203EC034B12EF06BE0A0E35F60F1FA66F03CC33A4
:203420000003761F0233961C9A00761F0010933AEC0250014112EF0240024412EF025004A1
:203430004012EF025008761F022D9303ED0240105040761F0233961D761F0010921F761F50
:2034400002339C40961E761F00109220763F0233FFC0961F9A00761F00104513EF02500119
:20345000CD130040FFD588A8CD140008FFD2CBA6E8024002CD130100FFD788A8CD14001009
:20346000FFD3CBA6EC024004CD130000FFD888A8CD140020FFD4CBA6E8024008CD13008019
:20347000FFD688A8CD140004FFD1CBA6E8024010CD130004FFD188A893149101CBA6EC025B
:203480005020CD130008FFD288A8CD140002FFD0CBA6EC0250404413EF025080761F023350
:2034900096202B21FFEF009F761F023356BF520D56BF130E761F02139202761F0233FFC74B
:2034A000960F761F0213C602761F02339610761F022D2B05FFEF0087761F023356BF540DDC
:2034B00056BF130EC00092A05205670D8E008B80D103939472A18F008CCC979CD80192A03D
:2034C000520568F5761F00109206763F02339614763F02149001761F02339615761F0214EB
:2034D0009202761F02339616763F00109230761F02339617761F02149203EC05761F0233D9
:2034E0001A170008761F02179212EC05761F02331A170010761F022D9000761F0233FFC761
:2034F0009618763F022DC400761F02339619761F0217923E761F0233961A56BF0C1B56BFA4
:20350000151C56BF061D56BF171E2B1F2B202B21761F022D2B056F26761F023356BFE50DBD
:2035100056BF130E56BF020F6F1D761F023356BFE30D56BF130E761F022D9215761F023379
:20352000960F761F022D2B15761F022D9200761F0233FFC79610761F022DC400763F0233E4
:2035300096119800C00193A0531667088E008CCC9494D00193A0531668FAFF5E761F02336C
:203540009C0190FF962256BF88236F09761F023356BF0107761F022D56BFEC12761F0233C7
:2035500092075201EC2492055218600C761F022C92115201ED48761F02332B0556BF0104F0
:203560006F42761F022C92115201ED3D761F023358058F008CCC761F022C92949612763F63
:20357000022C2B11761F02330A056F2D761F02149202761F02339C0654056611761F022C1E
:2035800092115201ED20761F02332B0556BF01042B07761F022D56BFEC126F15761F022CC4
:2035900092115201ED10761F023358058F008500761F022C92949612761F022C2B11761FC8
:2035A00002330A058BBE00069800D00193A0531667088F008D009494D00193A0531668FAF1
:2035B000FF5E980190FF761F02345416EC0398000006761F022D2B05761F023492015258B8
:2035C00056C101AD52EAED0D761F022D56BFEA14761F02349203761F022D96179A010006A7
:2035D00052EEED0D761F022D56BFA214761F02349203763F022D96169A01000652E5ED0D50
:2035E00092035201ED0A761F00102B0E763F022D281355AA9A01000692015253ED07761F8E
:2035F000022D56BF02059A0100065251ED07761F022D56BF03059A010006761F0010CD1232
:20360000FFF7761F0234CC040040FFC5761F0010FF82CAA89612920E5001ED07761F023425
:20361000C8040010FFC36F029A00761F00109001CD12DFFFFF8CCAA89612920E5207EC086C
:20362000761F02349004763F00109007960E761F0234440DEF062D06350A08A9FD856F0501
:203630002D06350A08A9FD80761F001096189B0A761F0234920800FF600288A92D07350A78
:20364000761F001008A9FD8094A69619761F02342D09761F0010350A08A9FD80961A761F56
:203650000234920A761F0010900F963C761F02342D0B761F0010350A963D761F0234920C4F
:2036600056C10094761F0010920E520756C1008E761F0234180C000F920C5001EC7B5203B3
:20367000EC6E5004EC635205EC565206EC485207EC3B5209EC2E520BEC23520CEC15520DF9
:20368000EC08761F00101812FFDF1812FE3F6F73761F001056BF030E1A120020CC12FE3F0E
:2036900050C096126F68761F001056BF030E1A120020CC12FE3F1AA9010096126F5C761F8D
:2036A000001056BF030E1A1200201812FE3F6F53761F001056BF030E1A120020CC12FE3F2D
:2036B000504096126F48763F001056BF030E1A120020CC12FE3F408096126F3D761F001000
:2036C00056BF010E1A120020CC12FE3F1AA9014096126F31761F001056BF010E1A120020FE
:2036D000CC12FE3F50C096126F26761F001056BF010E1A1200201812FE3F6F1D761F0010C5
:2036E00056BF010E1A120020CC12FE3F504096126F12761F001056BF010E1A120020CC1293
:2036F000FE3F508096126F07761F00101812FFDF1812FE3F4512EF07761F02349205761F37
:203700000010962ACD12FFEF763F0234CC0D0008FFC2761F0010FF83CAA89612761F023473
:20371000920EEC395218EC315219EC29521AEC21521BEC19521CEC11521DEC09521EED2E88
:20372000761F00112B001A0000106F28761F00112B00180000086F22761F00112B0018008C
:2037300000046F1C761F00112B00180000026F16761F00112B001A0000206F10761F00114A
:203740002B00180000016F0A761F00112B00180000406F04761F00112B00761F0234920FD3
:20375000761F00119621761F02349210761F00119622761F02349211761F00119623761FCF
:2037600002349212761F00119624761F02349213761F001196259A010006763F001056BFC3
:20377000070E1A120000761F02349206EC0A5201ED0E761F0011CC20FFF1400496206F075F
:20378000761F0011CC20FFF150029620761F0011CC2000E0CD20000EFFC4FFD055A9ED0AAB
:203790001820FFFE761F02349205761F0010962A6F061A200001761F00102B2A761F0234A8
:2037A00092075205ED1B761F00111A200100761F02342D0A350A761F00109634761F0234B5
:2037B0005603010B761F022D960C761F0234CC0D0020761F0010FFC496379A010006B2BD25
:2037C00059A9761F00104316EE079207EC0592A8767F37E46F05761F00112B079A0093A106
:2037D000761F0011950759A8550964055508650459086F0259095200EC0592A154036302A3
:2037E000590392A18BBE0006B2BDFE0259A98F00896F9A0376FF52E79A048F00896C767F91
:2037F00052E7761F022592A154286205542856B401266F022B267928761F00109207ED056E
:20380000761F02252B262B1A761F02259226ED25761F021A2D15350A54A162162D14350AB1
:2038100054A165052D15350A54A165092D14350A54A1761F022556B5021B6F09761F0225C8
:2038200056BF011B6F04761F02252B1B921B541A672F921A961B6F2C5201ED2A763F021AFE
:203830002D14350A9CF654A16518350A9CF654A165062D15350A9CF654A1650A2D15350ACB
:203840009CF654A1650E761F02252B1B6F0A761F022556BF011B6F05761F022556BF021BA4
:20385000761F0225921B541A6903921A961B921B961A541DEC071B2C0BB868052B2C961D76
:203860006F022B2C921D5202ED26922F523C68242B2F0264763F021A2D141E42350A2DA150
:2038700074AC92AC9C0A2DA9121600FF6EB4761F00117207761F021A56030117761F00112E
:203880005407630A761F021A56030117761F001196076F022B2F763F0225921DFE828BBEDC
:203890000006D00200FF6F9E8EA42DA559A85AA9761F0010881B920E5203EC59020A763FE9
:2038A000021A1E42121100FF6EB42D12310A93AB95A927A892A69B0A00FF6F069E0C2DA9B2
:2038B000121372AB92A29B0A9EAB00FF6F0688A93B0185A9FF565205640392076F042D0732
:2038C0003503FFA054C0FFE600AB2BC092059CF654A6641B92069CF654A6FFE500A1020A2B
:2038D0002D061E4292A674AC92AC9CF62DA9120400FF6EB4540A6205540B6304920B6F0277
:2038E000920A74A1FFEF008C020A1E4292A69E059C0A2DA9120300FF6EB4540A6205540B80
:2038F0006304920B6F02920A72A16F79020A761F021A1E42123000FF6EB43B012D31310A57
:2039000081AB82A99B0A92A600FF6F063B019E2B2DA9A2A9333281AB82A9020A1E42A2A966
:2039100000FF6EB427A9763F0010923C52056905761F021A93336F105205ED05761F021A5E
:2039200093346F0A5204ED05761F021A93356F04761F021A933692AB94A827A99B0A92A277
:2039300000FF6F069EAB88A93B0185A9FF565205640392266F042D263503FFA054C0662F0E
:203940002BC092249CF654A6641992259CF654A66526020A2D251E4292A674AC92AC9CF609
:203950002DA9122300FF6EB454296205542A6304922A6F02922974A16F12020A1E4292A640
:203960009E249C0A2DA9122200FF6EB454296205542A6304922A6F02922972A192A1761F28
:203970000011540A6209920BFF5C54A16506920BFF5C59A96F02590A92A1C00200FF6FFADA
:203980000006FE0258A8761F0010930E5303EC2E9B0A00FF6F06761F021A9E0C88A93B018A
:203990002D0C35642DA685A9330E1E4292A085A91EAC564400AB00FF6EB42DA05DA9020A34
:2039A0001E42120D00FF6EB49EA55CA9020A2DA61E42121000FF6EB488A95603010F93A9C7
:2039B00092A695A494A89C9C6F2D9B0A00FF6F06761F021A9E2B88A93B012D2B35642DA6B2
:2039C00085A9332D1E4292A085A91EAC564400AB00FF6EB42DA05DA9020A1E42122C00FFED
:2039D0006EB49EA55CA9020A2DA61E42122F00FF6EB488A95603012E93A992A695A494A82A
:2039E0009C9CFE82000688A9761F0225541CED04931856C001195203EC07931C5303EC04A3
:2039F000931856C00111520356C10089761F021A56030100761F00119604761F021A56039A
:203A00000101761F00119608761F021A56030102761F00119609761F021A9208763F0011FD
:203A1000960A761F021A9209761F0011960B761F021A920A761F0011960C761F021A920B80
:203A2000761F0011960D761F021B5603010D761F0011960F761F021B5603010F761F001118
:203A30009610761F021B5603010B761F00119611761F021A5603013E763F00119612761F20
:203A4000021A5603013F761F00119613761F021B56030100761F00119614761F021B5603FB
:203A50000101761F00119615761F021B56030107761F00119617761F021B5403010E761FF0
:203A60000011960E763F021B56030106761F00119616761F021B56030109761F00119618A4
:203A7000763F021B5603010A763F00119619761F022556BF0118FFEF0087761F021A560322
:203A8000011F763F00119604761F021A56030120761F00119608761F021A56030121761F76
:203A900000119609761F021A9227761F0011960A761F021A9228761F0011960B761F021A53
:203AA0009229761F0011960C761F021A922A761F0011960D761F021B5603010D763F00116E
:203AB000960F761F021B5603010F761F00119610761F021B5603010C761F00119611761FF0
:203AC000021B56030102761F00119612761F021B56030103761F00119613761F021B5603B6
:203AD0000104761F00119614763F021B56030105761F00119615763F021B56030108761F36
:203AE00000119617761F021B5603010E761F0011960E761F021B56030106761F0011961640
:203AF000761F021B56030109761F00119618761F021B5603010A761F00119619761F022526
:203B000056BF01187E1C0006B2BDAABD5AA9D0008F0089789A02767F52E7761F0010922578
:203B10005201EC06761F0225922496386F07761F022556BF01199238962492A25201ED17A0
:203B2000921EED1592195201ED12761F0010920D5201EC035002ED0B763F02251B3805A032
:203B300056B902A16904D1012B382B24761F02257A1E92A186BE8BBE00069A038E00897292
:203B4000767F52E79A038E008969767F52E79A048F008975767F52E7761F00109225761FA2
:203B5000022556B00120761F001002780F02600402AA0F046835761F02259220EC31027812
:203B6000761F00100F02670AFF2001A40F0268069226EC04920D5202ED1EFF2001A40F0260
:203B700067069226EC04920D5002ED1002050F0469039225EC069226E804920D5002ED146D
:203B8000761F022556BF04236F0F761F022556BF03236F0A761F022556BF02236F05761F40
:203B9000022556BF0123761F00109207ED04761F00112B06761F022592235002EC035003AA
:203BA000ED08761F0010922C761F0225542567022B329223500156C100955202EC64500309
:203BB000EC1B520456C00095023C761F00100F046905761F001192036F0B02780F046905D9
:203BC000761F001192086F04761F00119204761F022596276F7D9232520569142B32761F07
:203BD0000010932C921B767F3981761F0011960592085405640692095405562A02056F0220
:203BE0009605761F0010922C763F02255425EC022B29761F0010CD160008CC160002FFD2EB
:203BF000FFC0CAA8ED18761F02251B3503E868502B35761F00108F0089695D2C921D761F7D
:203C00000011930676FF389196069405761F022596276F3E761F00112B069204761F022538
:203C100096276F36761F00104116EE1E761F02259232520569222B32761F0010932C921B5A
:203C2000767F3981761F0011960592085405640692095405562A02056F0296059205761F84
:203C3000022596276F0A761F02252B32763F00119204761F02259627761F00112B066F08DB
:203C4000761F00112B069204761F02259627761F00119208761F02255427640A761F0011F3
:203C50009209761F02255427562A02276F029627763F0010922C761F0225962592270006F2
:203C6000BE00761F00104012EE0E761F0225931F5301ED09761F0010930E5303761F022583
:203C700056B10122761F022593225301ED080278761F00100F0256B701A66704763F022525
:203C80002B22761F0010930E5303EC069325ED04761F02252B22761F00109312763F022571
:203C90009101971F92A60006761F0010920E767F39E3761F001092105001EC365202EC2D11
:203CA000500056C000810012EE194112EE10767F3C605000ED05767F3B3D96216F15761FA3
:203CB00000119004761F022596216F0E761F00119210761F022596216F07761F0011920FE7
:203CC000761F02259621761F0010931D767F37BF761F022596216F57761F00119211761F1A
:203CD000022596216F50CC1201C0EC3DCC1201C0FFC55201EC31CC1201C0FFC55202EC25D4
:203CE000CC1201C0FFC55203EC19CC1201C0FFC55204EC0DCC1201C0FFC55205ED2A761FEF
:203CF00000119211761F022596216F23761F00119216761F022596216F1C761F0011921562
:203D0000761F022596216F15761F00119212761F022596216F0E761F00119213761F02256B
:203D100096216F07761F00119214761F02259621761F00104012EF07761F0011920F761FDE
:203D200002259621761F0010920776FF3B045201EC075202761F001156B1011F6F05763F23
:203D3000001156BF011E921AED07761F02259221763F001196030006761F021C461AEF10A8
:203D4000181AFFBF76FF3D5B76FF3E5776FF3E6D761F021C0A089208521E60022B08920B3B
:203D50009B6600FF6002960C0626562F0507063A562F05090006FC02761F0010920E52071D
:203D6000EC1A4512EE18761F0216923B761F022D9CF65404630C761F0216923B761F022D0B
:203D70005004761F021C56B501116F1B761F021C2B116F17763F02169238761F022D9CFB1E
:203D80005404630C761F02169238761F022D5404761F021C56B501116F04761F021C2B1197
:203D90003B01761F023E8533761F02201E3C761F021C8E0080000E08761F0220FF30540127
:203DA00000A4063C761F021C072A03C41E2A0E088F008000761F0220FF30560100A4063CE2
:203DB0001EC4761F023E2B33761F023F062A761F021E1E3C761F021C8F0087800E08763FB5
:203DC000021EFF30560100A4063C761F021C072E03C41E2E8F0087800E08761F021EFF30CC
:203DD000560100A4063C1EC4761F021C021E1E42062E00FF6EB4FF35767F7E128F0020E1E3
:203DE000FF33A842767F7D89761F021C8F03DA5E062AA842FF3976FF7D898F0005A8A8423C
:203DF000767F7D89761F021CFF1B00051E262901FF20C0000F26640300001E2692145203BE
:203E000068398E0005A88726560500A4566300A456899211EC078F05B000A8A9566100AB51
:203E1000FF5AA91C761F00109312761F0011FFDA9220FFC7CEA840A9EE06761F022D920288
:203E20005201ED093B01761F022D56030A0C763F021C1E1C8F05E000761F021CA8A90F1C1A
:203E300064088F03E000A8A90F1C6504A81C6F02A81C8F010000A8A90F26621387263B0142
:203E400056050026566300265689A9A9FF491E42FF2F200000FF6EB4761F023E1E1C6F0636
:203E50008E00CCCD761F023EA81CFE820006FE023B01761F023E56030A1B8F00208BA84259
:203E6000767F7D891EAC761F021C56050024566300245689A928FE820006FC04761F021C85
:203E70000628761F021F1E3C761F021C8E0087C00E08761F021FFF30560100A4063C761F9F
:203E8000021C072C03C41E2C0E088F0087C0761F021FFF30560100A4063C1EC4761F021C1D
:203E90008F007000A842062C767F7D891E44761F021C8E0001330644033AFF560FA463141F
:203EA0008E0003CD873A560500A4566300A487445689A9A60233560500A9566300A9568914
:203EB000565700A6A9448F00E0008F47C000A842A0A95CADDC84767F3EC30644761F021C1E
:203EC0001E3AFE840006C4440FC4650606A60FC46004828400061EC40006761F021C92148C
:203ED0005206680B763F023F9206522868062B06767F3E00767F3EE7761F021C9214EC07C7
:203EE000401AEF05181AFFFE767F3F190006763F021C87325605001E5663001E5689A9A6E8
:203EF0008E00208B3B01A8AC566300A6560500A65689A9A9FF491EA6761F023E7E080006EB
:203F0000761F021C0620FF0900010F1E620E8E000200A8A907200F1E600406201E1E000621
:203F1000A8A95641001E0006FF2002005401001E0006763F021C061C1E200006761F021CFF
:203F2000411AEF15181AFFFD767F3F379A019B0A767F3FA99A0A9B0A767F3FD09A149B14C2
:203F3000767F3F51767F4027767F428C0006761F021C9203CD0AFBFF8001FF89CAA8960A93
:203F40004A0AEE0D0A1592155214680A2B157622763F01BF1A1C0010761A6F022B15FF6938
:203F50000006763F023F92335201ED53A3308F0003200000761F021CF61F561700A4A938BE
:203F6000063876FF7DD0761F021C1E388F00155F87382901560500A4566300A48F00052834
:203F7000568BA9A9FF331EAC566300A4560500A48F00E00056AFFF451EA61E38A8A90FA6CE
:203F80006602A83858068F0087480630019407381E30923896940630FF44960B0A0692060F
:203F9000522068022B060000761F023F1E302B33761F021C1B0B280067081B0B2000761F37
:203FA000023E56B904390006761F023E56BF03390006FE025DA888A9761F021C480AEE1109
:203FB0008F060000063A5DA6A8428F008717767F40695000EC14761F021C1A0A01006F0FBE
:203FC0008F062800063AA8428F008717767F40785000EC05761F021C180AFEFFFE82000687
:203FD000B2BDAABDFE0259A85AA9761F021C921452026823450AEE118F01800006265DA236
:203FE000A8428F00870E76FF40785200EC18761F021C1A0A00206F138F01B00006265DA14D
:203FF000A8428F00870D76FF40695200EC08761F021C180AFFDF6F03180AFFDF761F021C68
:20400000460AEE138F04A00006265DA2A8428F008712767F40695200EC17761F021C1A0A15
:204010000040180AFFDF6F108F04400006265DA1A8428E00870F767F40785000EC05761F43
:20402000021C180AFFBFFE8286BE8BBE0006761F021CCD0A0040CC0A0020FFD5FFC4CAA8A6
:20403000CD0A0100FFD7CBA9CC0A0080FFC6CAA8CD0A0000FFDDCBA9CC0A0000FFCECAA885
:20404000ED114A0AEF0F761F023E9218ED0B761F021C4102EF1E2B141802FFFD1004FEFF30
:204050000006761F021C1A040000761F01A0CC0EFFFC4001960E761F021C1A020002921412
:20406000520656B920141A0A0001761F023E2B1900061EA606440FA664032BC46F020AC409
:2040700092A554C466042BC49A010006980000061EA606440FA662032BC46F020AC492A5BC
:2040800054C466042BC49A0100069A000006761F021C9214EC755201EC625202EC4D520331
:2040900056C00083761F023F92065228687D2B06761F021C92189C0A96181BA90465640334
:2040A000281804659218761F023E963B761F021C87325605001C5663001C5689A9A68E0093
:2040B000208B3B01A8AC566300A6560500A65689A9A9FF491EA60813000892A654136217DD
:2040C0007E13761F023E283B0465761F021C061C1E1E56BF0614763F023F2B06761F023E72
:2040D00056BF0119761F021C180AFFFE9213761F023E94086F398E010000A8A90F26623466
:2040E0000F286232460AEE3076FF4115763F021C56BF0314761F023F2B066F26761F023F4B
:2040F0001B060FA06821763F021C4804EE1D921BED1B56BF0214761F023F2B066F15761F2D
:20410000023E2B19761F021C1A0A0001761F023F2B06761F021C56BF01147622761F01BF72
:204110001A1A0010761AFF6900060200761F023E1E0E2B102B09280D1FFF1E34763F021C63
:204120002B189218761F023E963B280801F49208761F021C96138F03E000A81C763F01A045
:204130002B091A190008180EFFFC7622761F01BECC06FFFC50019606761AFF6900067622A3
:20414000761F01C01A1C0008761F01C418000040FF69FF20270E76408027761F01C01A2070
:204150000001761F0190180000011000FFFDCC06F80050AF9606761AFF6900067622761F73
:2041600001A0CC30FFF040089630CC13FFC7400896131831FEFF1A3100001A1200401A14E4
:204170000030CC14FF3F50809614CC14FFFC500296141A1402001A1408001A14000C761A60
:20418000FF690006767F413F7622761F01A01A0D00C0CC0EFFFC5001960E2B04280504E27B
:2041900000001E0210003FFF1000FFFB18000030CC00FFFC500296001000FFF71000E3FFA8
:2041A0001000FC7FCC19FFF8500396191A190008CC1AFFFC5001961A56BF0F1C2B09CC0732
:2041B000FFFC400296071807FFEFCC0BFFCF5010960BCC0BFF3F5080960B56BF010A18079D
:2041C000FFF31807FFBFCC0CFCFF1AA90000960CCC0CF3FF1AA90000960CCC0DFFE740109A
:2041D000960D1A0D0020761F01BECC06FFF350049606761F01A0CC198FFF1AA920009619A2
:2041E000CC1ACFFF1AA90000961A1A1900001A1C0004761A76230004761F00331A260001F5
:2041F0007622761F00358F3F5C86A820761AFF69767F415E0006B2BDAABDD0008F03E0002B
:20420000761F021CA81C761F023F2B0D761F021C8E000000A832A824A83400001E362B14C3
:20421000761F01A0CC0EFFFC5001960E761F023E2804E8F820030B83280B65E956BFC00C9A
:2042200056BF0F15280D1FFF8E006666A81C56BF04398F00F15BA82628286C412829A55096
:20423000283054BA2831B1AB2B3BFF2F0330761F023F1E2C1E2EC00092A152406310AAA9D5
:20424000761F002C0D0186A98F01869EA8A97640802792A19C0159A9524064F2AAA93B01B5
:20425000FF4559A908A9F83285A9FF565264640A761F023E282207CE761F021C56BF011BAE
:204260006F07761F023E7922761F021C2B1B86BE8BBE0006763F021C92160A16520468046F
:2042700056BF01102B160006761F021C9210EC142B100A199B17921900FF70075200ED03F9
:204280001A1A00010019EE031A1A000292199003ED031A1A00400006761F023E9218EC0A8C
:204290000A181B183A986806767F53DD763F023E2B180006767F4087767F4274767F3F1E5D
:2042A000767F3D3C767F3ECD000698048F008BD1767F52E79A038E008BD4767F52E7761F88
:2042B000022F9204EC56761F022D921252B1EC3252A1EC19761F022F2B142B01C00092A041
:2042C000520C670B8F008BD792948E008BE39694D80192A0520C68F7767F46EB761F022F1D
:2042D0002B046F37761F022F2B142B0176FF46C35000761F022D56B1EE12761F022D56B065
:2042E0001616761F022D56B0A212761F022F2B046F20767F4643761F022D52059611EC1252
:2042F0005205630352006206761F022F9214520C6910761F022D56BFB212761F022F2B0462
:204300006F08761F022D56BFB212761F022F2B0492115264680A767F44E4761F022F92074D
:204310005201ED032B112B070006761F023056BFAA00761F00119225761F02309401761F02
:204320000010920E930E5302EC095303EC055304ED069A036F0498026F029A04761F0230D1
:204330009602761F0010922E761F02309603761F00109226761F02309604761F00109227F4
:20434000761F02309605761F022DC60E761F02309606761F022DC60D761F02309607761F70
:204350000010C613761F023096089B05761F0010921800FF6F06761F02309B3C95A9970920
:20436000761F00109B05921900FF6F06761F02309B3C95A9970A761F00109B05921B00FF6B
:204370006F06763F02309B3C95A9970B761F00109B0A921D00FF6F06761F02309B1E95A9EF
:20438000970C761F00109B05921A00FF6F06761F02309B3C95A9970D761F00109B05921CA2
:2043900000FF6F06761F02309B3C95A9970E761F00109220761F0230FFC0960F761F0010F1
:2043A0009221761F02309610761F00104716EF039A0A6F02920C761F023096119800761F9B
:2043B0000010933A5301ED024001930E5307ED0240024012EF02500493395301ED02500862
:2043C0004212EF02501093325301ED0250204112EF02504093255301ED025080761F02305A
:2043D0009612761F0010923C761F02309613763F00109222761F0230FFC09614763F0010D4
:2043E0009223761F02309615761F001092305203ED06BE0A0E35F60F1FA66F029233761F47
:2043F00002309616761F00109206761F02309617761F00112D2335069424761F02309618C0
:20440000761F00119222ED05761F02302B186F05761F02301A180080761F0011921E5202AF
:20441000E804921F5202ED0398006F039203FFA0761F02309619763F0010921F763F02309A
:20442000961A9A00761F00109309EC025001761F00119300EC024002761F00104912EF0258
:2044300040044312EF025008761F0230961B761F00109214761F0230961C56BF011D56BF06
:20444000021E56BF541F761F00104512EF07CC1201C0FFC5FF8398106F029800930D910FEC
:20445000CAA8761F02309620BE0A761F00100E3D763F0230F60F1FA69621763F00119221C4
:20446000763F0230962256BF062356BF1724761F022F9205EC158A0892C493A9763F0230A6
:20447000FFD7970190FF9622761F022F8A0C92C4761F023093A9FFD7972390FF96240006E3
:20448000B2BD761F023056BFA80056BF1401C00092A05210670D8F008B80D102939472A190
:204490008F008C00979CD00192A0521068F5763F00114420761F023056BD2A11761F022DF9
:2044A0009200761F0230FFC79612761F022DC600761F023096138BBE0006761F023056BF10
:2044B000A201761F022D9211761F02309602763F022D9216761F023096030006761F0230CA
:2044C00056BFB201761F022D9211761F02309602761F022D9216761F023096030006761FE7
:2044D000023056BFB00156BF02022B030006763F023056BF8001761F022D9217761F0230D6
:2044E000960256BFAF030006761F022F9203ED48761F022D921252EAED06761F022D9214C6
:2044F00052EAEC28761F022D921252ECED06761F022D921452A2EC1B761F022D921252B0F4
:20450000EC1352B2EC0E761F022F9200ED04767F43156F1276FF4480761F022F0B006F0C02
:20451000767F44BE6F09767F44CF6F06767F44AD6F03767F44D79A00C00193A053256708C2
:204520008E0088009494D00193A0532568FA90FF761F02309625761F021356BF0105763FD4
:20453000022F92035226680B761F02139205EC1B761F022F2B0356BF01076F15761F021333
:2045400092055201ED10761F022F58038F008800761F021392949603761F02132B05761F64
:20455000022F0A03761F022F9207ED03767F5942000676FF5958761F022F900456C000E4AE
:20456000761F0213920056C100DF2B00761F022F9206ED12761F0213900152AA56C000D460
:20457000761F022F58068F008BD70A06761F0213920196940006520156C100B2761F022DB9
:20458000921252B1EC3D52A1EC3B761F022F92065002EC2190029C035406671492069E0236
:20459000520456C000B158068E008BD7761F021392019694761F022F2B06525556B101048F
:2045A000000658060A068F008BD7761F0213920196940006763F02139201761F022F96026E
:2045B00058068E008BD70A06761F0213920196945207FFE90089761F022F2B060006761FCA
:2045C000022F92065202EC4192029C035406663192069C025203EC2592069E025204ED73E3
:2045D0002B06763F021390015255EC16761F022D921252B1761F022D56B01316761F022D74
:2045E00056B0A212761F022D56B11311761F022D56B1B2120006761F022F56BF0104000697
:2045F000763F02139201761F022F96220A0600065806761F02138F0084009201D883969487
:20460000763F022F0A060006761F022D921252B1ED06761F0213560302016F04761F02131D
:204610009001761F022F96020A061B020000692B2B06761F022D921252B1761F022D56B074
:204620001216761F022D56B0A212761F022D56B11211763F022D56B1B212000650060A06CB
:204630008F008BD7763F02139201969452B1EC0752A1763F022D56B1A1120006761F022DA1
:2046400056BFB1120006B2BDAABDFE02D0009A048F008BCE76FF52E7761F022F5A029001EF
:20465000ED2392A2FFC194A1D1B172A176FF66BAC00092A254A0690A8E00850092A194941E
:2046600059A9D80192A254A066F8767F66BA92A1FF5E980190FF59A9761F022F922254A19B
:20467000EC039A016F4D1BA2020066471B0101006718920E520A69152B0E58018E008400BE
:20468000929496419301D5015CAD9A50DC81767F6B2F5000EC039A026F33761F022F080188
:204690001BA2000066039A056F2B92A25001660C920E520A6822767F5A1F5200EC039A05E0
:2046A0006F3F9A046F1D920E520A69172B0E50018E008500929496419301D5015CAD9A51AE
:2046B00008A8FF00DC81767F6B2F5000EC039A036F07761F022F0A01767F66BA9800FE82FF
:2046C00086BE8BBE0006B2BDAABD761F022F5A029AA194A259A976FF66BAC00092A254A05F
:2046D000690A8F00850092A1949459A9D80192A254A066F8767F66BA92A1FF5E980190FFBA
:2046E00059A9761F022F93229A0055A156B001A986BE8BBE00069A00C0018F008BE36F03A0
:2046F0009494D801761F022F93029D0355A066F9FF5E9C0190FF93028F008BE39D0358A89F
:20470000549456C0010A9224520156C100875223EC795225EC6A5220EC665233EC42520574
:20471000EC3D5285ED04922652B5EC2E922452B0EC1852A0EC1652B2E80452A256C000ED28
:20472000761F022D2B12761F022D2B11761F022D2B14761F022D2B16761F022D2B17000664
:2047300052B0ED039AB06F029AEA761F022D9612761F001056BF070E2B242B322B372B2A9A
:204740002B332B34000676FF53CD761F01A0CC0EFFFC4001960E3B106F0056BF000000063C
:2047500092265231ED039A016F065232ED039A026F029A00761F00119007CD20FFF1FF805A
:20476000CAA89620BE00FFC0CD2000E09007FFD454A856B001A692A6CD20FFFE8001CAA89F
:20477000962000062B05000656BF01055603082694270EA91E085603082894290EA91E0CD6
:2047800000065603082694270EA91E0A8A0A56030828942996C40006761F001056BF070EE9
:20479000761F022F9226761F001090019624761F022FCC260002761F0010FFC09632761F20
:2047A000022FCC260004761F0010FFC19637763F022FCC260008761F0010FFC29639761FF6
:2047B000022FCC260010761F0010FFC3962F761F022FCC260060FFC4EC11CC260060FFC49D
:2047C0005201ED039A006F0BCC260060FFC45202ED0398016F049A026F029A03761F0010CE
:2047D0009630761F022FCC260080761F0010FFC6963A761F022D9203ED07761F00102B2450
:2047E0002B322B392B3A763F022F9227761F0010962A761F022F9228761F00109633761F0C
:2047F000022F922A761F00109634560308349634761F022F9229761F00109834761F022F36
:204800005603082CCA2B761F001196031B0301F46503280301F40006761F02018001CD3917
:20481000FFFDFF80CAA896390006761F00011A39000000062DA9761F020C121F2DA93564BE
:204820000EA9761F02021E300006761F02019B3C923F9C1E00FF6F060006767F4A2E767FFE
:204830004B3D7622761F00358F3F6FE9A0068F3F6DE9A822761A7623000176230004761F68
:2048400000331A2200401A2200081A260002FF690006B2BD8BA4767F17E5767F3128767FE3
:204850002AEF8AA1767F4858767F48D98BBE0006FE02C5A4761F020C241F92CF962192D73A
:20486000962392DF962592E7962792EF9629761F020F92F79401761F021092FF961B06A783
:20487000DF08241D761F020D1EA7DF0924291EA7DF0A242B1EA7DF0B242D1EA7DF0C242F62
:20488000761F02101EA7DF0D2409761F02261EA7DF0E2422761F020C1EA7DF0F240B8AA926
:20489000C5A4DF10240DD0113B01761F020385941E22D01285941E24761F020FC5A4DF1331
:2048A0002421761F0227C5A4DF14241D28ACB505361D761F0227FF1E0001FF4E961E761F05
:2048B000022B9619761F0001C5A4DF15243E761F02270E1E761F00011E4256030C3E00FF35
:2048C0006EB4761F0001962B761F020DC5A4DF16240FC5A4DF172417C5A4DF182411C5A492
:2048D000DF192419761F0227C5A4DF1A2410FE820006FC02761F020C921F761F02299628E9
:2048E000763F020C0E21763F02291E3A761F020C9223761F0229962B763F020C9225761FA6
:2048F0000229962A761F020C9227761F02299626761F020C9229761F02299627761F021063
:204900009211761F000C962B761F02109215761F0227940A761F02109217761F022796093B
:20491000761F0210921F761F02269637761F020F923B761F0226961D761F020F923D761FB8
:2049200002269606761F02109221761F0226961B763F02109223761F0226961E761F021057
:204930009225763F0227960B761F020D9229761F02279613761F000D922B761F02279612A6
:204940003A01761F022702191E4256030C1000FF6EB4761F0227FF3F1E283B01761F022711
:2049500002191E4256030C1000FF6EB4761F02279611763F02100E27761F02281E3428ACF0
:204960000005761F022730151EA628AC8000761F02100000371B761F0226F61F561700A639
:204970003F1728AC0005763F0227301528AC8000761F02101EA6371D0000761F0227F61FEF
:20498000561700A63F1C28AC0005761F0227301528AC8000761F020F1EA637010000761F42
:204990000229F61F561700A6A80428AC0005761F0227201528AC8000761F020D1EA6372D1C
:2049A0000000761F0227F61F561700A63F1928AC0005761F0227301528AC8000761F020DE5
:2049B0001EA6372F0200763F0227F61F561700A63F20761F020D920F761F0226960A761F1F
:2049C000020D9217761F0226963B763F020D9211761F0226963E761F020D9219761F02268D
:2049D000963D763F020D9211761F02299632761F020F9221761F02299629761F020F9223D2
:2049E000761F0229962C761F020F9225763F02269619761F020F027D1E420E3FFF3B00FF41
:2049F0006EB4761F02281E28761F0212280501AE761F020F281501F49215761F02299634F2
:204A0000761F02109201761F02299636761F02109203761F02299635761F02109205761F36
:204A10000229962E763F02109207761F0229962D761F02109209761F0229962F761F021046
:204A2000920B761F0231961E761F02109213761F02269605767F581BFE8200067622761F9E
:204A300001C0181CFFFB761A7622761F01A11A0D00C0761F01A21A0D00C0761F01A31A0DB2
:204A400000C0763F01A11A120100761F01A21A120100761F01A31A120000761F01A1CC1431
:204A5000FFF350089614CC14FFFC40029614761F01A2CC14FFF350089614CC14FFFC500252
:204A60009614761F01A3CC14FFF350089614CC14FFFC40029614761F01A12B15761F01A209
:204A70002B15761F01A32B15761F01A11A180004761F01A21A180004761F01A31A18000423
:204A8000761F01A12B0428050C3502001E0210003FFFC800FFFC500294001000FFFB10000F
:204A9000FFF7180000301000FC7F1000E3FF1807FFEF1807FFFC2809061ACC0BFFCF5020BE
:204AA000960BCC0BFF3F5040960B180FFFCF1A0F0003CC0FFFF35008960F56BF8C1156BF5D
:204AB000881056BF0F1C1A190008CC19FFF840019619CC1AFFFC4001961ACC19F8FF1AA996
:204AC00006009619CC1AFCFF1AA90100961A1A1900002B0A761F01A22B0428050C3500008F
:204AD0001C0210003FFFC800FFFC400294001000FFFB1000FFF7180000301000FC7F1000CE
:204AE000E3FF1807FFEF1807FFFC2809061ACC0BFFCF4020960BCC0BFF3F4040960B180F59
:204AF000FFCF1A0F0003CC0FFFF35008960F56BF8C1156BF8C1056BF0F1C1819FFF7761F83
:204B000001A32B0428050C3502001E0210003FFFCC00FFFC500296001000FFFB1000FFF725
:204B10001A0000301800FC7F1000E3FF1807FFEF1807FFFC2809061ACC0BFFCF4020960B98
:204B2000CC0BFF3F5040960B180FFFCF1A0F0003CC0FFFF35008960F56BF8C1156BF8C10E1
:204B300056BF0F1C1819FFF7761A7622761F01C01A1C0004761AFF6900067622761F01809A
:204B40001A1C000876FD7C80FF693E6776007600761F01C456BFC0002B12CC2007FF1AA98E
:204B500020009620CC20FC3F50809620CC20FFC0500A9620CC2107FF1AA920009621CC218D
:204B6000FC3F50809621CC21FFC0400A9621CC2207FF1AA920009622CC22FC3F50C0962246
:204B7000CC22FFC0500A9622CC2307FF1AA920009623CC23FC3F50C09623CC23FFC0500ADA
:204B80009623CC2407FF1AA920009624CC24FC3F1AA901C09624CC24FFC0500A9624CC25AC
:204B900007FF1AA920009625CC25FC3F1AA901C09625CC25FFC0500A9625CC2607FF1AA976
:204BA00030009626CC26FC3F50409626CC26FFC050099626CC2707FF1AA930009627CC272E
:204BB000FC3F50409627CC27FFC040099627CC2807FF1AA930009628CC28FC3F1AA90240C6
:204BC0009628CC28FFC040099628CC2907FF1AA930009629CC29FC3F1AA902409629CC29C7
:204BD000FFC040099629CC2A07FF1AA93000962ACC2AFC3F1AA901C0962ACC2AFFC05009CC
:204BE000962ACC2B07FF1AA93000962BCC2BFC3F1AA901C0962BCC2BFFC05009962BCC2D04
:204BF00007FF1AA93000962D1A2D03C0CC2DFFC05009962DCC2E07FF1AA92000962ECC2E6A
:204C0000FC3F1AA902C0962ECC2EFFC04009962E182F07FF182FFC3FCC2FFFC05009962FA3
:204C100018000000FF69FF200BB676408027761AFF690006FE04763F022A920B5208EC0CF7
:204C20000200763F02021E2A761F02021E2C761F02012B3F6F26FF2F0000761F02271EA647
:204C3000D0000E15763F000C1EAC560500325663003228AC001E761F0202565700A65640FA
:204C400000A4562CA92A3B01062A763F0202FF3F032CFF4D5601002C062C761F0201973F5A
:204C5000763F02030606761F02271E34761F02279A0028A80000BE642D151E42761F0229C2
:204C60003628761F0203C50687A6564400A91E4406A7FF311EA606A7FF3503A6767F68F225
:204C7000761F000F1E26767F54F3761F01A14216EE03767F545B761F022A920B5207ED0533
:204C8000761F0201180DFFFD761F022A540CEC0A761F022A9A00930B530856B101A9767F4A
:204C900030F276FF30ED767F3164761F022C921A761F01A19609763F022C9219761F01A2BB
:204CA0009409761F022C9218761F01A39609761F000202015601001EFE840006767F5538F9
:204CB000763F022A920B761F022A960C767F557076FF5568767F554E76FF2253761F022ED0
:204CC00092390A39520968022B390006767F552B767F23FB0006B2BDFE0276FF76535CAD53
:204CD000DC82F4012484761F00104512EE164412EE0C921893195C255D26767F4D5559A986
:204CE000761F001079266F13D10D761F02169236761F001096266F0B56BF0D2756BF0D262F
:204CF000D10D9216E8042B272B26D100CD120010CC120002FFD3FFC0CAA893128001CBA952
:204D0000ED0A5CAD921B93255D2DDC82767F4EAB88A96F0456BF0D42BC00763F0010CDA65C
:204D10000001CC13FFEFFF93CBA9971392A6FFC1CD15FFF78001FF82CAA896155CAD932D4D
:204D2000DC81921A767F4FEE88A9761F0010CDA60001FF92CC13FFF7CBA9971393A6FFD062
:204D3000CC14FFFD9101FF90CBA9971492A6FFC1CD15FFFB8001FF81CAA89615FFC1800114
:204D4000CD15F7FFFF8ACAA896159A025CADDC82767F06F8761F0010962892A15428690262
:204D500059287927FE828BBE0006D00C00FF6F9E59A57C4C5AA85BA976FF761C5CADDC8B28
:204D6000F60A24849A038F008A60767F52E798038E008A5D767F52E79A028F008A63767FFC
:204D700052E7761F001092115001EC04920F5001ED06763F02292B202B1D2B2392A39EA246
:204D8000761F022954086205540856B4010A6F022B0A9608934CED062B0A2B112B202B1D05
:204D90002B23930AED4E1BA9FFFB64451BA9FFFB64035000643D5000640352056436520561
:204DA0006403520A642F520A6403520F6428520F640352146421521464035219641A521919
:204DB0006403521E6413521E64035223640C5223640352286405522856B30A136F1D56BFD9
:204DC00009136F1A56BF08136F1756BF07136F1456BF06136F1156BF05136F0E56BF041342
:204DD0006F0B56BF03136F0856BF02136F0556BF01136F022B1393115513562B06136F52CA
:204DE0005301ED505223634852236303521E6341521E63035219633A521963035214633368
:204DF00052146303520F632C520F6303520A6325520A63035205631E52056303500063171B
:204E0000520063041BA9FFFB630F1BA9FFFB63041BA9FFF663061BA9FFF663202B136F1E5B
:204E100056BF01136F1B56BF02136F1856BF03136F1556BF04136F1256BF05136F0F56BF02
:204E200006136F0C56BF07136F0956BF08136F0656BF09136F0356BF0A1393115513562B30
:204E30000813934CED1858135CADDC8B5994520A56B400A1761F001092075001761F022945
:204E400056B1010992095001ED0492A156B101A12B206F3D2B0992135411ED1F922052B48F
:204E5000681C2B209213520A6609520568072B2392A1520D672CD9016F2A5201EC055000C3
:204E600056B100A16F2492A152016902D9819223523C56B700A16F1B92135411EC182B23D5
:204E70002B205411660E5411671292119E1354A1670692A19E11941359A96F09D1016F071F
:204E800094A19E1159A9520D56B60DA192139611761F0010960A92A1ED09924C5201ED0635
:204E9000761F0229921D52B4680A761F0229921D52B46806921356B100A16F02D101924CCA
:204EA000ED022B1D921D52B456B7B41D92A1D00C00FF6FFA0006FE0C80A8761F0010CD16F1
:204EB0000002FFD088A8CD170002FFD0CBA6EC0656BF0DC49A00FFEF0131933C5305673566
:204EC0005304EC192B4B761F02159305974A93069749930797489308974793099746930A5A
:204ED0009745930B9744930C9743930D9742930E97416F322B4B761F0214933B974A933CC2
:204EE0009749933D9748933E9747933F9746761F0215920097459301974493029743930337
:204EF0009742930497416F182B4B761F02149331974A933297499333974893349747933556
:204F0000974693369745933797449338974393399742933A9741763F0229540D6205540D72
:204F100056B4010E6F022B0E960D93A7ED0456BF010E2B12930EED5B1BA9FF74644F1BA9F8
:204F2000FF7464041BA9FFA664461BA9FFA664041BA9FFCE643D1BA9FFCE60041BA9FFF6D2
:204F300064341BA9FFF664035232642C52326403526E6425526E640352B4641E52B4640345
:204F400052F0641752F064041BA90118640F1BA9011864041BA9014A64061BA9014A642049
:204F50002B076F1E56BF01076F1B56BF02076F1856BF03076F1556BF04076F1256BF0507D1
:204F60006F0F56BF06076F0C56BF07076F0956BF08076F0656BF09076F0356BF0A07931280
:204F70005507562B0807930797126F5B5301ED591BA90136634F1BA9010E60041BA90136AF
:204F8000644652E660041BA9010E643E52AA600352E664375264640352AA64305228640396
:204F9000526464291BA9FFEC6403522864211BA9FFC464041BA9FFEC64181BA9FF9C6404C8
:204FA0001BA9FFC4640F1BA9FF6A60041BA9FF9C64061BA9FF6A56B40A076F1D56BF0907A4
:204FB0006F1A56BF08076F1756BF07076F1456BF06076F1156BF05076F0E56BF04076F0B2E
:204FC00056BF03076F0856BF02076F0556BF01076F022B0793125507562B06079307971217
:204FD00058075DADDD8B939597C4930B5304EC1092C456B1040BEC10761F00109B0092261C
:204FE000763F022954C456B601A8970B6F051BA9013663022B0B920BFE8C000600FF6F9A23
:204FF00082A45AA959A8761F00114100EF0656BF0DC39800FFEF00FC9A038F008A57767F32
:2050000052E79A038F008A54767F52E79A038F008A5A767F52E7761F001092115001EC0656
:20501000920F5201EC039225ED06761F02292B172B142B1A761F02152D30350A08A9FD80F7
:2050200054A2FFE500C1761F0229920C520456C100AB761F02152D32350A08A9FD8054A2F1
:2050300062522D30350A08A9FD8054A2654C761F0229920C5202EC092B1492A15001690365
:205040009CFF6F02980196062B1A2B17761F02152D31350A08A9FD8054A262152D30350A08
:2050500008A9FD8054A2650F761F02299214521E68232B1492A1520169039CFF6F029A016F
:2050600096066F1A2D32350A08A9FD8054A262142D31350A08A9FD8054A2650E761F0229DF
:205070009214523C68092B1492A1500169039CFF6F029A019606761F0229920696C356BF43
:20508000020C6F6F2D34350A08A9FD8054A262422D32350A08A9FD8054A2653C761F022999
:205090002B172B1492A1EC30761F02152D33350A08A9FD8054A26523761F0229921A523C3F
:2050A000670F92109EA15001ED07920F5201ED04921096C36F1C791079C32B0F6F182B1A1E
:2050B00092A1520D67049A0194A16F029A0D96C37600C5A3241056BF010F6F09763F022913
:2050C0002B1A79C36F042B1A56BF01C356BF010C6F28761F02292B172B142B1A56BF0DC39A
:2050D0002B0C6F1F2B1A2B142B172BC3761F02152D34350A08A9FD8054A26513761F02299F
:2050E0002B0C6F0F761F02292B142B1A9217520A670379C36F0656BF0A172BC356BF040C4E
:2050F000763F0229920C5001EC022B1000FF6FF600067622761F01BF56BF0C20763F01C199
:205100002B301A300001761AFF690006767F584B767F58A7767F511C767F51A576FF41FB61
:205110008F008B90767F484976FF50F9767F66CC29102920FF690006767F5A1F5200ED07C6
:20512000761F00101A16000156BF01090006B2BD8F3F759476FF75B8761F0011CC20000EEC
:20513000FFC05201EC14CC20000EFFC05202EC059B011820FF1F6F129A0076FF75D38F3FB7
:20514000759CCC20FF1F504096206F089B008F3F75ACCC20FF1F50209620C00092A0521069
:2051500067088F408B802B95D80192A0521068FA5300ED1CC00092A0521B67098F408B9052
:205160002495DF01D80192A0521B68F9C00092A05210673A9294EC3892948F408B80969553
:20517000D00192A0521068F76F2FC00092A0521B671A9A8A8F00850094A08F4084000EA967
:20518000FF30540100A4560301A059A908A101135603089D94C48E008B909694D00192A002
:20519000521B68E8C00092A05210670E8D4001018E00850072A1929C8E008B809694D801BA
:2051A00092A0521068F48BBE0006761F00102B0E00001C00761F02149200761F0010960638
:2051B000763F00111820FFF11820FF1F1820FFFE1820FEFF767F5127761F022D2B32761F0E
:2051C0000214920D763F022D9633761F0214920E761F022D9634761F0214920F761F022D84
:2051D0009635761F02149210761F022D9636761F02149211761F022D9637761F02149212E9
:2051E000761F022D9638761F02149213761F022D9639761F02149214761F022D963A761FC0
:2051F00002149215761F022D963B761F02149216763F022D963C761F02149217761F022D2C
:20520000963D761F02149218761F022D963E761F02149219761F022D963F2B24761F0214E5
:20521000921A761F022D9625761F0214921B761F022D9626761F0214921C761F022D9627A1
:20522000761F0214921D761F022D9628761F0214921E761F022D9629761F0214921F761FC3
:20523000022D962A763F02149220761F022D962B761F00149221761F022D962C761F0214E0
:205240009222763F022D962D761F02149223761F022D962E761F02149224761F022D962F21
:20525000763F02149225763F022D9630761F02149226761F022D9631761F0214920DEC03EB
:20526000921AED07761F00101A16000156BF0109761F0217900052046405761F00102B309C
:205270006F059200763F00109630761F022D56BF022256BF0621761F0217920D761F022D43
:205280009602761F02175603010E763F022D960C2B0F761F001156BF011E2B3F2B1D2B1CCD
:205290002B037640801F8001CD20FFEFFF83CAA896200006761F022D920BEC1C2B0B0201CD
:2052A000761F0010540100009225ED0702001E020201540100046F060201560100020200F8
:2052B0001E049232EC061B36FFFF67040A3600062B360006761F022D0A0928A803E8920972
:2052C00000FF60075000ED230A0A9B3C920A00FF70075000ED180A079B3C920700FF7007BF
:2052D0005200ED0D08089B18920800FF70075000ED022B081B07EF1068022B071B0AEF104C
:2052E00068022B0A1B09EA6068022B090006763F022D2F082707000A880993D4ED1356BF9D
:2052F00001D42BC45204EC0D5203EC095202EC055201ED0857CC6F063FCC6F047FCC6F02E2
:205300007ECC5204EC375203EC255002EC135001ED4092AA54CC690C1BC4FFF0670992AA4A
:205310009ECC28A8FFFF9FC455A9690272C457CC000692AB54CC690C1BC4FFF0670992ABCD
:205320009ECC28A8FFFF9FC455A9690272C43FCC000692A754CC690C1BC4FFF0670992A7DD
:205330009ECC28A8FFFF9FC455A9690272C47FCC000692A654CC690C1BC4FFF0670992A68F
:205340009ECC28A8FFFF9FC455A9690272C47ECC0006C5A496C70EC7540100D792EF54C760
:20535000680224EF92E754C7660224E70AF792FF54F766142BF70EE7564100D70EEF564149
:2053600000D72BE728EF0000D0082D9706D7562296CF00001ED79A0100069A000006763FEC
:2053700000114020EF11761F00109225ED0D922EED0B76FF51278F008B90767F4849761FEC
:2053800000111820FFFE0006B2BD88A993A6FFB591FF58A893A6913F2DA8560301A6500076
:2053900063059BFFEBA09B40EBACD10193A08F7F715A8F3F715A290173A1939D9F9436A808
:2053A000FF45949493A66302FF5C8BBE00067622761F01A1CC0EFFFC4001960E761F01A278
:2053B000CC0EFFFC4001960E761F01A3CC0EFFFC4001960E761AFF6900067622761F01A163
:2053C000180EFFFC761F01A2180EFFFC761F01A3180EFFFC761AFF6900067622763F01A10C
:2053D0001A180004761F01A21A180004761F01A31A180004761AFF6900067622763F01A1BD
:2053E0001A170004761F01A21A170004761F01A31A170004761AFF690006763F022A2A0094
:2053F0002B112B092B0A761F022B2B072B06761F022A2B3B2B360200761F022C1E061E0242
:20540000761F022B2B032A022B1F2B271E3A761F00012B23761F02262B1A761F02262B0DA1
:205410000006763F022A9210523F66450A103B018520761F022B5601002A761F022A851C17
:20542000761F022B54010030761F022A92105200ED32761F022B062A763F022AFF45961292
:20543000761F022B0630761F022AFF45961308A9F83385A9FF5652C8620C921208A9F8334F
:2054400085A9FF5652C8761F020156B50126650E761F000156BF0121761F02012B26761F27
:20545000000156BF1330767F53CD0200761F022B1E2A1E300006FE02761F002C9207761F7F
:20546000022A9620761F002C9209763F022A961C761F0201922656C10086761F022B0E1985
:20547000761F022A1E4292209E1234A9044E00FF6EB4FF5C9611761F022B0E19761F022A9D
:205480001E42921C9E1334A9044E00FF6EB4FF5C96099411FF5C960A761F02270E1E761FE4
:20549000022A1E4292209E1234A9113800FF6EB4761F000CFF5C9607761F02270E1E761FAF
:2054A000022A1E42921C9E1334A9113800FF6EB4761F000CFF5C9609761F000C9007761F52
:2054B000000CFF5C9608761F022A92099E0A761F022B34A949E7B306761F022A9211761F52
:2054C000022B9607761F022A963B761F022B9206761F022A9636923B761F022B9603761FCC
:2054D000022A9236761F022B96022D0333032D02120207AB76FF7DD0761F022B562F031FE8
:2054E000341F2D41562F0127763F0001922B763F022B541F6207767F53CD761F020156BF4B
:2054F0000130FE820006FE02761F002C920B761F022A96153B01341501F7761F022BFF4B92
:205500009605761F022A9E27FFA07227761F02270E25761F022A1E4256030E2700FF6EB471
:20551000761F000C9602FE8200068E00004098001BA90FC063062B849C011BA90FC064FC1B
:20552000D4509A001BA904B063062B849C011BA904B064FC0006763F020C0E1D761F022BF2
:205530001E34761F02030628763F022B1E3C0006761F01A19205761F022C961B761F021016
:205540008F0003E82D0D0200761F022C371BF61F561700A4761F022C3F1D0006761F022A74
:205550009227761F020196133B01761F022B2527033AFF465601003A8819063A87A6FF4F88
:205560002901564400A9FF4B761F020196230006763F01BF4800761F020156BC0A32000674
:20557000761F022A920B5207620A5207EC395200EC6F5201EC6A5002EC6000065208EC1E1C
:20558000520AED6A761F00014F36EF13767F5411761F022A92105240ED5F761F0201922650
:205590005001ED5A761F022A56BF080B2B100006761F022A56BF070B0006761F00014F3630
:2055A000EF08763F02019230ED47767F53BD0006761F022A56BF070B767F53CD0006763F83
:2055B00002014F36EF16767F53A70201761F02020F20ED0B761F022A56BF0A0B767F53DD8C
:2055C0000200761F02021E20020156010020000676FF53CD767F53ED763F022A2B10761FF7
:2055D000022B02001E2A1E301E2E761F02021E20761F02012B260006761F02014B3D761F2F
:2055E000022A56BD070B000656BF020B000656BF010B76FF53ED0006FE04761F0229063A4E
:2055F0001E44763F02270E1D761F02271EAC5C2556440044FF32767F7B9996411BA97FFFF6
:20560000690328417FFF9241761F02319609FE840006FE04761F02299227542B6605922B53
:205610009E2796416F022B4129018F0024F35603032ABE0AA8AC566500A90200F61F5617A7
:2056200000A6A9A9FF4DFF5A3F43761F02275C432D41361D767F7B999642761F02278F00FF
:20563000048E2D423615767F7B999642761F02292D28124296421BA9FFFF690328427FFFD6
:205640009242761F0231962FFE840006FE02761F0229922B9642761F02272D42361D761FF7
:2056500002275C25767F7B999641761F02278E0001DC2D41361576FF7B999641761F0229AE
:205660002D28124196411BA9FFFF69032841FFFF9241761F02319626FE820006FC02761FA6
:20567000022992269642761F02272D42361D761F02275C25767F7B999641761F02278F0073
:2056800001DC2D413615767F7B999641761F02292D28124196411BA97FFF69032841FFFF40
:205690009241761F02319634FE820006FE02761F02292D29761F0227361D1E42761F0227CA
:2056A0005C250642767F7BA41E428E000273A8AC8E0003E856440042767F7BA41E428F00FE
:2056B0007FFFA8A90F426702A8429242761F0231960CFE820006FE02761F02292D29761FF8
:2056C0000227361D763F02275C25767F7BA41E42761F0229922CEC0A02645C2C1EAC5644B5
:2056D0000042767F7BA41E426F0900001E42761F000C1E2E761F000C1E348F007FFFA8A9EE
:2056E0000F426702A8429242761F02319606FE820006FE04761F022928AC1AAB12280EA9FC
:2056F0001E44761F02278F00C3500E151EAC56440044767F7B9996411BA97FFF6903284116
:205700007FFF9241763F0231961FFE840006FE06761F022728AC00DA3015761F02271E4240
:205710000E1D761F02291E440E33767F7BAB1E4628A9FFFF28A87FFF0F46670628AA7FFF3D
:2057200028ABFFFFA9460646761F02321E04FE860006FE02761F02299232EC0E8F010000DA
:20573000A8A95C32767F7B9996411BA97FFF690C28417FFF6F092B410000761F000F1E1C3A
:20574000761F000F2B0F9241761F0231960EFE820006FC022901761F022956030D34761F8F
:2057500002275C25767F7B9996411BA97FFF690328417FFF9241761F02319619FE8200064A
:20576000FE022901761F0229D40A56030736767F7B99761F0231961A761F02295C352901CF
:2057700056030C36767F7B9996411BA97FFF690328417FFF9241761F02319618FE8200063A
:20578000FE022901761F0229D40A5603082E767F7B99763F02319617761F02295C2D2901A1
:2057900056030C2E767F7B9996411BA97FFF690328417FFF9241761F02319621FE82000619
:2057A000FC02763F0229922F9641763F0227921D5441562A08415C1D290156030E41767F48
:2057B0007B9996411BA93999690328413999761F02312B399241FF5C761F0231962A761F3A
:2057C000023128A980009E419638FE820006FC02761F022928AC034612289631290128AC38
:2057D0001A21761F02273025761F0229FF4D96308F0024F3A8AC5603032A564400A9FF4D8A
:2057E00096372D3036311E425C3702521EAC5644004276FF7B990EA91E428F007FFFA8A92D
:2057F0000F426702A8429242763F000C960CFE820006FE06761F02298F0100002D28761FFA
:205800000227A84236158F0752001E44A8A9767F7BAB1E4628A9FFFF28A87FFF0F46670631
:2058100028AA7FFF28ABFFFFA9460646761F02321E00FE860006767F55EC767F5609767F2C
:205820005646767F566E767F5696767F56BB767F56E976FF5749767F5760767F5780767F76
:2058300057A0767F57C7767F57F90006FE0293A983A42B412B422B425542690B8AA576406A
:20584000802BDD017241924196410A42554266F79241FE82000676FF66A0767F69BB767F40
:2058500055158F7F702A8F3F7057A0A9564100A4A8A98E000000767F6F288F408FC08F00F5
:205860008FC0A0A9564100A4A8A98E008FC0767F6F287640000028A900008F3F0000767F51
:205870005836761F02139602767F6EDE76260000762F0000767F6FB37622761F00358F3F7F
:205880006C9EA80C761F00348F3F6CC4A81A761AFF69D431028B767F58CCD431FF2003E80F
:20589000767F58E6767F418276FF482D761F00331A2200407623000176230000767F59005E
:2058A000FF20096076FF5916767F6AA90006B2BDD1001BA105146709FF20270E7640802738
:2058B000D9011BA1051468F9761F01BF1A1A00001A030002761F022D56BF0103D1001BA1B6
:2058C00003E86709FF20270E76408027D9011BA103E868F98BBE0006763F00301E0292A450
:2058D00028A8FFFF00FF700796067680FFFF0EA4F60F1FA696071004FBFF1004F7FF1A0495
:2058E00000201A0400001004FFEF0006761F00301E0A92A428A8FFFF00FF6007960E768071
:2058F000FFFF0EA4F60F1FA6960F180CFBFF180CF7FF1A0C00201A0C0000180CFFEF0006BD
:205900007622763F01BE180DEFFF1A0D00001A050200CC09FCFF1AA901009609CC09F3FF26
:205910001AA900009609761AFF6900061EA628A9BC209BBE2901FF5A0000F61F561700A6A2
:20592000A9A9FF42FF5A88ABDE81761F01C11810FFF71A1000071A1000201A100040181067
:20593000FF7F56BF03112B14B6FF0EA6F60F1FA796129BFF92A600FF6007961356BF23116B
:205940002B1C0006761F02139204ED099203761F01C19619761F021356BF0104761F01C10E
:205950004714EF06761F021356BF01052B040006761F01C14615EF07C617761F0213960127
:2059600056BF0100761F01C14515EF091811FFFF1A110020FF200960767F591600065000B4
:20597000ED06761F01BF1A0A00040006763F01BF1A0C000400065201EC06763F01BF1A0523
:2059800000010006761F01BF1A03000100065201EC08761F01BF1A0500081A1C0000000688
:20599000761F01BF1A0500081A1A000000065000EC155303EC0C5302EC0A5301ED15761F6C
:2059A00001BF1A0300081A1C00000006761F01BF1A1A00001A0500080006761F01BF1A1C85
:2059B00000001A050008000600069A0000060006D00800FF6F9E97469645D3002B47924645
:2059C000ED039A016F59924752036755D200924654A2692B9A505CADD50493A29445DC841C
:2059D000767F6AD95200ED18D200C00092A05204671992455CAD560308A98F40850059A94E
:2059E000DC8492A272A19294969DDA01D00192A0520468F06F07DB0192A3520569039A0037
:2059F0006F2B924654A266D7BC00C0008E0085006F0B9245560308A959A992A072A192A689
:205A0000949C88A9D00192469CFF54A066F39245560308A98F00850058A9924672A092A67C
:205A1000D88190FF5494ED039A016F060A479247520368AD9800C00800FF6FFA0006B2BDD5
:205A2000D100980028A8010076FF59B85000ED0492A1400159A99A0128A80100767F59B87D
:205A30005200ED0492A1400259A9761F022D2B0098001BA90000630D3B018F00850085A963
:205A4000560100A493C473009C011BA9000064F5980093A156B101A98BBE00069A038E00D0
:205A50008495767F52E7767F6D90761F02309237ED08761F02129215520556B7010F0006AE
:205A6000761F02122B0F2B15761F02302B37761F02129210EC22520BED3058108E0084B0DD
:205A7000761F023092359694761F02122B105255ED2CC00092A0520C670B8F0084B092940F
:205A80008E0084A49694D80192A0520C68F7761F021256BF010E0006761F0230923552AA01
:205A9000ED14761F021258108F0084B00A10761F023092359694000658100A10761F023000
:205AA00092358E0084B0969400069A048E008492767F52E7761F0212921252C869552B125B
:205AB0004311EE159211CDA9FFF8900798019007CAA8961190075206640CCC11FFF8500606
:205AC0009611761F00101817FFFD6F031811FFF8761F02124711EE189211CDA9FF8FFFC34D
:205AD00080079C019007FF83CAA89611FFC390075206640CCC11FF8F50609611761F0010D8
:205AE0001817FFFB6F031811FF8F761F02124F11EE199211CDA98FFFFFCB90079C01900708
:205AF000FF8BCAA89611FFCB80075206640DCC118FFF1AA940009611761F00101817FFF7FA
:205B0000000618118FFF0006B2BDD0009A038F00849E767F52E79A038E0084A176FF52E709
:205B10009A038F008498767F52E7761F0212920E5201EC04920F56C101142B0E9A00C00112
:205B200092A0520A67088F0084A49594D80192A0520A68FA1CA8FFFF91FF761F0212552E41
:205B3000E804920F56C100FD5603082594269C0288A95603082794289C02960C5603082997
:205B4000942A9C02960D930FE804BC002B0C2B0D92A6520869041BA603F8600493A15101E8
:205B500059A8930C530869041B0C03F8600493A1510259A8930D530869041B0D03F86004D0
:205B600093A1510859A88F3F74E39A8893A68F7FFED4767F6D1C761F0010961B761F0212BA
:205B70009A888F7FFED48F3F74E3930C767F6D1C761F0010961C761F02129AA18F7FFED4B6
:205B80008F3F7442930D767F6D1C761F0010961D92A18001CD16FFFDFF80CAA8961692A1A8
:205B9000FFC0CD16FFFB8001FF81CAA8961692A1FFC28001CD16FFF7FF82CAA896168817AE
:205BA000CD160002FFD092A6FFC08001CBA99101CCA6FFFDFF90CBA99717761F0212CD110D
:205BB000FFF7761F0010CC160002FFC0761F0212FF82CAA89611761F00108817CD16000429
:205BC000FFD192A6FFC18001CBA99101CCA6FFFBFF91CBA99717761F0212CD11FF7F761FBE
:205BD0000010CC160004FFC1761F0212FF86CAA89611761F00108817CD160008FFD292A680
:205BE000FFC28001CBA99101CCA6FFF7FF92CBA99717761F0212CD117FFF761F0010CC16B6
:205BF0000008FFC2763F0212FF8ECAA89611761F0010920E5207EC344412EE324116EF0BD8
:205C0000763F0212921E520A6709761F00101816FFFD6F04761F02122B1E761F001042160E
:205C1000EF0B761F02129221520A6709763F00101816FFFB6F04761F02122B21761F001058
:205C20004316EF0B761F02129218520A6709761F00101816FFF76F04761F02122B188BBE81
:205C300000065220680E52406704FFC09C0B6F0A560303A9BE110EA9F60F1FA69C0F6F0219
:205C40009CF6500056B400A9000698048F00849B767F52E7761F0212921B520A68162B1BBB
:205C5000761F002C920DFFC38F008B5A767F53495000EC0B761F022D921B767F5C31761F3E
:205C60000010961F081F0003000600005D6D003F5D80003F5DA3003F5DDC003F5DF4003FC3
:205C70005E10003F5E26003F5E28003F5E2A003F5E2C003F5E2E003F5E30003F5E32003FE8
:205C80005E44003F5E46003F5E48003F761B0005AABDA2BDA8BDA0BDC2BDC3BDABBDFF696E
:205C90005616294277B75633763F023E080076C00B03062E8C3D0B8410B88CAC0B84102FCB
:205CA0008CACE8F810B81E2E213D922F961376FF5C66560300003E01000F560100A7C5B897
:205CB000FF20000076203B015633761F023E2D10361C2DA83613562F062028A9076C56741F
:205CC0000020962076C00B01761F023E92229EB856C2000398009621852008A9FFFF9E2150
:205CD00096111B1F0000EC0F0634FF0F005056C2000300001E341B11000056C4000506344E
:205CE00056CF000C921196232D2412312D23333007AB2D39FF500734FF5A9223962456CF41
:205CF0000002A9A91BA8FF9C56C3000528A8FF9C98000F3A56C50003063A1E34520056C35D
:205D000000039B002B1F76C00B051BB80E1056C400190A1E1B1E000156C400157622761F73
:205D100001A11A180004763F01A21A180004761F01A31A180004761A761F023E28180001F8
:205D20002B1E76C00B051BB80C8B56C400059B001A3F000192211BA903B656C400059B006C
:205D30001A1F0002533256C200039B0076C0680997B8761F023F1B330001EC170A321B3236
:205D4000032056C400052B3228330001761F023E9221500056C200039A00761F023F963E11
:205D50002D3E123E07301E30761F023E9213543356C40003963376C0681C1AB80001761FEA
:205D600000332821000487BEC5BEC4BE83BE8ABE82BE86BE000376177602763F023E76C019
:205D70000B052DB82101060633030002330300073304A7011E0692089E019609007F5CB312
:205D8000761F023E060E2D09330C07AB1E0E330B07AB2D1556C2000700001E0E961056CF7F
:205D900000125627000D56C5000A00005623000D1E0E5610961056CF00065623000D56105D
:205DA0009610007F5CB356CF00379A0076C00B0593B89F0853D556C200091B190001ED0E08
:205DB0001BA8FF2B56C2000B9A012B381B140000ED052814000156CF00161B140000EC1BF6
:205DC0001B140002EC161B140003ED155201EC112B142815000D060EFF311E0E2B3E56CF85
:205DD000000B28140002060E56811E0E2815000B283E0001007F5CB3761F023E2D131213DC
:205DE0001EAC761F023F0720AB20032403241EAC5605002C5663002C56570022A92256405D
:205DF00000241E2400FF5CB3761F023F1B0D0001ED16800E92B89B00950C00A896B8800F84
:205E000092B828A80200950C80A896B80A0C1B0C01F456C400052B0C280D0003007F5CB301
:205E1000761F023F0A068724ABA90726AB26032A032A1EAC5605002E5663002E5657002826
:205E2000A9285640002A1E2A007F5CB3007F5CB3007F5CB3007F5CB3007F5CB3007F5CB335
:205E3000007F5CB3761F023E76C00B05061A8C1703F510B88CAC03F5101B8CACF81510B8BE
:205E40001E1A2117007F5CB3007F5CB3007F5CB3007F5CB3761BC3BDFF69ABBD76C0680E0D
:205E500028C7000576C0684E28C7000576C0688E28C70005761F00331824FFFE761F003375
:205E60002821000287BEC5BE7617760298048E008C28767F52E7761F022D1B1355AAED0719
:205E7000761F02301B2807D068056F00761F02302B280006761F0010922C761F022D960474
:205E8000767F16E1767F1726767F536F761F00109239767F5ED4761F00109225932C767F86
:205E90005ED78F000430767F5FA0761F0010923776FF5FD5761F00119203767F669C767FC8
:205EA000400E76FF5FE076FF3215767F5B04767F5AA5767F5C45767F42A576FF5E66767F3C
:205EB000529A0006B2BD59A98E008C2B9A04767F52E79A0494A1560301A9761F02301B2B7B
:205EC00003E868112B2B0A26542664022B26922652086906CC260001767F596F6E0498006C
:205ED000767F596F8BBE0006767F597B0006B2BDAABD5AA859A98F008C2E9A03767F52E7E9
:205EE000761F0010922FEC039A026F029800761F0210961576FF48D9761F00019230761FD3
:205EF0000010960CEC15763F0230922E5296681356BF962E761F0010CD150040CC15000054
:205F0000FFD5FFCCCAA8ED07767F48156F04761F02302B2E761F0010923AED1A761F001179
:205F1000CC2000E0FFC45202ED0C92A15201763F022756B1320E761F022756B1010FEC1019
:205F2000761F02272B23761F02272B0F6F09761F022756BF1924763F022756BF012392A18B
:205F30005201EC09763F02279223ED05761F0227920FEC0A761F022D92035001ED059A01F8
:205F4000767F480C6F049A00767F480C92A2767F481A767F4825761F0010962E86BE8BBEBF
:205F50000006761F00104516EE1A92325201ED13923452C86810923552C8670D761F023098
:205F60000A279227521E68182B27763F00101A1600206F12761F02302B276F0E761F023002
:205F70000A279227523C60082B27761F00109209ED031816FFDF761F021790005203EC0D17
:205F8000761F00104B12EF09761F00114820EE05761F00101816FFDF761F00109232520199
:205F9000ED074516EE05923476FF6C1C6F049A00767F6C1C76FF6C20763F001096350006CB
:205FA000C00800FF6F9E5DADC5A4DD87F606248559475B455A4492A15203EC05761F001095
:205FB0004B12EF08761F022D920B5201ED03767F5F51761F00114820EE1592A1EC0F5001A4
:205FC000EC085202ED0F92A393A2767F59B46F0A92A393A2767F59976F0592A393A2767F76
:205FD0005987C00800FF6FFA00069B00761F021C520056B001A89703767F429A00060006D5
:205FE000761F001092305203EC11761F021C920C52026407920C761F00109C0496216F0CC3
:205FF000920C761F001096216F07761F021C920C761F00109621761F021C9207761F001083
:206000009620763F021C9209761F00109622761F00019223761F001096230006761F023E7B
:206010009218ED0C761F01BF1A1A00001A030002761F022D56BF01030006761F01BF1A1CB7
:2060200000001A050002761F022D2B030006B2BDFE0476FF764A5CADDC84F6032484761F02
:206030000010921893195C2576FF60AE59A9761F00104112EE1B5CAD921B93255D2DDC848B
:20604000767F27AD88A9761F0010CDA60001FF93CC13FFEFCBA9971392A6FFC1CD15FFF7E0
:206050008001FF82CAA896156F0356BF0D445CAD921A932DDC83767F290D88A9761F001064
:20606000CDA60001FF92CC13FFF7CBA9971393A6FFD0CC14FFFD9101FF90CBA9971492A6CC
:20607000FFC1CD15FFFB8001FF81CAA89615FFC18001CD15FBFFFF89CAA896155CAD932DCB
:20608000DC82921C767F29DE88A9761F0010CDA60001FF91CC13FFFBCBA9971393A6C81412
:20609000FFFEFFD09101CBA9971492A6FFC1CD15FFFD8001FF80CAA8961598035CADDC847C
:2060A000767F06F8761F00109628792692A15428690259287927FE848BBE0006C00C00FF14
:2060B0006F9E59A45AA85BA976FF76325CADDC8BF60A248498038F008B37767F52E79A03D4
:2060C0008E008B3A767F52E7761F001092115201EC04920F5001ED07761F022C2B3A2B3744
:2060D000D0002B3592A29EA3761F022C54346205543456B401336F022B33963493A1ED03D6
:2060E0002B332B36500A63291BA9FFF66316923A52B4670D761F00109207EC06761F022C90
:2060F0009235FFEF00EC9800FFEF00E956BFB43A98002B37FFEF00E32B3A1B37038069040B
:2061000098002B376F071B370258600398006F0298049635FFEF00D32B3A2B379333ED4E07
:206110001BA9FFFB64451BA9FFFB60035000643D500060035005643652056003500A642FAD
:20612000520A6003520F6428520F600352146021521440034019641A52196003521E6413D3
:20613000521E60035223600C5223400352286005522856B30A326F1D56BF09326F1A56BFCB
:2061400008326F1756BF07326F1456BF06326F1156BF05326F0E56BF04326F0B56BF033209
:206150006F0856BF02326F0556BF01326E022B3292365432562A06326F525201ED5052231A
:20616000634852236303521E6341521E62035219633A521963035014633352146303520FB0
:20617000632C520F6303500A6325520A63035005631E5005630340006317500062041BA950
:20618000FFFB630F1BA9FFFB63041BA9FFF663061BA9FFF663202B326F1E56BF01326F1B54
:2061900056BF02326F1856BF03326F1556BF04326F1256BF05326F0F56BF06326F0C56BFDE
:2061A00007326F0956BF08326F0656BF09326F0356BF0A3292365432562A0832761F0010AA
:2061B000922693A1EC1A761F022C93325536EC1B5536660C5536671793369F3255A96604BB
:2061C0009E3694326F1098016F0E95A99F3692A8520D69099A0D6F07761F022C58325CADFF
:2061D000DC8B929493329736761F0010970A500456B804A9761F022C9635C00C00FF6FFA79
:2061E0000006FC0298048E008BAD767F52E7761F001056BF0D282B294B1256CC009156BFA3
:2061F000012456BF012F761F00114020EF7B761F001056BF0132761F022E1B2D01F4697FDE
:206200002B2D922B520562115005EC3E500260085002EC4E5000EC515001EC606F135003DB
:20621000EC3F5004EC366F0E400840085008EC195206EC255207EC1C6F055209EC0B520A77
:20622000E80456BF0C2B6F4A761F01BF1A0C00006F45761F01BF1A0C00101A0A00006F3EE2
:20623000761F01BF1A0C00081A0A00106F37761F01BF1A0C0020180A00086F30761F01BF38
:206240001A0A00206F2B761F01BF180500086F26761F01BF1A1C0000180300086F1F761F80
:2062500000102B39761F01BF1A1A00006F17761F001056BF01396F12761F00102B39761F98
:2062600001BF180500081A1C00001A0C0000180C00101A0C00081A0C0020761F022E0A2B3B
:206270006F0E761F00102834032056BF033356BF01322B3056BF013956BF0137761F00103E
:206280009220767F6310761F0010FFC10001CD15FFDFFF84CAA89615932C5CAD9221DC8146
:20629000767F632688A9761F0010CDA60001FF95CC13FFBFCBA9971393A6FFD0C814FFF7FD
:2062A0009101FF92CBA9971492A6FFC1CD15FFEF0001FF83CAA89615921D767F6362761F36
:2062B0000010FFC18001CD15FF7FFF86CAA89615922A544168029241962B900CED11761FFD
:2062C0000217920F761F00109C80541F65041016FFBF6F111A1600801A1500006F0C520A4D
:2062D000EC061A1600001A1500406F051A1600801A150000761F02332B03761F0010101607
:2062E000FFEF1016FFFD1816FFF71816FFFB1816FBFF9216C809CA15ED08922BE80392246F
:2062F0006F02980096256F052B252B3256BF0109761F0011C82000E0FFC45002ED05761F80
:206300000010922B6F07761F0010922B932C76FF636F761F0010962C767F1020FE820006C0
:20631000528A60041BA9010E680B528660041BA901226009761F022E56BF042C6F04761F49
:20632000022E2B2C761F022E922C000600FF6F9A82A45AA859A998048E008BB3767F52E785
:20633000761F02165403013754A169225603013754A1690F5603013754A1660B761F022ED7
:206340001B3303E8600492A29CFF96C398026F135603013754A169085603013754A1660475
:206350007AC398016F0856BFFFC398006F0456BFFFC398045002E804761F022E2B3300FF2B
:206360006FF6000688A9761F02152D22350A08A9FD8054A66203980400069800000600FF7B
:206370006F9A59A85BA95AA18E008BB09804767F52E7761F022E1B3001F460162B3092A366
:2063800054A16909980194A15AA992A1500A56B80AA26F0A54A1670892A1520A69039CFF0B
:206390006F029A0A5AA992A200FF6FF60006FE0C761F022C921B9648961C96499220652D0A
:2063A000922165145420630A92209E21964254030121964356BF01416F4C902096429221E8
:2063B0009C20964356BF02416F44FF5C5020620B9221FF5CFF80964292219020964356BF3F
:2063C00006416F3792219420FF5C964292209E21964356BF05016F2D922165189020FF5CFA
:2063D0005421650B54030121964292219020FF5C964356BF03016F1D92219020964292214D
:2063E0009E20964356BF02416F145420620A9420FF5C964290209E21964356BF05416F0949
:2063F0009C2096429221FF5CFF80964356BF0441924394429645921D5445670D5C4529012C
:20640000251D767F7B9996472D47360297422D4736439743924394429645924896469249F1
:206410005445FFE800A992435442693892465443670A761F022C9622962396432B242B428E
:20642000FFEF009A544569209E4596449249544560109244761F022CFFC094459622924452
:20643000FFC0944396239244FF809624FFEF00849245761F022C94449622924394449623EC
:20644000924496246F78761F022C9622924396232B2492469E4396426F6E92465442670921
:20645000761F022C962296422B432B232B246F635445691C9E45964492495445680F924460
:20646000761F022CFFC0944596229244FF80944396239244FF8096246F4E9245761F022CBE
:206470009622900396232B246F46761F022C96229E42962396432B246F3E9246761F022C80
:206480009E229442962292469E239443962392469E249E429E4396246F3E761F022C92224C
:206490009E429E43962292427223924372246F33761F022C9246EA22EA23EA246F2C761F0B
:2064A000022C924274229243742392429424944396246F219246761F022C9E229442944323
:2064B000962292469E239E42962392469E249E4396246F1192415004620A5004ECDA50012F
:2064C000E80A5002ECBB5203ECC96F055205ECD85206ECE1761F022C922493229423FFC06F
:2064D0009FA9971E8E006EDAA8AC0E230124564400A9B31F761F022692365001ED17761FAB
:2064E000000C922A761F022C9422964A761F000C9219761F022C9423964B761F000C921889
:2064F000761F022C9424964C6F09761F022C9222964A9223964B9224964C9248544A67044F
:206500009248964A6F04924A63022B4A9248544B66049248964B6F04924B63022B4B9248F5
:20651000544C67049248964C6F04924C62022B4C924A9622924B9623924C962492489E221C
:20652000961A92489E23961992489E249618FE8C0006B2BD8BA498048E008C3C767F52E7C9
:2065300092C152CA620F52CA56C101124000EC1A523DEC1A527556C1009252C556C1011299
:206540006F0A52DC56C1012852E856C1013952F456C1014B2B819803FFEF014E761F0011F6
:206550002B1A56BF3DC1761F0011921D541CED0A921E5001EC07921F5001E8049800FFEFAF
:20656000013B921E4001EC34921F5001EC23921D541C6414761F023056BF023B761F001167
:206570009E1C761F02309638761F0011921CED28761F0230083800086F23761F023056BFD6
:20658000013B761F0011921C9E1D761F023096386F1756BF021F761F023056BF023B761FB1
:206590000011921D761F0230980896386F0956BF021E761F023056BF023B28380230761F09
:2065A000001156BF011A761F0230583A8F3F763D0094EE06761F01BF1A0C00406F05761F74
:2065B00001BF1A0A00004194EC041A0C00106F031A0A00104294EC041A0C00086F031A0ABC
:2065C00000084394EC041A0C00206F03180A0020761F02302B3C56BF75C1761F02301B3C5B
:2065D000021267049800FFEF00C72B3992385439FFE90083923B5001EC1E761F021792123F
:2065E0005001EC0B5002ED11761F0230923A56B1073AEC0B0B3A6F09761F0230923A520788
:2065F00060032B3A6E020A3A761F0011921D65200B1D6F1E761F021792125001E80C500297
:20660000ED11761F0230923A520760032B3A6F0A0A3A6E08761F0230923A56B1073AE802D0
:206610000B3A761F00111B1D01F462020A1D761F0230583A8F3F763D0094EE06761F01BF10
:20662000180C00006F05761F01BF180A00404194EC041A0C00106E031A0A00104294EC04A5
:20663000180C00086E03180A00084394EC041A0C00206F03180A0020761F023092399E385A
:206640001BA9FFFFEC0B2B3C56BFCAC1761F0230923C521E670D98006F4E2B3C56BFC5C1AA
:20665000761F02301B3C0012660398006F440A39923854396680761F01BF180C00001A0C27
:206660000010180C00081A0C0020761F02302B3C56BFDCC1761F0230923C521E67039800B1
:206670006F2A761F0011921E5002ED1056BF031E761F02302B3A2B3C56BFE8C1761F02307E
:206680001B3C07D0670398006F16761F0011921F50025680FEC556BF031F761F02302B3AA0
:206690002B3C56BFF4C1761F02301B3C07D0FFE7FEB798008BBE0006761F0011961C0006E4
:2066A000767F66C47622761F01801A1C0008FF6976FD7C803E67761F01C0181CFFF7761A43
:2066B000FF69767F6780980A9B02767F66D4767F671F00067622761F018056BF552556BF45
:2066C000AA25761AFF6900067622761F018056BF6F29761AFF6900067622761F01C056BF91
:2066D0002F29761AFF69000688A9761F01804311EF0676221A110010761A7625CC11018068
:2066E000E80576221011FE7F761A9221800F54A6EC1576221A110040CC21FFF000A9CCA6B0
:2066F000000FCAA79621761AFF69767F66C40011EFFF76221011FFBF761A5201E8035202A4
:20670000ED0B7622C811FE7F88A9CCA80003FF86CAA69611761A5303ED117622CC11FE7F79
:206710001AA900009611FF69FF2001F276000027761F018018110180761AFF690006762292
:20672000761F01BE18080030761F01C056BF021BC810FFFC400294101A1C00081A200001FB
:2067300018200002182000001A2000001A2000001A1D00001A1D00011A1D00021A1D000480
:206740001A1D00081A2000001A1C00011A1C00101A1C00001A1C00001A1C0004761AFF69A5
:206750000006FC027622761F002B2020FFFF2021FFFF2022FFFF2023FFFF2824FFFF282538
:20676000FFFF2026FFFF2027FFFF761A761FFDFF9238964192399641923A9601923B964127
:20677000923C9641923D9641923E9641923F9641761F002B922F0001E001FE82FF6900061E
:206780007422761F01801012FEFF1012FFFE1A120000181200001A120000761AFF6900068F
:206790007622761F01C01812FBFF1A1200021A1200001A1200001A1200011A120000761A68
:2067A000FF6900067622761F01801012BFFF1A1200001012FFFD1A1200011A1200041A120A
:2067B00000001A120000741AFF6900067622761F01C018100000181200001012DFFF181237
:2067C000FFFD181200011A1200041A1200001A120000761AFF690006761B29425616762509
:2067D0006E00761B2942561676256E00761B2902561676256E00761B2942561676256E0028
:2067E000761B2942561676256E00761B2942561676256E00761B2902561676256E00761BF5
:2067F0002902561676256E00761B2942561676256E00761B2942561676256E00761B29420B
:20680000561676256E00761B2942561676256E00761B2942561676256E00761B29425616B9
:2068100076256E00761B2942561676256E00761B2942561676256E00761B2942561676257A
:206820006E00761B2942561676256E00761B2942561676256E00761B2942541676256E0099
:20683000761B2942561676256E00761B2942561676256E00761B2942561676256E00761B64
:206840002942561676256E00761B2942561676256E00761B2942561676256E00761B2902BA
:20685000561676256E00761B2942561676256E00761B2942561676256E00761B2942561669
:2068600076256E00761B2942561676256E00761B2942561676256E00761B2942561676252A
:206870006E00761B2942561676256E00761B2942561676256E00761B2942561676256E0047
:20688000761B2942561676256E00761B2942561676256E00761B2942561676256E00761B14
:206890002942561676256E00761B2902541676256E00761B2942561676256E00761B29426C
:2068A000561676256E00761B2942561676256E00761B2942561676256E00761B2942561619
:2068B00076256E00741B2102541674256E00761B2902541676256E00761B290254167617BA
:2068C0007402761B2902561676256E00761B2942561676256E00FC014FA8EF03FF54000166
:2068D000F60F1F45940025A8F60F1F4593005632FE8100068AABA3A90000F61F561700438F
:2068E00092ABA3A40006A8BD8AAB2804565F2FA92BAB85A8F61F5617004506AB5632A3A471
:2068F0008ABE0006A8BD28048AAB565F87A906465405004656630046F61F5617004806AB2A
:206900005632A3A48ABE0006FC022804565F87A906465405004656630046A9A6A3A90000C6
:20691000F61F56170048A9A7A3A6F61F5617004806A768025658A9841EC4FE820006A8BD7B
:206920008AAB2FA92BAB05A8F61F5617004506ABA3A48ABE0006ABBD761DA8BD280487A9FE
:20693000064A5405004A5663004A3A01565F8E0000000FA463055632568906AB6E04FF200F
:206940007FFE563228018ABE741187BE0006761F00012D06761F00013607761F0001F60FBA
:206950001F08761F0001961D5408FFFF761F0001F60F1E08761F000194200006761F0001B6
:206960002508761F00010D07761F0001F60F1F06761F0001961D5408FFFF761F0001F60F42
:206970001F06761F000196200006761F00012D06761F00013407761F00019620761F000114
:206980009706761F00013408761F00010106761F0001961D761F0001971E0006761F0001BB
:206990002D06761F00013607761F0001961F761F0001971E851E761F0001370807AB761F8C
:2069A00000019420761F0001971EFF200000761F00012B1D0C1D961D251D761F00010D1EFB
:2069B000761F0001360507AB761F0001971E761F0001961D000676220000761F01BE1C069C
:2069C0001C081E161E361E0A1E1A2B3A1C021C041C121E0C1C1C10080001C806FFFC400155
:2069D0009406180C00021006FFF3761F01BF18020002761F01BE180A0002180C0004C80600
:2069E000FFCF401094061A0C0008C806FF3F400094061A0C0010C806FCFF1AA9000094066F
:2069F0001A0C0020C806F3FF1AA900009406180C0000C806CFFF1AA900009406180C008063
:206A0000C8063FFF1AA900009606CC07FCFF1AA900009607100AEFFF1008FFFC761F01BF6D
:206A10001A050001761F01BE1A0B00011008FFF3761F01BF18050002761F01BE1A0B0002D3
:206A20001008FFCF100BFFFB1008FF3F761F01BF18050008761F01BE1A0B0008C809FCFF3E
:206A30001AA90000940918050200C809F3FF1AA900009409CC16FFFC400196161A120003AB
:206A4000CC16FFF3400496161016FFCF761F01BF180C0004761F01BE1A1A00041016FF3F11
:206A5000761F01BF180C0008761F01BE1A1A00081016FCFF761F01BF180C0010761F01BE17
:206A60001A1A00101816F3FF761F01BF1A0C0020761F01BE1A1A00201016CFFF761F01BF26
:206A70001A0C0000761F01BE1A1A0000CC36FFCF402096361836FCFF761F01BF1A1C001078
:206A8000761F01BE1A3A00001836CFFF183AFFBF1837FFCF761F01BF1A1C0000761F01BE26
:206A90001A3A00001837FCFF761F01BF1A1A0000761F01BE1A3A00001837CFFF761F01BFA5
:206AA0001A1C0000761F01BE1A3A0000761AFF6900067622761F01801A1C0010761F01BEB2
:206AB000181CFFFE101CFFFD181200031A12000CC816FFFC40019616CC16FFF3400496167E
:206AC000761A761F01E41009FFDF56BF400756BF000C56BF2D0356BF2C042A011809002042
:206AD00020204000282100402B052002FFFFFF690006C00200FF6F9E02A459A87D429641D4
:206AE000C000761F01E44B09EE3F924196074802EE0428A900006F0056BF0105CCA100FF68
:206AF00094082009642018020020D000761F01E40002EC0A767F66BAD8011BA20FA069F707
:206B000028A9FFFF6F29C0009202940520096820761F01E44402EE0A767F66BAD8011BA20D
:206B1000177069F728A9FFFF6F17C000920254A0690790069693D001920254A066FB767F03
:206B200066BA98006F09767F66BAD8011BA2177069B928A95555C00200FF6FFA0006C00264
:206B300000FF6F9E82A459A87D429641D000761F01E44B09EE21920194074802EE0428A994
:206B400000006F22980194429605CCA100FF9408C000924254A06908929390FF9408D00178
:206B5000924254A066FA767F66BA761F01E420096E2098006F09767F66BAD8011BA2177075
:206B600069D728A95555C00200FF6FFA0006761F002C1B0E04D96405761F022C2B156E0485
:206B7000761F022C0A1592155284690456BF85152B14761F002C1B0E04D96806761F022C53
:206B80008014EC022B17761F022C0A1792175004E8035005ED09761F002C1B0E04D96804E7
:206B9000761F022C0A0A5006E807500C6833761F022C2B170006761F002C1B0E04D9690493
:206BA000761F022C0A0A761F022C9A00900A500256B701A82A0A9014ED065200ED1B2B0CA3
:206BB0000A1400065000E8035009600F5209E80B500AE8032B1400062B1456BF0113920CC0
:206BC000961600060A1400069CFF2DA9FF67990C0A1400069801761F022C930D5201EC0400
:206BD0002B0D9312970E0A0B930B530C6845930FEC3A5200EC18530967169DFF2DA8FF6697
:206BE000CE0EED06761F01BF1A1C00006E08761F01BF1A1A0000761F022C0810761F002CA0
:206BF000080F6F29920F5009EC0F520AED24761F01BF181A0000761F022C2B0F56BF010DCD
:206C000056BF01116F180010EC06761F01BF1A1C00006E05761F01BF1A1A0000761F022C7A
:206C10000A0F6F09761F01BF1A1C0000761F022C0A0F2B102B0B0006761F022C962C00066A
:206C2000761F022C922B0006761F01BFC8010004761F022CFFC15427E80A761F01BFC8019E
:206C30000004761F022CFFC196270A260A291B2903E868642B292D263505FF80962B2B2630
:206C4000922CEC51922AEC4F922B9C32542C56B30128761F00109236500A6605761F022C10
:206C50009228EC2B761F022C922C9E2B96319E302DA99231500A63061B31FFF665032B3113
:206C60002BAC3A01210A5403023107AB1EA68E013080072E0FA4600D06A68E00BB80072E99
:206C70000FA4600506A65401002E6F04A02E6E02A82E923196306F0F2B30761F0010041219
:206C8000EF04FF2004006F03FF200200761F022C5401002E062E3A01761F01A0FF459CFF81
:206C9000940A000656BF012A761F01A02B0A761F022C2B288E00D480A82E0006761B00052B
:206CA000ABBDA8BDA0BDC2BDC3BDFF6929425616761F003356BF0121761F023380005001D2
:206CB000E808761F022C9211ED06767F6BCA6F03767F6B67767F5A4EC5BEC4BE83BE8ABEED
:206CC00087BE000376177402761B0005ABBDA8BDA0BDC2BDC3BDFF6929425616767F52BA6A
:206CD000761F021308061B0603E860062B06761F022D56BF010B761F023E9018E811761F59
:206CE00001A056BF010A761F01BF1A1C00001A050002761F022D2A039800767F681C761F90
:206CF000001092205003E80D761F00114020EE09761F00104B12761F01A056BC010AEF0336
:206D0000767F6824767F426A767F3197767F4559761F00114020EE09761F02179212E805C5
:206D10008E008B4F767F6529C5BEC4BE83BE8ABE87BE00037617740227A82DA99CFF58A95E
:206D2000B4003A01C4A492AC9CFF85A9540100A693AB55C66005350A94A59CF6000655C413
:206D3000600392A5000692A754A0625894A0FFA02FA93A01C4A485A9540100A693AB55C6EC
:206D4000ED052DAA350A94A5000692AAC4A485A9540100A693AB55C6643C9801C4A494AAE7
:206D500085A9540100A693AB55C6422F980158AAC4A4C5A494A085A9540100A685A05401ED
:206D600000A72DC7350394C600A985A0C4A40AA0540100A605A0540100A42DC4350394C6EA
:206D700058A9540302AB88A993A755A656B200A6620793A055A656B205A656B50AA62DAA0E
:206D8000350A94A694A50006980194AA00A96F0358AAD88192A754A065AA28A9FE7000066D
:206D9000761F01BF4618EC05761F02302B346F04761F02300A349234521E690456BF1F3496
:206DA0002B32761F01BF4418EE06761F02309232EC022B36761F02300A3692365003ED39AF
:206DB0009232ED0B761F01BF4618EE30761F02302B312B330A326F2A5000EC1950096717B4
:206DC000761F01BF4618EF089CFF2DA9761F02309801FF669833761F01BF4618EF04761FCD
:206DD00002300A31761F02300A326F105009ED0D761F01BF4618EF0A761F02302B3256BF7C
:206DE0000137923396356E022B32761F02302B360006741B0005ABBDA8BDA0BDC2BDC3BD13
:206DF000FF6929425616761F01A11A1C0001761F003356BF04217623000428100001761F69
:206E0000021D5401000204029A00901FFF58761F022E56B1013B92365001E80956BF0136F8
:206E1000FF69767F4C1A761F022E2B36761F021D04029A00761F022E8007AF37ED1356BFDE
:206E20000137FF69767F4CAE2B37923BE80B2B3B923CED0856BF013C767F4CC6761F022E5A
:206E30002B3CC5BEC4BE83BE8ABE87BE00037617740228AD0400FF69561F5616561A294007
:206E4000761F00002802761B762228A97C2328A8003F0801611B76FF7C2328046F0F9A00EE
:206E500024A9DE016804290424A8DE011EA6F7A1248606A701A108011EA724A96303FF5C81
:206E60003A0459A9DE010009FFEC761A28A9FFFF28A8FFFF0801410E76FFFFFF6F06DE01B3
:206E7000C3BD1EA73E67C5BE24A9DE0124A8FF5860F7767F6F68767F6F83767F5106767F7B
:206E800066BA767F0010761F0010920E5207E828400240085002E8135000EC174001E812BA
:206E90006F055003E8095004E804767F00006F0F767F000A6F0C767F4CCB6F09767F40271D
:206EA0006E06767F20076F03767F0000767F0061767F0138767F0147767F06E26F03767FD6
:206EB00061E1767F5E7A6FCC28022804565FFF5A0642565F1E420000F61F5617004206AB42
:206EC00056322802762028022904565FFF5A0642FF561E420000F61F5617000256322802D2
:206ED0007420FF5A0000F61F56170042A9A97620FF5A0000F61F5617000274203A00761FC9
:206EE00000331020FFFE2B222B242B262B282B2A2B2C2B2E2B302B322B342B362B382B23C4
:206EF0002B252B272B292B2B2B2D2B2F2B312B332B352B372B39FF690006761F0033182036
:206F000000012021FFFF2810FF6900065CA871A997A63A0185A9FF565DA985A4FF565CA9E9
:206F100092A5F60F1FA44FA66802FF5C762096A65CA83A0185A9FF565DA985A4FF565CA98B
:206F200092A5F60F1FA44FA66802FF5D92A87620FF5A8EA4C5A492ABE8079CFF88A99285C4
:206F30009687000EFFFE92AB88A9A9A90FA6E81093AAE80EA9A99DFF5CA876BFFFFE92853E
:206F40009687000EFFFE92859687000CFFF88AA0000674220000761F01BE1E061C081E163C
:206F50001E361E0A1E1A2B3A1C021C041E121C0C1E1C1816FFCF1A1A0004101CFFFB1008C6
:206F6000FFCF180BFFFB1A0D0004761AFF69000628ABFFFF28AAFFFF28A9FFFF28A8FFFFBF
:206F70000FABEC04BC00D0006F098AA928A9FFFF28A8FFFF88C408028AA992A6767F6E7DE2
:206F8000000676006E00B2BD761F021259A9C53E3E67761F0225C53E06A7E80392A13E6716
:206F9000761F0225063CE8031EA73E67767F6F818BBE0006B2BDAABDA2BD7420B2BDAABDBB
:206FA000A2BD27AD565700A03FAD7620B2BDAABDA2BD5AAD27AD565700A03FADAAAB565D7E
:206FB00000A6A9A274208F7F72628E000D0676229800527D6306C48582849801527D64FC3A
:206FC000761A761F003318200001FF690006761D1EBD874454050048A9A4564700488742DD
:206FD000A9A95665004807AB87465665004407ABA8ABFE847620561F7622B98028290068B2
:206FE0000000761F01BE18011E0C1E1C761A007F6E39761B29425616761F003356BF0121A3
:206FF000761F000156BF0A327617740282BE86BE8BBE742027AD565D00A03FAD82BE86BE9F
:207000008BBE762097A69A00F60F1FA6742097A69A00F60F1FA692A87420C5A48A44A0A96D
:207010000FA769052484DE010FA766FD0006761F001056BF062656BF062756BF0D282B29D0
:207020000006761F0212A83C0006761F0012A83E000600067622761F002A1802000318038F
:207030000000180401FF1A0501FFC806FFF040029606C806F0FF1AA900009606C807FFE0A0
:207040004002940718000001761AF6067600FF6900068F3D7BFF980093C4530656B101A98B
:207050000006180156C3FFFF000692C40006FFFF00000000000006A016A005161BB6044AF4
:20706000000003C723C7036A273103242A5502EC2D4102BF20000298329802793511025C31
:20707000376D024339B0022D3BDD021A3DF70009000001F841F801EA43E201DC45BE01D09B
:20708000478E01C4495201BA4B0C01AF4CBB01A74E62019E400001955195018E53230187B2
:2070900054AA017F5629017957A201735915016D5A8201675BE901625D4B015D5EA80158D0
:2070A000400001536153014E62A1014A63EB0146653101426673013E67B1013A68EB013787
:2070B000682201336B55012F6C84012D6DB101296EDA012660000123712301207243011D31
:2070C0007360011B747B01187593011676A9011277BB011178CC010E79DA010C7AE6000908
:2070D0007BEF00087CF701057DFC01037EFF0001000000FF80FF00FD81FC00FB82F700F955
:2070E00083F000F884E800F585DD00F486D100F387C400F088B400EF89A300ED8A9000EC9F
:2070F0008B7C00EA8C6600E98D4F00E78E3600E68F1C00E4000000E390E300E191C400E04C
:2071000092A400DF938300DE946100DC953D00DB961800D996F100D997CA00D798A100D6BA
:20711000997700D59A4C00D49B2000D39BF300D19CC400D19D9500CF9E6400CF9F3300CD31
:20712000800000CCA0CC00CBA19700CBA26200C9A32B00C8A3F300C8A4BB00C6A58100C6F7
:20713000A64700C4A70B00C4A7CF00C3A89200C2A9540081AA150080AAD50080AB9500BE29
:20714000AC5300BEAD1100BDADCE00BCAE8A00BBAF4500BBA00000BAB0BA00B9B17300B8C5
:20715000B22B00B8B2E300B6B39900B7B04000B5B50500B5000000C90192025B032403ED58
:2071600004B6057F0648071107D908A2096A0A330AFB0BC40C8C0D540E1C0EE30FAB00721D
:20717000113A000112C8138F1455151C15E216A8176E183318F919BE1A821B47180B1CCF24
:207180001D931E571F1A1FDD209F2161222322E523A62467252825E826A82767202628E5AB
:2071900029A32A612B1F2BDC2C992D552C112ECC2F87204130FB31B5326E332633DF3496BC
:2071A000354D340436BA376F302438D9398C3A003AF23BA53C563D073DB83E683F173FC544
:2071B0000073012141CE427A432543D0447A452445CD4675471C47C34869490F49B44A58DB
:2071C0004AFB4B9D4C3F4CE04D814C204EBF4F5D4FFB5097513351CE52685302539B543281
:2071D00054C9556055F5568A571D57B0504258D3596459F35A825B0F5B9C5C285CB35D3EF7
:2071E0005DC75E4F5ED75F5D5FE3606860EB616E61F0427162F1637063EE646C64E865634A
:2071F00065DD665666CF674667BC683268A66919698B69FD6A6D6ADC6B4A6BB76C236C8E7B
:207200006CF86D616DC96E306E966EFB6F5E6FC16022608370E27100719D71F9725472AE78
:207210007307735E73B5700A745F74B27504755575A575F37641768D76D87722776B77B306
:2072200077FA783F708478C77909794A798979C87A057A417A7C7AB67AEE7B267B5C7B911F
:207230007BC57BF87C297C597C887CB67CE37D0E7D397D627D897DB07DD57DFA7E1D7E3E09
:207240007E5F7E7E7E9C7EB97ED57EEF7F097F217F377F4D7F617F747F867F977FA67FB454
:207250007FC17FCD7FD87FE17FE97FF07FF57FF97FFD7FFE7FFFC30C68C1003F6881003F42
:2072600068C1003F68C1003F6881003F68C1003F68C1003F68C1003F68C1003F68C1003F0E
:2072700068C1003F68C1003F6881003F67CC003F67D1003F67D6003F67DB003F67E0003F9A
:2072800067E5003F67EA003F67EF003F67F4003F67F9003F67FE003F6003003F6008003F18
:20729000680D003F6012003F6817003F601C003F6021003F6826003F602B003F6030003FDA
:2072A00068C6003F6035003F683A003F683F003F6044003F6849003F684E003F6853003F04
:2072B0006858003F685D003F68C6003F68C6003F68C6003F68C6003F6862003F6867003FF0
:2072C000686C003F6871003F68C6003F68C6003F68C6003F68C6003F6876003F68C6003F45
:2072D00068C6003F68C6003F68C6003F68C6003F68C6003F68C6003F68C6003F68C6003F36
:2072E00068C6003F68C6003F68C6003F68C6003F68C6003F68C6003F687B003F6080003FBF
:2072F00068C6003F68C6003F68C6003F68C6003F68C6003F68C6003F68C6003F68C6003F16
:2073000068C6003F68C6003F68C6003F68C6003F68C6003F68C6003F6885003F688A003F82
:2073100068C6003F68C6003F68C6003F68C6003F68C6003F68C6003F688F003F6894003F5E
:2073200068C6003F68C6003F68C6003F68C6003F68C6003F68C6003F68C6003F68C6003FE5
:207330006899003F689E003F68A3003F68A8003F68AD003F68B2003F68C6003F68C6003F98
:2073400068C6003F68C6003F68C6003F68C6003F68C6003F68C6003F68B7003F68C6003FD4
:2073500068C6003F68C6003F68C6003F68C6003F68C6003F68C6003F00010000000000008E
:20736000000000000000000000000000000000000000000000000BB800000BB80000000087
:20737000000000000000000000020000000000000000177000000000000000640000000010
:2073800003E804E204E261A861A80000004B00DC008C29AB0880000304DD038401A403847E
:2073900000C803E8004B017C0095138805A00396026100560247042C003B03E80000000A92
:2073A000000000000000000A0190000009C4000A0190001F0DAC00000007032000000000C8
:2073B000000A000D05DC07D0000003E8001E000200C800640000000000000BB8000003E809
:2073C0000000000003E8000003E80000000000000000000000000000000000640000000073
:2073D0000000000000000000000000000064000A000200000000000007C000000000000066
:2073E00000010BB80000000100C80000017C0000000000500001000004B00064000103E82E
:2073F0000000000A03E803E8000100020064005A00040002000D001F0032001E0028003200
:207400000046332C03520000005000140002003267840FA0128003E8004600C8000A03E8C0
:20741000000700000009000A03E803E800000000000000000000000000000000000000016B
:207420000514003203E800010578000105DC03E80001000000320000000000000000000098
:2074300000000000040000650000006E017C006400010000000B000303E803E80190009678
:20744000008C00E6000C000C000D000E000F001000100011001300140015001600170019C5
:20745000001A001B001D001E00200022002400260028002A002C002E0030003300350038A4
:20746000003B003E004100440047004A004E005100550059005D00610065006A006E0073C2
:207470000078007D00820087008D00920098009E00A400AA00B000B700BE00C400CB00D2D5
:2074800000D900E100E800F000F800FF0107010F011801200128013101390142014A01539A
:20749000015C0165016E0177018001890192019B01A501AE01B7018001C901D201DC01E50A
:2074A00001EE01F7000000090212021A0223022C0234023D0245024E0256025E0266026EBD
:2074B0000276027E0286028D0295029C02A302AB02B202B902BF02C602CD02D302DA02E0CC
:2074C00002E602EC02F202F802FD03030309030E03130318031D03220327032C033103358B
:2074D000033A033E03020346034A034E03520356035A035D036003640367036B036E037140
:2074E00003740377037A00350038003B003F00430047004B004F00540058005D006300683F
:2074F000006D00730079007F0086008C0093009A00A200A900B100B900C100CA00D300DB77
:2075000000E500EE00F70001010B0115011F012A0134013F014A01550160016B0176018157
:20751000018D019801A401AF01BB01C601D201DD01E901F40000020B02160221022C02371D
:207520000242024C02570261026B0276028002890293029C02A602AF02B8028002C902D1A5
:2075300002DA02E202E902F102F902000307030E0315031B03220328032E0334033A030057
:207540000345034A03500355035A035E03630367036C037003740378037C03800383038777
:20755000038A038E039103940397039A039D03A003A203A503A803AA03AC03AF03B103B3E8
:2075600003B503B703B903BB03BD03BF038003C203C403C503C700060006000600060006DE
:207570000003000400050005000500020003000300040005000100010002000300040001C8
:207580000002000300040005000200030005000500050003000400050005000500050005A9
:2075900000050005000500000075006E006B006E006F0077000000000044004B0051003515
:2075A000006D0048003100320001003100380030003500300033000000410053004E003966
:2075B000003800440033003200550046005A0000000304B5037A01D4037A00C807D00FA00C
:2075C0001280000A000A0000000000320DAC01F401F4752075300834005000A0000A000AB6
:2075D0000190019000280002032F01F4019E01F4000000000FA012800000000005DC07D09B
:2075E00000461B5801F401F44C204C2004B00050008C000A000A01800190001E0003000336
:2075F00000030002000300030001000200030001000100020001000100030002000200035A
:20760000000200030003000300030003001500080009000A000B000C00130014001D0020AE
:20761000002700280029002D0039006A006C006E00730075007700D4000000000000000005
:20762000000100020005000700080009000A00000000000000000001000300050007000907
:20763000000B000C000000000000000000010003000500070009000B000C000100090008E1
:20764000000C0004000600020003000D000D000D000D000D000D000D000D000D000D000D80
:20765000000D00E600BB000D000D3A02FF683A01FC0A761F000C56BF003E54030F14F60FFB
:207660001F029A00FF3E540100A9971354030F0754000C0954000C0834A8555507A907A946
:20767000970754030F0954000F088CA849E716AC540100A94A24563296008F008C982D2BC7
:2076800054030407565000C5566100D533A9572A54030609565000C5566100D533A957198B
:2076900056030408565000C5566100D533A957188E008C492DC425173307110C974554001C
:2076A0000C3733A8250A00079207940A76808C6F2DC712A807A907A907A907AB5400083B47
:2076B0005401003A25168E008C492DC43200110C974654000C3933A8250B00008000940BAD
:2076C0002DC712A807A907A907A907AB5400083D5401003C2D1712072D16320007AB768096
:2076D0008C941EC68E008C492DC4330716AC2DA8100776808C8A1EC62DC4320016AC2DA8B0
:2076E000000076808C881EC60224EF178E0003321BCC000856C40012254556BC00A854001A
:2076F0000C37FF4B54010036254656BC00A854000C39FF4B54010038933DFF569744933BFF
:20770000FF56974392445544562A0443562B00449FA9FF90933DFF53933BFF53FF533C0098
:2077100000078F3F7C1B540100A454030F44F60F1F438F7F7BDA9A00FF352DA90EA85401D1
:2077200000A593CD9FC536A805C5FF000584FF56FF30001A8F008C42562B0CC5451A562B83
:207730000D038F008C828AC5980028AC000756229641540301A8540100A4A8A9FF10000022
:2077400083A906C487D4564100AC324107AB07A9974306C587D5560100AC324107AB07A9E7
:207750002DA8333B1643333D10AC8F00034A97C58E008C6E24039FC473C497018E008A68B8
:207760002DC428048501010D565FF60F1FAC2DA985A85632960D85AC56322802768089A79C
:2077700072C63A0225418E008C8087C4560500A9566300A956818E008C98565000C456612A
:2077800000D456AF76808C961EC676808A3E03C607A98E008A282DC4566300A9540100C62F
:207790002C00330E1407330F170E97201400330F11ACFF54971D2C008E008C4433C414077D
:2077A0008F008C5133C517C48E008C4B97C4140033C511ACFF548F008C4D97C525178E0020
:2077B0008C4504C4974125168E008C4804C497422D418E008C5133C416428F008C4433C58B
:2077C00017C48E008C5097C4160133C511AC8E008C4A97C48E008C748F008C972DC533C455
:2077D0008E008C4D16C410AC33A88E008C4916C410AC07A98E008C5005C476808C4B33C61F
:2077E0008E008C4D13C48E008C7B97C48E008C662DC412C507A907A92DC612A807A907A9A6
:2077F00007A98E008C4A04C410ACFF548E008C7E97C48E008C640EC48E008C5B94C496C424
:20780000FFC68F008C828AC58F008C5C2DC58F008C5DFF30540100A406C412A8562F01C5DF
:20781000452556BC00C58E008C0056030FC48E008C5F2DC4333310AC8F408C828AC55609BA
:207820000FA828AC000654109641540301A8540100A4A8A9FF10000083A906C487D456017B
:2078300000AC324107AB07A98E008C4497C406C587D5564100AC324107AB07A98E008C5154
:2078400097C48E008C5D2DC412A88E008C45B3C48E008C4412C48E008C48B3C42C02121573
:20785000B3AC8E008B1E12C4562F061725CC4A24563212A8562F06162D17330F1616330ED5
:20786000170F97231617330E11AC97228F008C980426EE488E008C6225C4974307A94226DA
:20787000562B0D4376808C8E8E008C742D3333C4161D10AC970133A8571C8E008C495403A3
:2078800002C4565000C52DA9252317C613CE974225222D411320571B1143042712A8540417
:207890000CCE2FCEFF4B565000C5566100D596CE93A904AA07A99728124254040CC62FC690
:2078A000FF4B565000C5566100D596C693A904AA07A997294E2456BD002956BD00282B2994
:2078B0002B288F008C982C0433338E008C6516C412A8FF49565000C5566100D596278E007F
:2078C00003C09384402456BC00A8768003DD56BC00C68E000356567500C4567300CC921E47
:2078D000431A562A0DA8971E041D9701FF569228552C56B400A9934104A997418E008C6979
:2078E00092C49648FF5C96478E008C4C92C40024EF078E008C702DC436A992A893012D3EB3
:2078F000432656BD00ACFF6496452DA912A8FF47565000C5566100D5FF3F56BB00AC07340F
:20790000971F05275675004856730047011A562B08062D01FF54562B0AAC930671AC2F41DA
:2079100056B300AA8E008C4693C40024EF058E008C702DC436A82DA8214633AA16AC54014C
:20792000003493109021421A562A0DA8972100209741FF569229552C56B400A9934104A9B9
:2079300097012D4512A8FF47565000C5566100D5FF3F56BB00AC072E5675004856730047E3
:20794000011A562B08052D41FF54562B0AAC930571AC2D4156B300AC124607A95401002E23
:207950004124EE0BFF2000008E008C8E96C496CC96359406962F940554030F038E008C5F91
:207960002DC4333310AC8F008C828AC556090FA828AC000654109641540301A8540100A4E4
:20797000A8A9FF10000083A906C487D4564100AC324107AB07A9970E06C587D5564100AC1F
:20798000320107AB07A9970F2C05330F1406330E130F8E008C4505C497121405330E00137E
:207990008E00884805C497118E008A2033A857A98CA949E757A84824563297CC931233A8BA
:2079A00057C42802FF69FE8A00063B013A02FF69FC0A761F000FF549032406165401002606
:2079B00004208F00032601C556BC00A956BC00A8072656BB01AC540901085650002C5661C6
:2079C000002A56CA0004560D00081E248F0003102DC512C528AA00002BAB564100ABFF2038
:2079D0000000566100AB84A05635540900AC563BFF47FF9097A08F3F705821A52DA9069414
:2079E00037A893A5FFD02DA8561300A9565300AB56228EA62DA88F00034B12C5562F0005A7
:2079F0008F008C8487C504248E00033203C49600540500A9566300A98E008C985650008404
:207A0000566100C456AF1E48071C040296048E0003C390034249562A0CA856BC001D8E005A
:207A100003CB2DC48E00032600C456BC00AC05AC96068E0003002DC433A8250756750005B8
:207A20008E00035656750084FF441E4293099005FF5C567300A9567300CCFF441E4456BF20
:207A3000014556090008A9A95650000256B302455661004456B50045562F00108E008C4EF7
:207A400025C4FF5A2D450BAC92ACE808540D0008124756B300AA56B300ABA9AC540500486E
:207A5000566300482D0F565C565700AC5600001C570F56845650004256610044FF341E1CCC
:207A60008E0003D22DC42410031A12A807A9071A1E1A031E12A807A9071E1E1E92AC562BF3
:207A70000010FE8A00063B013B02FF69FE0A761F000DF54903248E008C598F00020225C479
:207A800054000FC58E008C5A97412DC412A85404081BFF4456BB00AC8E008C98565000C430
:207A9000566100D496422D41560D00A9FF54562B0AAC934271AC2D4156B300AC8E008C58E8
:207AA00012C45401001A8E0003322D024FCC8E0003D112C407A992C4562A0CA897168E00C7
:207AB00003D312C407A992C4562A0DA897178E008B1E561500C40000561500CC07AB84A0AE
:207AC0005635540900AC563BFF47FF9097A08F3F705821A52DA9069437A893A5FFD02DA8EE
:207AD000561300A9565300AB56228EA6031434A8000007141E148E0003142DC48E008C5E36
:207AE00012C407A907A903149609FF2F00008E000304562F02C4960056BF00AC4F0956BCCB
:207AF00004AC8E008C5725C4FF5197418E008C6125C4FF5197422D091241FF438E008C983A
:207B0000565000C4566100D45404051DFF438E008C798F008C7856BB00AC56BF02AC567444
:207B100000C4567200C556B400AC96100BAC93ACFF5D9209562B0AA970AC2D0956B300AC80
:207B200012425401001C90108F008C6A567200C58E00031096C40E008C7892C59C108E0030
:207B30008C7D8F008C6B567400C4567200C5FF5C960BFE8A000685AD00063A0256562DA50F
:207B400003C4560500A9566300A956A02DD4565700AC560000C457D41EC4280200065635C6
:207B5000560900AC563BFF47FF9097A08F3F605821A52DA9069437A893A5FFD02DA856138D
:207B600000A9565300AB5422FF107FFF0EA80006FC063A0196449745FF5697439344FF56FB
:207B7000974292435543562A0442562B04439FA9FF909345FF539344FF53FF533C00000762
:207B80008F3F7C1B540100A454030F43F60F1F428F7F7BDA9A00FF352DA90EA8540100A5C1
:207B900093CD9FC536A805C5FF0005C4FF56FE86000655A456C8000628A9FFFF56CF0004AD
:207BA000F60F1FA49A000006FF5A0000F61F561700A4A9A900061EAC56470044A9A9540530
:207BB00000440F4656C80006FF200000FF550006F61F56170046A9A900061EAC56470044B4
:207BC000A9A900061EAC564700A4A9A9540500A48E008C9C565000D4565900C4A9A90006F8
:207BD0002DA836A900062DA812A90006000056B701A9000600000145028A03CE051006507A
:207BE000078D08C509FA0B2B0C560D7D0E9D0FB810CD11DB12E313E414DF15D416C117A866
:207BF000188919631A371A041BCB1C8D1D481DFE1EAE1F591FFF0000FFFF00010000FFFF7B
:207C000000000000000100000001FFFF0000000100000000FFFF00000001FFFF0000FFFF68
:207C1000000000000001000100000000FFFF0000FFFF000100000000800000000000C00015
:207C2000000040008000FFFF884400000000FFFF884800000000FFFF884B00000000FFFF1D
:207C3000884C00000000FFFF884D00000000FFFF885900000000FFFF885D00000000FFFFCD
:207C4000885E00000000FFFF885F00000000FFFF886200000000FFFF886300000000FFFF8A
:207C5000886800000000FFFF886A00000000FFFF887500000000FFFF887600000000FFFF3F
:207C6000887D00000000FFFF887F00000000FFFF888000000000FFFF088300000000FFFF6D
:207C7000088400000000FFFF888500000000FFFF888600000000FFFF888700000000FFFF46
:207C8000008800000000FFFF088900000000FFFF888B00000000FFFA892D0000000000020B
:207C900000050007000D0000FFFA89340000000000000000000000000000FFF48900000089
:207CA000000000000000000000000000000000000000000000000000FFF4894C00000000FC
:207CB00000000000000000000000000000000000000000000000FFFF8C8000000000FFFFAC
:207CC0008CC100000000FFFF8CC300000000FFFF8CC400000000FFFF8CC500000000FFFF6F
:207CD0008CC600000000FFFF8CC700000000FFFF8CC800000000FFFF03CE00000004FFFECF
:207CE00003D6000000000000FFFE03E2000000000000FFFE8C8E000000000000FFFF86032B
:207CF00000000000FFFF871100000000FFFF871500000000FFFF871B00000000FFFF8B27F4
:207D000000000000FFFF8B2900000000FFFF8B2A00000000FFFF8B2B00000000FFFF89AB18
:207D100000000001FFFF89B300000000FFFE8A0E00003148003FFFFF8B8000000000FFFFC4
:207D20008BC300000000FFFF8BC600000000FFFF8C3800000000FFFF8C3900000000FFFF23
:207D30008C3A00000000FFFE84BC00006029003FFFFE04BE00006029003FFFFE897C0000DF
:207D400000000000FFFE897E000000000000FFFF8B3400000000FFFF8B3500000000FFFFA6
:207D5000095F00000000FFFF096200000000FFFF8A4800000000FFFF8A4B00000000FFFFA1
:207D6000048E00000000FFFF049000000000FFFF8BAB00000000FFFF8BAC00000000FFFF78
:207D70008C2600000000FFFF8C2700000000FFFF8BB900000000FFFF8D4400000000FFFF81
:207D8000048400000000FFFF8B0000000000000000001EBD06465635563B1EA4FFD5EC3BD2
:207D900058A876FFC0129B33EBAC83AC879776FFE4028487540500A4566300A456A003A67B
:207DA000FF54540500A9566300A956A287A9540500A4566300A456A003A6FF54540500A996
:207DB000566300A956A287BE540500A9566300A956A187A5562C5657008754000087565056
:207DC00000D7565900C7566100F7565100E7568006AB000628A9FFFF28A87FFFFE820006EA
:207DD0005635563BC4A9FFB556B5FEA808A8FE0258A800AC93ACFFD01EBD76FFE7228A97C1
:207DE00076FFE712838756BC0CA056BD0AA087A4566300AC87A6FF31566300A987A556417E
:207DF00000AC566300A4FF318AA987A4566300AC87A6FF31566300A987A5564100AC566390
:207E000000A4FF3187A6566300A98797540500A9566300A956A087BE562C08AA00005600B8
:207E100000D700065635563BC4A9FFB556B5FEA800A8FE0258A800AC93ACFFC01EBD76FFE5
:207E2000E7228A9776FFE712038756BC0CA056BD0AA087A4566300AC87A6FF31566300A956
:207E300087A5564100AC566300A4FF318AA987A4566300AC87A6FF31566300A987A55641F1
:207E400000AC566300A4FF3187A6566300A98797540500A9566300A9568787BE562C08AA82
:207E50000000560000D70006FFFFFFFFFFFFFFFFFFFFFFFFFFFFFFFFFFFFFFFFFFFFFFFFF7
:207E6000FFFFFFFFFFFFFFFFFFFFFFFFFFFFFFFFFFFFFFFFFFFFFFFFFFFFFFFFFFFFFFFF22
:207E7000FFFFFFFFFFFFFFFFFFFFFFFFFFFFFFFFFFFFFFFFFFFFFFFFFFFFFFFFFFFFFFFF12
:207E8000FFFFFFFFFFFFFFFFFFFFFFFFFFFFFFFFFFFFFFFFFFFFFFFFFFFFFFFFFFFFFFFF02
:207E9000FFFFFFFFFFFFFFFFFFFFFFFFFFFFFFFFFFFFFFFFFFFFFFFFFFFFFFFFFFFFFFFFF2
:207EA000FFFFFFFFFFFFFFFFFFFFFFFFFFFFFFFFFFFFFFFFFFFFFFFFFFFFFFFFFFFFFFFFE2
:207EB000FFFFFFFFFFFFFFFFFFFFFFFFFFFFFFFFFFFFFFFFFFFFFFFFFFFFFFFFFFFFFFFFD2
:207EC000FFFFFFFFFFFFFFFFFFFFFFFFFFFFFFFFFFFFFFFFFFFFFFFFFFFFFFFFFFFFFFFFC2
:207ED000FFFFFFFFFFFFFFFFFFFFFFFFFFFFFFFFFFFFFFFFFFFFFFFFFFFFFFFFFFFFFFFFB2
:207EE000FFFFFFFFFFFFFFFFFFFFFFFFFFFFFFFFFFFFFFFFFFFFFFFFFFFFFFFFFFFFFFFFA2
:207EF000FFFFFFFFFFFFFFFFFFFFFFFFFFFFFFFFFFFFFFFFFFFFFFFFFFFFFFFFFFFFFFFF92
:207F0000FFFFFFFFFFFFFFFFFFFFFFFFFFFFFFFFFFFFFFFFFFFFFFFFFFFFFFFFFFFFFFFF81
:207F1000FFFFFFFFFFFFFFFFFFFFFFFFFFFFFFFFFFFFFFFFFFFFFFFFFFFFFFFFFFFFFFFF71
:207F2000FFFFFFFFFFFFFFFFFFFFFFFFFFFFFFFFFFFFFFFFFFFFFFFFFFFFFFFFFFFFFFFF61
:207F3000FFFFFFFFFFFFFFFFFFFFFFFFFFFFFFFFFFFFFFFFFFFFFFFFFFFFFFFFFFFFFFFF51
:207F4000FFFFFFFFFFFFFFFFFFFFFFFFFFFFFFFFFFFFFFFFFFFFFFFFFFFFFFFFFFFFFFFF41
:207F5000FFFFFFFFFFFFFFFFFFFFFFFFFFFFFFFFFFFFFFFFFFFFFFFFFFFFFFFFFFFFFFFF31
:207F6000FFFFFFFFFFFFFFFFFFFFFFFFFFFFFFFFFFFFFFFFFFFFFFFFFFFFFFFFFFFFFFFF21
:207F7000FFFFFFFFFFFFFFFFFFFFFFFFFFFFFFFFFFFFFFFFFFFFFFFFFFFFFFFFFC0A000007
:207F80000000000000000000000000000000000000000000000000000000000000000000E1
:207F90000000000000000000000000000000000000000000000000000000000000000000D1
:207FA0000000000000000000000000000000000000000000000000000000000000000000C1
:207FB0000000000000000000000000000000000000000000000000000000000000000000B1
:207FC0000000000000000000000000000000000000000000000000000000000000000000A1
:207FD000000000000000000000000000000000000000000000000000000000000000000091
:207FE000000000000000000000000000000000000000000000000000000000000000000081
:207FF000000000000000000000000000007F6FDBFFFFFFFFFFFFFFFFFFFFFFFFFFFFFFFFB8
:00000001FF
