:02000004003FBB
:20000000761F00102B272B282B294912EF06023C0F0466031A1204000006761F00102B270B
:200010002B282B290006761F00104512EF039A016F064412EF039A026F029A009610761FFB
:2000200002229B009202761F0010541056B001A897119210761F022296029200761F0010E3
:20003000540EEC2D56BF010F920E5203EC0F761F022292005203EC0A761F0010CC0EFFFB11
:20004000ED1F2B132B142B156F1B761F00101813FFF71813FFEF1813FFFB1814FFFD1814F5
:20005000FFFE1815FFFE1815FFFB1815FBFF1815F7FF1815FFF71815FFFD6F022B0F920E61
:20006000761F022296000006FE0676FF77205CADDC86F6042484761F0010922093255CADF6
:20007000DC86767F070488A9761F00104012EE09CDA60001CC13FFDFFF94CBA997136F0599
:200080001813FFDF56BF0D4692A6CD15FFDFFFC19001FF84CAA896159222767F0828761F98
:200090000010FFC19001CD15FEFFFF87CAA896155CAD932D9221DC85767F087088A9761F5D
:2000A0000010CDA60001FF95CC13FFBFCBA9971393A6FFD0CC14FFF79101FF92CBA997144D
:2000B00092A6FFC1CD15FFEF9001FF83CAA896155CAD92025D2DDC84931B9641921D767F88
:2000C000096588A9761F0010CDA60001FF96CC13FF7FCBA9971393A6FFD0CC14FFFB9101E4
:2000D000FF91CBA9971492A6FFC1CD15FF7F9001FF86CAA896155CAD932D9223DC83767F04
:2000E00008FC88A9761F0010CDA60001FF97CC13FEFFCBA9971393A6FFD0CC14FFEF9101BA
:2000F000FF93CBA9971492A6FFC1CD15FDFF9001FF88CAA896155CAD932DDC82921F767F67
:200100000AA188A9761F0010CDA60001FF98CC13FDFFCBA9971393A6FFD0CC14FFDF910102
:20011000FF94CBA9971492A6FFC1CD15EFFF9001FF8BCAA896159A055CADDC86767F06F91F
:20012000761F00105428562A08284012562A0D2892285427562A0827FE860006767F015C27
:20013000767F0217767F01BE767F175F767F1816767F1866767F1B070006761F0011922770
:20014000ED17761F00104512EE0E4412EE15767F025B767F05AC761F00104012EE0D767F6B
:20015000069F0006767F027D767F04C10006761F00101812FFFE0006761F0010920CEC149B
:20016000520AEC125204EC105205EC0E5206EC0C5207EC0A1A1600404412EF0856BF010907
:200170001A1500406F031816FFBFCC160040FFC588A9930EEC05761F02225507EC0D0200E9
:20018000761F02251E161E181E1A1E1C1E1E1E20761F02222B08761F0010920E761F022263
:20019000960792A65401EC279301ED250A08761F022506181E16061A1E18061C1E1A061E78
:2001A0001E1C06201E1E761F00100600761F02251E208F000708062003160FA4670C761F66
:2001B0000222930853066807761F001056BF01091A150040761F02227E010006761F001092
:2001C000920C520AED0A1A1600804412EF0856BF01091A1520006F031816FF7FCC16008043
:2001D000FFC688A9930EEC05761F02225504EC0D0200761F02251E221E241E261E281E2A6A
:2001E0001E2C761F02222B09761F0010920E761F0222960492A6540AEC27930AED250A09C5
:2001F000761F022506241E2206261E2406281E26062A1E28062C1E2A761F00100600761FB9
:2002000002251E2C8F000708062C03220FA4670C761F0222930953066807761F001056BF7B
:2002100001091A152000761F02227E0A0006761F0010CC160020FFC488A94412EF045200F8
:2002200056B00109930EEC05761F02225505EC0A0200761F02251E0A1E0C1E0E761F02221E
:200230002B06761F0010920E761F0222960592A65403EC1E9303ED1C0A06761F0225060CCE
:200240001E0A060E1E0C761F00100600761F02251E0E8F000708060E030A0FA46709761F2E
:20025000022293065303761F001056B70109761F02227E030006761F00104216EF06921BE0
:20026000930E767F02BE6F06921C931B5C0E767F030D5200EC05761F00101A120001761F3E
:2002700000109225932E5C0E767F04775200EC05761F00101A1200020006761F02162D1DF9
:20028000353C761F0222960B8F00890F9A03767F553A761F0222920B761F0224540F562A57
:20029000090F761F00109225EC04920E5203EC04761F02242B0F761F00104012EE04921184
:2002A0005201ED04761F02242B0F761F0222920B761F0224540F6612761F02162D1C350AE4
:2002B000761F001008A9FD80541C6408761F02242B0F761F00101A120001000600FF7095AE
:2002C0005BA85AA9D1008F0089129A02767F553A9A028F008918767F553A9A028F00891BDE
:2002D000767F553A761F00104012EE0692115201EC039225ED06761F02242B122B182B1B8F
:2002E00092A35203ED2192A252466404761F02242B1852786404761F02242B1B761F022446
:2002F0009218522D6806D101761F0010283E012C761F0224921B525056B701A1761F0010EF
:2003000056B7B43E6F07761F02242B122B182B1BD10092A100FF70F10006B2BDAABD5AA4A9
:2003100059A99A028F0088FC767F553A9A038F0088F6767F553A9A038F0088F9767F553A39
:200320009A038F008909767F553A9A038F00893C767F553A9A038F008930767F553A9A0300
:200330008F0088A7767F553A761F00104012EE0792115201EC0492A25203EC13761F022357
:200340002B3C2B362B39761F02242B092B3C2B30761F02222B272B0C2B119A00FFEF012693
:20035000761F0222920C56C1010D520156C100F2520256C100C7520356C00109761F001069
:200360009225ED08761F0222920E761F0223963C6F07761F0223923C761F0222960E761FFC
:2003700002162D02350A08A9FD8054A16204761F02232B39761F02162D03350A08A9FD80F6
:2003800054A16204761F02242B09761F02162D04350A08A9FD8054A16204761F02242B3C4B
:20039000761F02162D05350A08A9FD8054A16204761F02242B30761F02162D06350A08A9C0
:2003A000FD8054A16204761F02222B27761F02169209761F0223543C6618FF200258761F3C
:2003B00000100F026612761F02239239521E680D761F02162D07350A761F022294A108A96B
:2003C000FD80540F56B40111761F0216920A761F0223543C6718FF200258761F00100F02E0
:2003D0006612761F02249209521E680D761F02162D08350A761F022294A108A9FD80540FBA
:2003E00056B40111761F0216920B761F0223543C670FFF200258761F00100F026609761FA4
:2003F0000224923C523C761F022256B70111761F0216920C761F0223543C670FFF2002580F
:20040000761F00100F026609761F02249230523C761F022256B70111761F0216920D761FF3
:200410000223543C6754FF200258761F00100F02664E761F02229227523C56B701116F47A4
:20042000761F02231B3601A4660892A1761F0222540F630D790F6F0B2B39761F02242B098A
:200430002B3C2B30761F02222B270A0C761F00109225ED08761F0222920E761F0223963C93
:200440006F26761F0223923C761F0222960E6F1FFF20012C761F00100F026619761F02225A
:20045000790F761F02232B36761F022256BF050E761F022356BF053C761F02220A0C6F07B3
:2004600092A25203ED040A0C6F022B0C761F02162D14353C761F0010963E4112EF039A008D
:200470006F04761F0222921186BE8BBE0006D00200FF70995AA45BA89641D1009A028F005C
:2004800088E1767F553A761F001092115201ED04761F02232B219241ED04761F02232B2113
:2004900092A25203ED0B3B01761F02158F008B6E8535560100A492C46F0A3B01761F0215EF
:2004A0008F008B608535560100A492C454A368129236761F022354216610761F0010CC1355
:2004B000FFCFED0B9214ED09D101761F02232B216F04761F02232B2192A1D00200FF70F510
:2004C00000069A038F0088E4767F553A9A038F0088DB767F553A9A038F0088EA767F553AC5
:2004D000761F001092115201ED06761F02232B242B1B2B2A761F0010920E5203ED03922599
:2004E000ED031812FFFE401256CC00BC761F02162D24350A761F001008A9FD80541C6310C2
:2004F000761F02169226761F0223541B761F022256B80110761F0223562A081B6F04761F21
:2005000002232B1B761F02162D25350A761F001008A9FD80541C6310761F02169227761F81
:200510000223542A761F022256B80110761F0223562A082A6F04761F02232B2A761F0216B5
:200520002D23353C761F02235424761F022256B80110761F0216921E761F022354246647B4
:20053000761F02229210EC39761F001056BF0131761F02229212761F02169420761F0223C7
:200540005424691DD0038F008B6E761F00109294542E6707761F02239224761F02229612B6
:20055000761F02229212761F02169421761F02235424761F001056B901386F37761F001062
:200560002B3FD003761F02232B242B1B2B2A761F00101812FFFE6F29761F02165822761F7A
:2005700002239224761F022296126F1FD0038F008B6E761F00109294542E6704761F0223D4
:200580002B24761F0216921F761F022354246607761F00102B312B3856BF013F761F02239C
:200590009224761F0222961292A0761F001054286802582878278F008B6E9294962B0006E3
:2005A000761F02222B10761F02232B242B1B2B2A761F00102B3F00069A038F0088CF767F16
:2005B000553A9A038F0088CC767F553A9A038F0088D2767F553A761F001092115201ED0600
:2005C000761F02232B0F2B0C2B12761F0010920E5203EC031812FFFE761F02219212761F12
:2005D0000010CA25ED031812FFFE401256CC00BD761F02162D15350A761F001008A9FD80C3
:2005E000541C6310761F02169217761F0223540C761F022256B8010D761F0223562A080C85
:2005F0006F04761F02232B0C761F02162D16350A761F001008A9FD80541C6310761F0216F5
:200600009218761F02235412761F022256B8010D761F0223562A08126F04761F02232B127D
:20061000761F0010923E761F0223540F761F022256B9010D761F0216920E761F0223540FF8
:20062000664B761F0222920DEC3D761F001056BF0131761F02219213761F02169410761F59
:200630000223540F691C761F00109224EC07761F0223920F761F02219613D000761F02210B
:2006400056BF01129213761F02169411761F0223540F761F001056B901386F3E761F00101F
:200650002B3F761F02165813761F02212B12761F02232B0F2B0C2B12761F00101812FFFEDF
:200660006F2B761F02165813761F0223920F761F022196136F21761F021658128F008B6EDD
:20067000761F00109294542E6704761F02232B0F761F0216920F761F0223540F6607761F51
:2006800000102B312B3856BF013F761F0223920F761F0221961392A0761F001054286802BD
:20069000582878270006761F02222B0D761F02232B0F2B0C2B12761F00102B3F00069A031A
:2006A0008F0088E7767F553A761F001092115201ED04761F02232B27761F00109225ED03D4
:2006B0001812FFFD4112EF2C761F02159238761F022354276920761F00109228761F021557
:2006C0005437761F0010562A09276907761F02159237761F00109627920B5201EC055202BE
:2006D000EC035203ED10761F02179216761F001096270006761F00101812FFFD0006761FA5
:2006E00002232B270006767F0E38767F1109767F1217767F1239767F1255767F2D9F767FC3
:2006F00013F8761F021592395201ED03767F12C6000693A99AFFD0006F05549469029294C0
:20070000D80155A066FB0006B2BDAABD59A986A4761F02252B10761F02159216761F02259B
:200710009611761F02159215761F02259612761F02159214761F0225961356BF0D142B153E
:200720008F0088A19A03767F553A761F022192A154156605541556B801146F022B14791557
:200730009210ED0856BF01102B1456BF040E56BF04119214ED55761F0215560301139C05BA
:2007400054A16646560301139C0554A16606560301129C0554A16637560301129C0554A1E8
:200750006606560301119C0554A16628560301119C0554A16606560301109C0554A16619A2
:20076000560301109C0554A166065603010F9C0554A1660A5603010F9C0554A1761F0221E7
:2007700056B9050F6F18761F022156BF040F6F13761F022156BF030F6F0E761F022156BF34
:20078000020F6F09761F022156BF010F6F04761F02212B0F920E540F562A060F6F4F5201E5
:20079000ED4D761F02155603010F54A1693D5603010F54A169055603011054A16930560342
:2007A000011054A169055603011154A169235603011154A169055603011254A169165603D2
:2007B000011254A169055603011354A169095603011354A1691D761F02212B0F6F19761FE8
:2007C000022156BF010F6F14761F022156BF020F6F0F761F022156BF030F6F0A761F0221E2
:2007D00056BF040F6F05761F022156BF050F761F0221920E540F562A080F920F960EED0DFB
:2007E0000203761F00100F006731761F02212B11761F02222B216F2A5205EC249211540FA9
:2007F0006614540F670E761F02229221521E681E761F0221920F9611761F02222B216F16AB
:20080000761F02222B216F12761F022292215205680D761F0221920F9611761F02222B2115
:200810006F052B11761F02222B21761F022158118F008950929496C29211ED039A046F0666
:200820009B00520456B001A892A886BE8BBE0006B2BD59A98F0088B99A03767F553A761F54
:200830000215560301179C0A54A169055603011854A16814761F02219216ED10761F02221E
:200840009239520467039A006F2A56BF04399A04761F022156BF01166F22761F0221921615
:200850005201ED16761F02222B39761F0215560301189C0A54A1660A5603011754A1680618
:200860009A00761F02212B166F0A9A046F08761F02222B39761F02212B169A008BBE000658
:20087000D00400FF709982A459A85AA99A038F0088AD767F553A761F0010920E5203EC16E1
:20088000761F02155603011B96435603011A9642560301199641761F00104512EF1B761F2D
:2008900002165603013796416F15761F02155603011E96435603011D96425603011C9641AB
:2008A000761F00104512EF06761F021656030137964192A254416742544167285442682678
:2008B000761F0221921C5202EC0D761F02222B2D92A1520169039CFF6F029A01761F022113
:2008C000961B761F0222922D520568092B2D92A152016905D981761F0221791B761F02217D
:2008D000921B96C356BF021C6F21544267035443670C5443671B761F02222B2D56BF0DC326
:2008E000761F02212B1C6F12761F02222B2D79C3761F022156BF011C6F09761F02222B2DB8
:2008F0002BC3761F022156BF041C761F0221921CD00400FF70F5000600FF709582A459A83E
:200900005AA99A038F00892D767F553A761F02155603011F54A2694C5603011F54A2692A9C
:200910005603012054A26626761F0221921E5202EC0D761F02242B2D92A1520169039CFF76
:200920006F029A01761F0221961D761F0224922D520568092B2D92A152016905D981761FC3
:200930000221791D761F0221921D96C356BF021E6F275603012054A269055603012154A214
:20094000690E5603012154A2691B761F02242B2D56BF0DC3761F02212B1E6F12761F0224F6
:200950002B2D79C3761F022156BF011E6F09761F02242B2D2BC3761F022156BF041E761F0A
:200960000221921E00FF70F1000600FF709582A459A55AA9761F0010CD160008CC17000898
:20097000FFD2FFC2CAA8EC0656BF0DC39A00FFEF01279A038F008940767F553A9A038F0037
:200980008903767F553A9A038F008900767F553A761F001092115201EC06920F5201EC039E
:200990009225ED08761F02252B00761F02242B032B00761F02152D22350A08A9FD8054A242
:2009A000FFE500E6761F02219218520456C100CC761F02152D24350A08A9FD8054A26266AA
:2009B0002D22350A08A9FD8054A26560761F022192185202EC26761F02242B0392A1520179
:2009C0006916761F0010BE050600761F022203140FA66707761F0221921756B101176F0B3D
:2009D00092A1761F02219CFF96176F05761F022156BF0117761F00100600761F02221E14E5
:2009E000761F02242B00761F02252B00761F02152D23350A08A9FD8054A26511761F02249A
:2009F0009203525A681B2B0392A1520169039CFF6F029A01761F022196176F10761F0224BD
:200A00009203522D680B2B0392A1520169039CFF6F029A01761F02219617761F02219217C2
:200A100096C356BF0218FFEF00852D26350A08A9FD8054A262492D24350A08A9FD8054A2B6
:200A20006543761F02252B00761F02242B0392A1EC33761F02152D25350A08A9FD8054A28B
:200A30006426761F0224920052B46711761F0221921A9EA15201ED0792195201ED04921ACC
:200A400096C36F1D791A79C32B196F192B0092A1520D67049A0194A16F029A0D96C3C5A345
:200A5000761F0221241A56BF01196F09761F02242B0079C36F042B0056BF01C3761F022198
:200A600056BF01186F36761F02242B00761F02252B00761F02242B0356BF0DC3761F022150
:200A70002B186F27761F02242B002B03761F02252B002BC3761F02152D26350A08A9FD8038
:200A800054A26517761F02212B186F13761F02242B002B03761F02259200520A670379C303
:200A90006F0856BF0A00761F022156BF04182BC3761F022192185201EC022B1A00FF70F191
:200AA000000600FF709582A459A85AA99A038F008946767F553A761F0217920F9CC054A2E2
:200AB0006962920F9CC054A2693D92109CC054A26639761F022192355202EC20761F022594
:200AC0002B0692A152016910761F0010BE050600761F0222031A0FA6680B92A1761F02218F
:200AD0009CFF96006F05761F022156BF0100761F00100600761F02221E1A761F02259206A3
:200AE000523C68092B0692A152016905D981761F02217900761F0221920096C356BF023558
:200AF0006F2A92109CC054A2690592119CC054A2690E92119CC054A2691E761F02252B0616
:200B000056BF0DC3761F02212B356F15761F02252B0692A156B101A179C3761F022156BF82
:200B100001356F09761F02252B062BC3761F022156BF0435761F0221923500FF70F1000651
:200B200000FF70955BA85AA98F0089159A03767F553A9A038F00890C767F553A761F001073
:200B3000920E5203EC0A761F0214590458058F008B60929C80946F09761F021459045805BC
:200B40008F008B6E929C8094761F00109307EC2D93115301EC2A9327EC284012EE2493A000
:200B500055A2661288A2761F02219309ED0288A09308ED2488A1761F0010CD13FFCFCB147A
:200B6000EC1D88A26F1B761F02219308ED0A88A1761F0010CD13FFCFCB14EC1088A26F0E70
:200B700088A26F0C88A26F0A761F02212B082B09761F02242B152B0CBE0054A3ED0C761F89
:200B800002149306761F02245515761F022156B901086F04761F02242B1592A754A3ED0C1A
:200B9000761F02149207761F0224540C761F022156B901096F04761F02242B0C761F00100B
:200BA000920E5203EC068F008B6058A692946F058F008B6E58A6929400FF70F1000600FF2B
:200BB00070955BA9D100D2008F0089219A03767F553A9A038F008924767F553A761F00101D
:200BC000CC1201C0761F0221FFC5540AEC0B2B0C761F02242B21761F02212B03761F0224C6
:200BD0002B24761F0010920E5201EC74520356C000E3CC1201C0FFC55202EC64CC1201C0CA
:200BE000ED34761F02219203ED16761F022D9234761F0221960D761F0216592ED23C761FC8
:200BF0000221920C520156B10103761F02242B24FFEF00C2520156C000BF761F0224922473
:200C0000520556B705246704761F02212B0C761F022D922F761F0221960D761F0216592ED9
:200C10008D800258FFEF00A8CC1201C0FFC55201EC1ECC1201C0FFC55203EC10CC1201C0B4
:200C2000FFC5520456C00098761F02165930761F022156BF010CFFEF008F761F0216592F2A
:200C3000761F022156BF010CFFEF0086761F022D9226761F0221960D761F0216592DD23C3E
:200C40006F7A761F0216592C761F022156BF010C6F72CC1201C0FFC55202EC66CC1201C016
:200C5000ED33761F02219203ED17761F022D9226761F0221960D761F0216592AD23C761F69
:200C60000221920C5201ED0456BF01032B0C761F02242B246F505201ED4E761F0224922457
:200C7000520556B705246704761F02212B0C761F022D9221761F0221960D761F0216592A7B
:200C80008D8002586F38CC1201C0FFC55201EC21CC1201C0FFC55203EC14CC1201C0FFC568
:200C90005205ED293B01761F02168F008B608535560100A459C4761F022156BF010C6F1B3E
:200CA000761F0216592B761F022156BF010C6F13761F022D9226761F0221960D761F021623
:200CB0005929D23C6F08761F02165928761F022156BF010C761F0010CC1201C0761F022119
:200CC000FFC5960A761F00109225EC1892115201EC159227EC13761F0221920CEC09761FC1
:200CD0000010922AED03792A6F16592A6F14590D920D761F0010962A6F0E761F02212B0C44
:200CE000761F02242B21761F02212B03761F02242B2459A393A3761F0221550DED0A93A285
:200CF000761F02245521761F022156B9010C6F04761F02242B2192A100FF70F1000600FFCD
:200D000070955BA85AA98F0088F09A03767F553A9A038F0088F3767F553A9A038F00891EA2
:200D1000767F553A9A038F008906767F553A761F0010920E5201EC1C5202EC1A5203ED398B
:200D20008F008B6ED003761F02219294960B9B0558A892949605D0039294960656BF3C365C
:200D300056BF1E3156BF1E3056BF0F336F228F008B60D003761F02219294960B9B0158A88C
:200D400092949605D00692949606D10A929C9634761F02149203EC039A3C6F029A1E761FA4
:200D50000221963656BF0F3156BF0F3056BF0F33761F02219237761F0010540EEC08761F83
:200D600002212B042B012B022B072B32761F0010920E761F02219637761F0010922556C1FC
:200D700000B79211520156C100B3920E5203EC395201ED5C761F02219204EC279201EC1C3A
:200D80009202EC139207ED0A9A0A54A2690358A26F02D00A56BF04326F20761F02165835D1
:200D9000761F02212B326F1992A054A2690258A256BF03326F1292A854A2690358A26F0247
:200DA00058A856BF02326F099A0354A2690358A26F02D00356BF01328F008B6092946F26B8
:200DB000761F02219204EC179201EC0C9202ED0892A054A2690258A256BF03326F142B3207
:200DC0006F1292A854A2690358A26F0258A856BF02326F099A0354A2690358A26F02D0038D
:200DD00056BF01328F008B6E9294761F022193325301ED0D93A3550BED0A9336761F022332
:200DE0005530761F022156B901046F04761F02232B30761F022193325302ED0D93A35505BE
:200DF000ED0A9331761F02235533761F022156B901016F04761F02232B33761F0221933215
:200E00005303ED0D93A35506ED0A9330761F0224551E761F022156B901026F04761F022411
:200E10002B1E761F022193325304ED0D93A35534ED0A9333761F02245506761F022156B952
:200E200001076F14761F02242B066F10761F02212B042B012B022B072B32761F02232B30D8
:200E30002B33761F02242B1E2B0600FF70F100069A038F008927767F553A9A038F00892A6A
:200E4000767F553A9A048F008939767F553A9A038F008943767F553A9A038F008933767F42
:200E5000553A761F0010920E5201EC0D5202EC0B5203ED10D0038F008B6E761F022192948C
:200E6000963E6F08D0038F008B60761F02219294963E761F00104412EE38761F0221923B82
:200E7000761F0010540EEC14920E5203EC0B761F0221923B5203EC06761F0010CC0EFFFB2A
:200E8000ED07761F00109204761F02259603761F0010920E761F0221963B761F00104A12FF
:200E9000EE0C761F0221923D5201ED07761F00109204761F02259603761F0010CC12040063
:200EA000761F0221FFC9963D761F0221923CEC05761F00104A12EF05761F022556BFAF03F0
:200EB000761F0225920352AF6705761F00102B276F0356BFAF03761F00109209ED1E92084F
:200EC0005201EC1B9215ED199227ED143B01761F02148F008B608508761F0010560100A4C3
:200ED00092C4542E68032B246F0956BF01242B276F0556BF01246F022B249224ED0C2B071D
:200EE0004012EF309208ED2E9215761F022456B1AF276F28761F0221923CED15761F0224B3
:200EF0009227520A67075200EC1D761F00104412EF19761F022156BF013C761F001056BF3D
:200F000001076F10761F00104A12EE0A761F0224922752AF761F001056B701076F0356BF9B
:200F10000107761F00109207EC15761F0224922A520567075200EC14761F00104412EF10F2
:200F2000761F001056BF0125761F022456BF052A6F07761F02242B2A761F00102B25761FC2
:200F3000001092255201EC08761F0224922752AF56B7AF276F04761F02242B27761F001016
:200F40009225ED0456BF142C2B2B92105201EC235202EC19761F00119227ED0E761F0010E2
:200F50009227932C767F0B20962B767F1967761F0010962B6F18761F02179215761F0010CC
:200F6000962B6F119227932C767F0CFF761F0010962B6F094012EE07922C767F0BAF761F91
:200F70000010962B922BEC04520A56B80A2B761F00119227EC42761F00104112EE17761F25
:200F800002179215761F0010542EED0C761F02241B33070869352B33761F00101A1200028A
:200F90006F2F761F02242B336F2B761F02249233523C68072B33761F00101812FFFD6F20BB
:200FA000761F0010920E5203ED0B3B01761F02178F008B6E8516560100A492C46F0A3B018C
:200FB000761F02178F008B608516560100A492C4761F0010962B6F04761F02242B33761F86
:200FC000022492395264FFE800B7761F02210A39761F02242B39761F0010922C542B685B0D
:200FD000542B6956761F0221923E761F0010542C6612761F02149A64930C00FF7001761F51
:200FE000022154396618761F00100B2C761F02212B396F11761F02149A64930B00FF700194
:200FF000761F022154396607761F00100B2C761F02212B39761F0010920E5203ED15D000CB
:2010000092A0520D66788F008B6E761F00109294542C6606D80192A0520D69F66F6C92A04C
:201010009CFF962D6F68D00092A0520D66648F008B60761F00109294542C6606D80192A024
:20102000520D69F66F5892A09CFF962D6F549227962D6F51761F0221923E761F0010542CEF
:201030006612761F02149A64930A00FF7001761F022154396618761F00100A2C761F02211C
:201040002B396F11761F02149A64930900FF7001761F022154396607761F00100A2C761FD5
:2010500002212B39761F0010920E5203ED13D00092A0520D66208F008B6E761F0010929425
:20106000542C6706D80192A0520D69F66F14782D6F12D00092A0520D660E8F008B60761F2D
:2010700000109294542C6706D80192A0520D69F66F02782D761F0010922BED103B01761F2E
:2010800002148F008B608508761F0010560100A492C4542E68032B252B2D920BEC04922D5C
:2010900056B1012D0006761F0010920E5203EC18CC1201C0ED06761F02172D09350A0006AC
:2010A000CC1201C0FFC55201ED06761F02172D09350A0006761F02172D08350A0006CC1258
:2010B00001C0ED06761F02172D0B350A0006CC1201C0FFC55201ED06761F02172D0B350A73
:2010C0000006761F02172D0A350A0006767F10931BA9025868081BA9032067039A020006C7
:2010D0009A0300069A010006761F001092335204620A5204EC1B5201EC285202EC21520316
:2010E000EC1A6F055205EC0D5206EC06761F02172D01350A0006761F02172D06350A000695
:2010F000761F02172D05350A0006761F02172D04350A0006761F02172D03350A0006761FDF
:2011000002172D02350A0006761F02172D01350A00069A038F0088AA767F553A761F00109A
:201110004012EE0E9207ED07021E0F04660B2B322B316F0856BF013256BF01316F0392314C
:201120009632920E5203ED155203ED26921B52F064039A046F0A526464039A056F06520098
:2011300063039A076F029A06761F022196386F141B1B01CC64039A006F0C1B1B012C640335
:201140009A016F07921B52C864039A026F029A03761F02219638761F001092305203ED482F
:20115000922752016905761F00119227EC0C28AC0005761F02218F3F76513038560100A425
:2011600092C46F62761F001092275202660C28AC0005761F02218F3F76523038560100A49A
:2011700092C46F525203660C28AC0005761F02218F3F76533038560100A492C46F45520496
:20118000660C28AC0005761F02218F3F76543038560100A492C46F3828AC0005761F0221C3
:201190008F3F76553038560100A492C46F2D922752026905761F00119227EC0C28AC0003A8
:2011A000761F02218F3F76D43038560100A492C46F1B761F001092275204660C28AC00031F
:2011B000761F02218F3F76D53038560100A492C46F0B28AC0003761F02218F3F76D630380A
:2011C000560100A492C4761F00109633CD160002CC160008FFD0FFC2CAA856B0033392327F
:2011D0005201ED3A92305203ED3C4512EE17CD160002CC160008FFD0FFC2CAA8ED07767F2F
:2011E00010D4761F001096346F0E761F02172D05350A761F001096346F06767F1093761FEF
:2011F00000109634761F0221923A761F00105434690F761F0222922A523C56B73C2A6711EE
:20120000761F0221923A761F001096346F0A761F02222B2A6F062B342B33761F02222B2A14
:20121000761F00109234761F0221963A0006761F00109312CC1204009101FFC9CAA8ED08D8
:201220009B00920E520356B101A897386F03923896394412EE0C02960F0469049207520140
:20123000ED089225ED06923896390006923896390006FE02761F022DCC0C2FF6761F022D3C
:20124000CA0DED0C761F0010920C761F0011CA00ED059A01767F59956F075CADDC81767FCA
:201250001428767F6279FE8200069A038F0088B0767F553A761F00104512EE109207ED0B79
:20126000922052A0680552AA695E2B376F5C56BF01376F5956BF01376F56920E5201EC2245
:201270005203ED3ECC1201C0FFC55201EC14CC1201C0FFC55202ED089A00761F0216933E64
:20128000EC2F9A016F2D9A00CD1201C0FFD5EC289A016F269A00761F0216933FEC219A01E9
:201290006F1FCC1201C0FFC55201EC14CC1201C0FFC55202ED089A00761F0216933CEC103C
:2012A0009A016F0E9A00CD1201C0FFD5EC099A016F079A00761F0216933D56B001A95201E8
:2012B000EC0C761F02229330537856B77830761F0010562A07376F07761F02222B30761FA8
:2012C000001096374016EF022B3700069A028F008936767F553A9A028F0088B3767F553A2A
:2012D0009A028F0088B6767F553A761F0010920EEC04761F02222B365203ED09761F0010D2
:2012E00092075201761F022156B10120761F0010920E5203EC04761F02212B20761F0221DD
:2012F0009220ED04761F02242B36761F02219223ED060200761F022219011E1C761F0221F8
:201300009223ED240203761F00100F00661F761F02152D3A350A761F001008A9FD80541B35
:201310006510761F02152D3B350A761F001008A9FD80541C6506920E761F022156B1013FA8
:20132000761F022156BF01236F21761F02221B360168691C761F02152D3A350A761F00103D
:2013300008A9FD80541B6512761F02152D3B350A761F001008A9FD80541C6508761F0221CE
:2013400056BF013F761F02222B36761F0224923652086630761F0010920E5203ED2B761F64
:2013500002219226ED08761F0010920CEC04761F02210A25761F0221922552036822761FB0
:2013600002152D3A350A761F001008A9FD80541B6518761F02152D3B350A761F001008A948
:20137000FD80541C650E761F02212B2556BF01246F08761F022456BF0836761F02212B252E
:20138000761F0010920C761F022196269224520156B1013F923FEC0C761F0215923C761F6E
:20139000022254336708761F02212B3F6F04761F02222B33761F0221923F5201ED0B9224ED
:2013A0005201EC08761F00109207EC04761F02212B3F761F02152D3D350A761F001008A9EB
:2013B000FD80541B6307761F022192245201EC022B3F761F00109216EC064616EE04761F8C
:2013C00002212B3F761F022192245201ED0A923FED082B24761F00100600761F02221E1C15
:2013D000761F0010BEB40600761F0222031C0FA6660D061C761F00100F006708761F0221E3
:2013E0009225761F001056B00109761F0221923F761F0010963ACD15BFFF761F0221922475
:2013F0009001FF8DCAA8761F0010961500060006761F00104512EF2ACC1201C0FFC5520127
:20140000ED04920E5201EC17CC1201C0FFC55201ED0F920E5203ED0C761F02169B00923A31
:20141000761F0010520156B101A8972F000656BF012F0006761F02169B009239761F001045
:20142000520156B101A8972F000656BF012F00069A00761F00114600EF049A1956BF01C48C
:20143000400056CD00E0450056CD00DA410056CD00D3420056CD00CC480056CD00C543003C
:2014400056CD00BE470056CD00B7761F022D400D56CD00AE440D56CD00A7490D56CD00A074
:20145000460D56CD0086470DEE7F480DEE7A430DEE744A0DEE6E420DEE68410DEE62450D08
:20146000EE5C761F022D440CEE55490CEE50450CEE4B480CEE464C0CEE41470CEE3B4A0CCD
:20147000EE36410CEE314B0CEE2C430CEF06761F0010920E5201EC22761F022D430CEF0669
:20148000761F0010920E5203EC16761F0010920C5204EC0D5205EC0B5206EC095207EC033B
:201490009A0000069A2056BF01C400069A2356BF01C400069A172BC400069A162BC400061A
:2014A0009A152BC400069A142BC400069A132BC400069A1256BF01C400069A112BC4000617
:2014B0009A102BC400069A0F2BC400069A0E2BC400069A0D2BC400069A0C56BF01C4000620
:2014C0009A0B56BF01C400069A0A56BF01C400069A0956BF01C400069A0856BF01C40006FE
:2014D0009A072BC400069A0656BF01C40006761F0010930C5309EC0F5310EC0D5308EC099F
:2014E0005301EC055313ED089A226F069A216F049A056F029A0456BF01C400069A0356BFAD
:2014F00001C400069A0256BF01C400069A0156BF01C400069A1F56BF01C400069A1E56BFB4
:2015000001C400069A1856BF01C400069A1D56BF01C400069A1C56BF01C400069A1B2BC49D
:2015100000069A1A56BF01C400069A0193C41BA8134F623F1BA8134F56C101771BA81317C8
:20152000621F1BA8131756C100FF1BA812D0620F1BA812D056C1009C5300EC661BA812BD82
:20153000EC741BA812C656C100826F5B1BA8130256C100C11BA8130D56C100D56F521BA83A
:201540001332620E1BA8133256C101111BA8132056C100EB1BA8132956C100F86F421BA82B
:20155000133B56C101151BA8134656C1012D6F391BA81388621E1BA8138856C1019C1BA844
:20156000136B620E1BA8136B56C101621BA8135956C1013C1BA8136256C101496F221BA852
:20157000137456C101661BA8137E56C101736F191BA813A5620E1BA813A556C101B61BA8F8
:20158000139156C101891BA8139A56C101966F091BA813AF56C101BF1BA813C956C101CC91
:201590009A032BC400060200761F02221E16761F022D400DEF0E56BF01C5761F02221A16E8
:2015A00000019A0028C412BD5200ED039A010006761F022D440DEF0E56BF02C5761F02224B
:2015B0001A1600029A0028C412C65200ED039A010006761F022D490DEF0E56BF03C5761F1F
:2015C00002221A1600049A0028C412D05200ED039A010006761F022D930D761F0010FFD58B
:2015D0009215FFC5CEA840A9EF29920C5209EC035210ED039A046F165208ED039A056F1252
:2015E0005201ED074412EF039A1A6F0C9A056F0A5213ED074412EF039A1B6F049A056F023C
:2015F0009A0596C5761F02221A1600089A0028C413025200ED039A010006761F022D930D0E
:20160000761F0010FFD69215FFCCCEA840A9EF0E56BF06C5761F02221A1600109A0028C423
:20161000130D5200ED039A010006761F022D480DEF0E56BF07C5761F02221A1600209A001D
:2016200028C413175200ED039A010006761F022D430DEF0E56BF08C5761F02221A16004095
:201630009A0028C413205200ED039A010006761F022D4A0DEF0E56BF09C5761F02221A161A
:2016400000809A0028C413295200ED039A010006761F022D420DEF0E56BF0AC5761F0222B8
:201650001A1601009A0028C413325200ED039A010006761F022D410DEF0E56BF0BC5761F12
:2016600002221A1602009A0028C4133B5200ED039A010006761F022D450DEF19761F00109A
:20167000CC121000CD120800FFCBFFDACA09CBA9EC0E56BF0CC5761F02221A1604009A0034
:2016800028C413465200ED039A010006761F022D440CEF0E56BF0DC5761F02221A16080039
:201690009A0028C4134F5200ED039A010006761F022D490CEF0E56BF0EC5761F02221A1688
:2016A00010009A0028C413595200ED039A010006761F022D450CEF0E56BF0FC5761F022291
:2016B0001A1620009A0028C413625200ED039A010006761F022D480CEF0E56BF10C5761F58
:2016C00002221A1640009A0028C4136B5200ED039A010006761F022D4C0CEF0E56BF11C58B
:2016D000761F02221A1680009A0028C413745200ED039A010006761F022D470CEF0E56BF78
:2016E00012C5761F02221A1700019A0028C4137E5200ED039A010006761F022D4A0CEF0E17
:2016F00056BF13C5761F02221A1700029A0028C413885200ED039A010006761F022D410CEC
:20170000EF0E56BF14C5761F02221A1700049A0028C413915200ED039A010006761F022D1F
:201710004B0CEF0E56BF15C5761F02221A1700089A0028C4139A5200ED039A010006761FD9
:20172000022D430CEF15761F0010920E5201EC035202ED0E56BF16C5761F02221A17001067
:201730009A0028C413A55200ED039A010006761F022D430CEF13761F0010920E5203ED0ECE
:2017400056BF17C5761F02221A1700209A0028C413AF5200ED039A010006761F022206188C
:201750000F16EC040618EC022BC506161E189A0028C413C9520056C0FE389A0100069A03D8
:201760008F00889E767F553A761F0010920E5203ED5B520356C000AB761F00114100EE045F
:20177000761F02222B1E761F00109312CC1200029101FFC0CAA856C0009A761F00114100D3
:20178000EE24761F00104116EE1B4316EE144216EE0D761F0011420056CC0089761F00104C
:201790009227520656B6062700069227520656B6062700069227520556B605270006922792
:2017A000520456B604270006761F0010921952C86216761F02221B1E0708680A1B1E087090
:2017B00068032B1E0006761F00102B270006761F00109227520556B6052700069227520361
:2017C00056B603270006761F00114100EE04761F02222B1E761F00104112EE48761F00111E
:2017D0004100EE23761F00104216EE1A4116EE134316EE0C761F00114200EF38761F001043
:2017E0009227520656B6062700069227520556B6052700069227520656B606270006922742
:2017F000520556B605270006761F0010921952FA6216761F02221B1E0708680A1B1E08700C
:2018000068032B1E0006761F00102B270006761F00109227520356B6032700069227520512
:2018100056B60527761F02222B1E0006D400761F00104116EF02DC014316EF02DC0142165B
:20182000EF02DC01761F00114100EF0BDC01761F00101B19FED465041B1903206402DC016E
:20183000761F00114200EF0BDC01761F00101B1AFED465041B1A03206402DC0192A452029F
:201840006721761F00119300CC0000409101FFC5CAA8CD000020FFD4CBA9ED0F761F00101E
:20185000920CED089B00CC16FBF156B001A89708000656BF01080006761F001056BF010841
:201860000006761F001056BF010800069A038F0088DE767F553A761F0010920D5202EC04FB
:20187000761F02232B1E761F0223921E527856B7781E761F00114000EE524100EE4B42009C
:20188000EE44761F0010CC0EFFFBEC3C761F0221921F5203ED08761F0010920E5201EC2F0F
:201890005202EC2D761F0010920E5203ED08761F0221921F5201EC1E5202EC1C761F001075
:2018A000920D5202ED06761F0223921E5278682B761F00109225CA26EC0A4314EF24922716
:2018B000ED229215CA1656B1040D6F1D56BF030D6F1A761F001056BF020D6F1556BF020DBF
:2018C0006F1256BF010D6F0F761F001056BF070D6F0A761F001056BF060D6F05761F0010B9
:2018D00056BF050D761F001092255201ED022B0D920E761F0221961F00069A038F0088D85C
:2018E000767F553A761F00109216761F022D960D761F022D9217EC07761F022D920D761F58
:2018F00002219621761F02219222761F022DCA0DEC0E761F02219222ED07761F022D920D3A
:20190000761F0221962156BF01226F04761F02232B18761F022392185278680B761F022157
:2019100092225201ED062B22761F022356BF7818761F022192225201ED059221761F022DE9
:20192000980D00069A038F0088ED767F553A761F00109215761F022D960C761F022D9217B8
:20193000EC07761F022D920C761F0221962B761F0221922C761F022DCA0CEC0E761F022107
:20194000922CED07761F022D920C761F0221962B56BF012C6F04761F02232B2D761F022379
:20195000922D5278680B761F0221922C5201ED062B2C761F022356BF782D761F0221922C7E
:201960005201ED05922B761F022D980C0006B2BD59A98F0088C39A04767F553A9A048F005D
:2019700088C6767F553A9A028F0088D5767F553A9A028F0088BC767F553A9A038F0088C012
:20198000767F553A761F0010921B761F02215428650B761F02231B0303206909761F0221A8
:201990002B2796286F04761F02232B03761F02215428630C761F02231B060320761F022173
:2019A00056B60127562A06286F04761F02232B06761F02219327ED1D1BA9011863039A008E
:2019B0006F121BA9011864041BA90136640B1BA9013664041BA9015464039A036F049A0258
:2019C0006F029A01962E922D542E562A062E6F1E5301ED1C1BA9010E63039A006F121BA940
:2019D000010E64041BA9012C640B1BA9012C64041BA9014A64039A036F049A026F029A0199
:2019E000962E922D542E562A082E922E962D761F001092189CFB54196412761F0222923C59
:2019F0005214681156BF133C761F00101B1D0352630A1B1C022656B401A66F05BE00761F1E
:201A000002222B3CFF200384761F00100F02670892A65201ED05761F02211A2A0001761F61
:201A1000001092189C0A54196205761F0221182A00FE761F001092115201EC07920F520108
:201A2000EC04920E5201EC0B761F0221182A00FE761F00102B0B761F02232B15761F022147
:201A3000922EED16761F0010920B5201EC09761F0221922A761F001056B0010B6F46761FD4
:201A40000221922AED42761F00102B0B6F3E5201EC285202EC11761F0010920B5204ED05AE
:201A50004312EE332B0B6F314312EF039A046F029A00960B6F2A761F0010920B5203EC0974
:201A6000761F0221922A761F001056B0030B6F1D761F0221922AED19761F00102B0B6F15D4
:201A7000761F0010920B5202EC09761F0221922A761F001056B0020B6F08761F0221922AB4
:201A8000ED04761F00102B0B761F0010920BEC4B5201EC2D5202EC155203ED11761F022333
:201A90009215520A6905761F021792146F04761F022D922154A1693892A16F3692A16F3443
:201AA000761F02239215520A6605761F022D92216F0A52146605761F021792146F04761FE1
:201AB0000217921554A1692092A16F1E761F02239215520A69115214690B521E6605761F97
:201AC000021792156F0C761F021792186F08761F021792146F04761F022D922154A169045C
:201AD00092A16F0292A1761F001093189DF155196511930B5301EC055302EC035303ED0AE9
:201AE000761F0223930053B4680856BFB4009A006F04761F02232B00761F00109325EC031B
:201AF000930BED04761F02232B15761F00109312910180A8CD120002FFD0CBA788A8CD1218
:201B00002000FFDCCBA6EC0292A18BBE00069A038F0088C9767F553A761F0010920EED12A4
:201B1000761F02219229EC0E761F00109209EC0A4016EE08761F022D56BF0317761F022319
:201B20002B09761F0010920E761F02219629761F022D9217EC3C761F022392095203680509
:201B3000761F022D2B170006761F00102B091815FFBF761F022D180CFFBF761F001018154D
:201B4000DFFF761F022D180CDFFF761F00102B15761F022D2B0C761F00101816FFBF761FDB
:201B5000022D180DFFBF761F00101816FFDF761F022D180DFFDF761F00102B16761F022D41
:201B60002B0D767F4BD6761F00102B0C00069A038F0088A4767F553A761F0221922F761F4B
:201B700000115427690656BFAC26761F02222B24761F0011922652ACED10761F00102B370B
:201B80002B252B32761F01BF1A1C0400761F02229224520A68056F00761F02222B24761FC5
:201B900000119227761F0221962F00068F0082C0761F0202A810D00092A052E6670D8F3F4A
:201BA000744292948A1096CC020256010010D80192A052E668F58F0080D0A824D40092A48D
:201BB000521567189A013B018F7F76EC94A485A9560100A585C58F7F7442560100A50EC5A9
:201BC00083241EC5020256010024DC0192A4521568EA0006761F02019232EC1196302B32AE
:201BD0007622761F01A11A180004761F01A21A180004761F01A31A180004761AFF69000615
:201BE000767F2564767F1DB9767F255F0006D00800FF70991EA7925D8B602D59A3585B556D
:201BF000C4548E529645065C1E4806A70FA166343AA90FA1662106A60FA1691092A35BA51F
:201C00009EA30EA91E4206A603A01E44B2A903A0767F692D94A35AA96F2692AC565D00A6CC
:201C10009EA30EA91E42B2A9A94403A6767F692D94A35AA96F1892A55BA43AAB9EA30EA90C
:201C2000565D00A71E42B2A9A94403A7767F692D94A35AA96F080EA41E42C344B2A9767F53
:201C3000692D5AA906480FA166039A006F0A92450EA91E4206481E44064803A1767F692D66
:201C400093A295A992A8D00800FF70F50006761F02292D08BE00761F020F33010EAB761FBA
:201C500002020F30761F020156B901A6CD0DFFFE92A69001CAA8960D9239CD0DDFFF90011A
:201C6000FF8CCAA8960D0006FE10761F0203062E29011E428F0003E8062C761F020E1E44A5
:201C70008F4003E856030E17FF5A761F02070200F61F561700A4061C3F45761F020A1E4850
:201C8000920C761F020796490626761F020A1E4C920D761F0208964D0624761F020E1E5094
:201C900056030E1FFF5A0200F61F561700A45CAB56030E1B761F0203FF5A0200F61F56172D
:201CA00000A506305DAB767F1BE7761F02019631FE900006761F0201CD360030CC39000285
:201CB000FFD3FFC0761F020ACAA8931D9101CBA9ED14761F020FBE000E0B761F02030F0093
:201CC00056B701A6761F020192A6CD0DFFFB9001FF81CAA8960D0006761F0201180C7FFF46
:201CD000761F020A2B000006761F02060624ED08761F0208061A761F02061E346F13761FA1
:201CE000020A0E06761F02061EAC56440030761F020707201E20761F0206FF1F00010EA81E
:201CF0001E34761F020A2B1E181DFFFD0006FE04761F02060624EC25761F0208061A761F33
:201D00000207032A1E420634761F02061E440624767F692D1EA6ED02BE01761F0208061A0E
:201D1000761F0207032A761F0206FF3FFF5A0200F61F561700A6A9300630ED0302011E303A
:201D2000FE840006761F0207060AED08761F0208061A761F02061E340006761F020A0E060F
:201D3000761F02061EAC56440030761F02070F20680302006F05C420564100A606A61E20A9
:201D4000FF1F00010EA8761F02061E340006761F020C0E0B761F02061E24761F020C0E0D60
:201D5000761F02071E0A761F020602641EAC56650024A924761F02075665000AA90ABE0060
:201D6000761F02060624761F02080F1056B001A6761F020192A6CD37FFF79001FF82CAA8E3
:201D70009637761F0207BE00060A761F02080F1256B001A6761F020192A6CD37FFEF90015A
:201D8000FF83CAA89637761F02060624761F02081E10761F0207060A761F02081E1200066B
:201D9000FE04761F0207060AEC23062A761F0208031A761F02071E4206341E44060A767FE9
:201DA000692D1EA6ED02BE01761F0207062A761F0208031A761F0206FF3FFF5A0200F61F46
:201DB000561700A6A9300630ED0302011E30FE840006767F1DC0767F1F2E767F1FA7000653
:201DC000761F020BCC31000F88A99231FFA3900F761F02019001CD0CFBFFFF89CAA8960C88
:201DD00092A65202EC061836F7FF1838FEFF00061A3800C01838FEFF1836F7FF0006FF2016
:201DE00003E8761F02030F0E761F020156B5012492245201ED1B761F02129207761F02018E
:201DF000541366079C32541367111A3D08000006183DF7FF761F022A920B5208ED07767F01
:201E0000561B761F020156BF07300006761F020ACC1B6000FFCC520156C000C0761F0201F3
:201E1000CD390040CC390004FFD5FFC1CAA856C0008B761F020ACC1C00035202EC74520327
:201E2000EC2F767F1EE5761F020A921C900356C000A5CC1B6000FFCC520156C0009F761F43
:201E30000201183DFFFE18367FFF767F2506761F020302001E06761F020A181B9FFFCC1B38
:201E40000060FFC4520356C00089CC1B9FFF1AA94000961B761F0201180DFFBF0006761F1C
:201E50000201400DEE314139EE2C767F1EE5761F020A921C9003ED71CC1B6000FFCC5201D2
:201E6000ED6C761F0201183DFFFE18367FFF767F2506761F020302001E06761F020A181B9F
:201E70009FFFCC1B0060FFC45203ED57CC1B9FFF1AA94000961B761F0201180DFFBF000657
:201E8000767F1C470006180DFFFE761F020ACC1CFFFC5002961C761F02011A368000767FDD
:201E900020200006921C90035202ED37767F1FC9761F020ACC1B1800FFCA5202ED2E767F89
:201EA00022C90006767F1EE5761F020A921C9003ED24CC1B6000FFCC5201ED1F761F02013D
:201EB000183DFFFE18367FFF767F2506761F020302001E06761F020A181B9FFFCC1B00605B
:201EC000FFC45203ED0ACC1B9FFF1AA94000961B761F0201180DFFBF0006761F020ACC1BB1
:201ED0006000FFCC5201ED11761F0201183DFFFE18367FFF767F2506761F020302001E06E0
:201EE000761F020A181B9FFF0006761F020ACC1C00035201EC275202EC045203EC180006D5
:201EF000767F203A761F020ACC1B1800FFCAED1C921C90035202ED180200761F02031E02BB
:201F00001E00761F020A181CFFFC0006761F0201180DFF7F180DFFFE761F020A181CFFFCA0
:201F10000006181CFFFC0006761F02021801FFFE761F02011839FFFD18367FFF1839DFFFE7
:201F20001839FFBF1839FFDF1835FEFF761F020A181DFFFE181DFFFD2B1E0006761F02012E
:201F3000CD39FFBF761F0202CC010004FFC1761F0201FF85CAA89639761F02021801FFFB9A
:201F4000761F0201CD39FFDF761F0202CC010010FFC3761F0201FF84CAA89639761F0202D8
:201F50001801FFEF761F0201403DEE0A1839DFFF761F02021801FFF718037FFF0006761F52
:201F60000202FFCCCD0100089001FFD2761F0201CBA99101CC39DFFFFF9CCBA99739761F65
:201F700002021801FFF70006761F0201CC380100CD36FDFFFFC7FF88CAA896360006761F76
:201F8000020ACC1B6000FFCC5201EC045202EC1D0006767F1EE5921C9003ED19CC1B6000F7
:201F9000FFCC5201ED14761F0201183DFFFE18367FFF767F2506761F020302001E06761FE7
:201FA000020A181B9FFF0006181B9FFF0006761F0201CD392000CC390040FFDCFFC5CAA853
:201FB000CD390020FFD4CBA9EC14403DEE10761F02021801FFFE761F02011839FFFD183647
:201FC0007FFF1839DFFF1839FFBF00061839FFFD0006BEF5761F02030606FF560FA663081E
:201FD0000606761F0208FF5609011E246F060606761F0208FF561E24761F020192369003FB
:201FE0005203EC034936EE3C490CEE35761F02030628761F02071E1C761F020A280C4000C7
:201FF000761F0207061C761F02080F246920761F020E0E238F0003E8761F02031EAC566547
:2020000000280200761F0207F61F561700A4A926761F020E02002D21761F020A370CF61F15
:20201000561700A43F0D767F1C646F05761F0201283140001B3140006803283140000006A3
:20202000761F020ACC1B1800FFCA5202EC0ACC1BE7FF1AA91000961B767F2295767F24389F
:20203000761F020ACC1B1800FFCA5202ED03767F22AE0006761F020ACC1B1800FFCA52025B
:20204000ED15767F23D2761F020A921B9007ED0ECC1B1800FFCA5202ED09761F0201180EE4
:20205000FFFC761F020A181BE7FF0006761F020ACC1B0600FFC8520156C101075202EC723C
:20206000520356C00174761F0208061A761F02060F346707761F02014237EE034437EF5FA8
:20207000761F0208061A761F02060F34683E761F0208061A761F02060F34661A0200761F55
:2020800002081E201E1E761F020ACC1BF9FF1AA90400961B761F0208061A761F02061E3416
:2020900002001E30761F02011A0E00030006761F020ACC1BF9FF1AA90200961B761F020684
:2020A0000634761F02071E2A767F1CF7761F0207062AFF3F1E20767F1CD4761F0201CC0E57
:2020B000FFFC5001960E0006761F020A1A1B0600761F0201CC0EFFFC5002960E761F02063E
:2020C0000634761F02071E2A767F1D90761F0207062AFF3F1E20767F1D220006767F1D2286
:2020D0000006CC1B0600FFC8520256C00100761F0208061A761F02060F3456C100F8761F88
:2020E0000208061A761F02060F346858761F0208061A761F02060F3466280200761F020848
:2020F0001E20761F020A181BF9FFCC1C000CFFC1520156C000DC0200761F02081E201E1EB2
:20210000761F020ACC1BF9FF1AA90400961B761F0208061A761F02061E3402001E30761F34
:2021100002011A0E000300060200761F02081E20761F020A181BF9FFCC1C000CFFC15201C9
:2021200056C000B5CC1BF9FF1AA90200961B761F02060634761F02071E2A767F1CF7761F25
:202130000207062AFF3F1E20767F1CD4761F0201CC0EFFFC5001960E00060200761F0208EC
:202140001E20761F020A181BF9FFCC1C000CFFC1520156C0008C1A1B0600761F0201CC0E1F
:20215000FFFC5002960E761F02060634761F02071E2A767F1D90761F0207062AFF3F1E20D5
:20216000767F1D220006CC1B0600FFC85201ED6E761F0208061A761F02060F346907761F1F
:2021700002014237EE034337EF5F761F0208061A761F02060F34683E761F0208061A761F81
:2021800002060F34661A0200761F02081E201E1E761F020ACC1BF9FF1AA90400961B761FCC
:202190000208061A761F02061E3402001E30761F02011A0E00030006761F020ACC1BF9FF7D
:2021A0001AA90200961B761F02060634761F02071E2A767F1CF7761F0207062AFF3F1E209A
:2021B000767F1CD4761F0201CC0EFFFC5001960E0006761F020A1A1B0600761F0201CC0E74
:2021C000FFFC5002960E761F02060634761F02071E2A767F1D90761F0207062AFF3F1E2065
:2021D000767F1D220006767F1CD40006761F0201CC0A0008CD0AFFFBFFC2FF81CAA8960A30
:2021E0009A0193305301EC065302EC04530356B000A99001CD0AFFF7FF82CAA8960A930A63
:2021F000FFC2FFD1CEA840A9EE08761F02082B30761F02092B246F07761F02080A30761F1C
:2022000002090A241B24EA6069032824EA60761F020892305204640C761F02091B24EA60AA
:20221000EC07761F02082B30761F02092B240006FE02761F02269236EC55761F020992359F
:20222000EC0354366641761F0201453DEE0A1839FEFF761F0208061C761F02031E006F0531
:202230000200761F02031E00060E761F0205031CFF560F1E6410761F02272B01761F022668
:2022400056BF012A761F02272B01761F02011A0D00026F39C51E28AC001F3B01761F02033F
:2022500006A7562207A7FF401EA6060E761F0205031CFF560FA663039A016F029A02761F1C
:20226000022796016F0A0A36761F02011A3901000200761F02031E00761F0201180DFFFD86
:202270006F120200761F02031E00761F0201180DFFFD761F0203060E761F02051E1C761F41
:2022800002262B2A761F0201880DCD39000292A6FFD0FFC0FF5F9001CBA99101CCA6FFFD63
:20229000FF90CBA9970DFE820006761F0201CD36FFF3761F020E923D9003761F0201FF8155
:2022A000CAA89636CD36FFCF761F020F92099003FF83CAA8761F020196360006761F020A3C
:2022B000921B90075203EC0DCC1BFFF85003961B761F0201CC0EFFFC5001960E180DFFFD17
:2022C000761F020A921B90075203ED03767F23FA0006761F0201CC360030FFC35201ED28C8
:2022D0004139EE26767F561B767F1EE5921C900356C000F9CC1B6000FFCC520156C000F344
:2022E000767F1ECDCC1B6000FFCC56C000ECCC1B0060FFC4520356C000E6CC1B9FFF1AA947
:2022F0004000961B761F0201180DFFBF0006CC360030FFC3ED31420DEF2F180DFFFB767FC9
:202300001EE5921C900356C000CECC1B6000FFCC520156C000C8761F0201183DFFFE18361A
:202310007FFF767F2506761F020302001E06761F020A181B9FFFCC1B0060FFC4520356C068
:2023200000B2CC1B9FFF1AA94000961B761F0201180DFFBF0006761F020F0E11761F0206CF
:202330000F346905761F020A401DEF41761F0201CD360030CC390002FFD3FFC0CAA8ED28C4
:20234000761F020F9213EC24761F020A411DEE20761F0201400BEE1C761F020A1A1D00014F
:20235000761F020F0E11761F02060F346811761F020A0A1E761F020F2D13350A761F020AC0
:20236000541E66061A1D0002181DFFFE2B1E761F020A401DEF0C761F020F9213ED08761FFD
:20237000020A1A1D0002181DFFFE2B1E767F1CAA767F2438761F020ACC1B00075202EC3F73
:202380005203ED50921B90075203ED4C761F0201410DEE0B761F020ACC1C00C0FFC5520299
:20239000ED41767F22180006761F020ACC1C00C0FFC55202ED0C761F02092B36761F0201D7
:2023A0001839FEFF761F020A181CFF3F761F0201180DFFFD761F020A181BFFF8CC1B180039
:2023B000FFCA5202ED1F767F243F761F020A921B90075202ED17767F24730006767F252182
:2023C000767F1D47761F02060634761F02031E00761F020ACC1C000CFFC15201ED03767F88
:2023D00020560006761F020ACC1B00075202EC1C5203ED20CC1C00C0FFC55202ED0C761FD6
:2023E00002092B36761F02011839FEFF761F020A181CFF3F761F0201180DFFFD761F020A1E
:2023F000181BFFF80006767F24FF761F020A181BFFF80006761F0201CC36000CFFC15201FB
:20240000EC1ECC36000CFFC1ED1A761F020ACC1C00C0FFC55202EC13761F02092B362B351C
:202410000200761F02081E1C761F020ACC1CFF3F5080961C767F241F767F22180006761F86
:20242000020F2D03350A761F02050EA91E1E761F020F2D29761F020935649635761F0229CD
:202430002D08761F020F3601761F02081E1C0006761F020306001E0206021E060006761F14
:20244000020A921B90075202EC2E0200761F02061E30761F02071E201E2A761F020A2B06DB
:20245000761F02061E24761F02071E0A761F02081E1A761F02071E34761F02061E34761F7C
:2024600002071E1E761F020ACC1BFFF85002961B767F2521767F1D47761F02030600761FCC
:2024700002061E340006761F0201483656CD0088761F020ACC1C000CFFC15201EC0BCC1CA4
:20248000FFF35004961C56BF01060200761F02061E30761F020ACC1C000CFFC15201ED6F37
:20249000761F0208061A761F02060F34684A761F0208061A761F02060F346621761F020A14
:2024A000CC1B0600FFC85202EC5A0200761F02081E201E1E761F020ACC1BF9FF1AA904006C
:2024B000961B761F0208061A761F02061E3402001E30761F02011A0E00030006761F020AF3
:2024C000CC1B0600FFC85201EC3ACC1BF9FF1AA90200961B761F02060634761F02071E2ABD
:2024D000767F1CF7761F0207062AFF3F1E20767F1CD4761F0201CC0EFFFC5001960E00064D
:2024E000761F020ACC1B0600FFC85203EC181A1B0600761F0201CC0EFFFC5002960E761FFB
:2024F00002060634761F02071E2A767F1D90761F0207062AFF3F1E20767F1D220006761FE9
:20250000020A181BF9FF181CFFF300060200761F02031E02761F0201180EF7FF180AF7FFD0
:20251000180AEFFF761F02021801FFFE761F02011839FFFD18367FFF1839DFFF1839FFBFFD
:202520000006761F0201483DEE1A4139EE11761F020A401DEE060200761F02081E186F15AA
:20253000761F020F0E11761F02081E186F0E761F02020630761F02081E186F07761F0206BD
:202540000634761F02081E180618BE000F14761F020156B001A692A6CD37FFFB9001FF81E1
:20255000CAA89637761F020806181E1406181E1A761F02030622761F02071E340006761F9A
:20256000020206301E360006761F0201180EFFF31839FFFE0006761F02019232ED1A761FCB
:2025700002129205761F0201541366134F36EF0F920E90035201ED039A046F0A920E9003E5
:202580005202ED039A056F049A066F029A0596320006761F0201430AEE179230520AED2C46
:20259000761F02090A101B1027106941761F02014F39EE06761F020928104E206F38761FCF
:2025A00002092B106F270201761F02075601003C761F02089230520464098F030D40761F73
:2025B0000207A8A90F3C68086F22FF201770761F02070F3C671C761F02014F39EE078F04AB
:2025C00093E0761F0207A83C6F120200761F02071E3C761F02019232ED0A761F0203060E8A
:2025D000761F02021E0C761F02012B30761F020118397FFF0006761F02019232ED044539FD
:2025E00056BD0F320006761F0201433DEE05767F25EC767F256B0006761F02019232ED1488
:2025F000761F01BF4C00EF0C761F0201403DEE0C92215201ED092B2156BF13320006761FE3
:20260000020156BF0A320006761F020A4F1CEE441A1C80004D1CEE200200761F02041E0832
:20261000761F02051E26761F02041E06761F02051E24761F020A1A1C2000761F02022B0171
:20262000761F02012B3B2B392B362B3D2B0E2B0C2B0D2B0B2B37761F020A4D1C56CC015AA8
:202630004C1CEE0A761F02082B3002001E18761F020A1A1C10004C1C56CC014CCC1B0060F3
:20264000FFC45202EC05CC1BFF9F5040961B1A1C4000FFEF013F4D1CEF160201761F0203FD
:202650005601000E060E761F02271E32761F0203400EEE03767F1DDF767F25E3767F1BCA42
:20266000767F1BE0761F020A4C1C56CC0123761F02019239CD36BFFF9001FF8DCAA896369C
:20267000767F25DB767F1F74761F020ACC1B0060FFC4520156C100C7520256C100A752038A
:2026800056C00108CC1B0060FFC4520356C00102761F02014B3DEE211A0D0800767F1F7FB2
:20269000CC1B6000FFCC56C000F5CC1B0060FFC4520356C000EF761F0201183D7FFF761FA9
:2026A000020A181BFF9F4C1C56CC00E4CC1BFF9F5040961BFFEF00DE9230ED511A3D800066
:2026B000761F020ACC1B6000FFCC5201EC44520256C000D0761F0201413956CC00CB4D3915
:2026C00056CD00C8CD390004CC390040FFD1FFC5CAA856C000BFCD390020CC350100FFD4EA
:2026D000FFC7CAA856C000B6761F020ACC1B9FFF1AA92000961B761F02011A3D00011A0D15
:2026E0000040761F020A921C9003520356C100A20200761F02051E141E16761F020A1A1CCF
:2026F0000003761F020118367FFF761F02031E02FFEF0090767F1E06FFEF008C767F21D6AC
:20270000761F020118397FFF767F1F7FCC1B6000FFCCED7FCC1B0060FFC45203ED7A761FE6
:202710000201183D7FFF761F020A181BFF9F4C1CEF70CC1BFF9F5020961B767F25891A3DFA
:202720000008180DFFBF6F65761F02014B3DEF61767F1F141A1B0060761F02011A3D80003E
:20273000761F020ACC1B6000FFCC5202EC52CC1B9FFF1AA94000961B761F0201180DFFBF90
:202740006F48CC1B0060FFC45201ED437622761F01A11A180004761F01A21A180004761F2D
:2027500001A31A180004761A761F02019230ED23FF69767F1F14761F0201183DFFF7180EFC
:20276000EFFF761F020A1A1B0060761F02011A3D8000761F020ACC1B6000FFCC5202EC19BA
:20277000CC1B9FFF1AA94000961B761F0201180DFFBF6F0F4B3DEE0A1A0D0800761F020AC7
:20278000CC1BFF9F5040961B6F04FF69767F2589FF6900068F0493E0761F0202A8A907365A
:20279000761F02031E14A8A907061E18A8A907021E16761F02019216761F020B961B761F13
:2027A00002019223761F020B961D761F02019213761F020B962F0006761F020A4029EE0664
:2027B0001A2900011A2900020006767F278A0006B2BDAABD59A85AA98F0084B09A03767F9F
:2027C000553A9A048F0084AD767F553A761F021292A1541E6205541E56B401216F022B2178
:2027D000791E761F00109207ED05761F02122B212B1F761F02129221ED191BA10348640F07
:2027E0001BA1039863041BA1034863061BA1039856B302236F0556BF01236F022B23922305
:2027F000541F671E921F96236F1B5201ED191BA1038E630F1BA1038E63041BA1033E6306AB
:202800001BA1033E63082B236F0656BF01236F0356BF02239223541F6903921F96239223F5
:20281000961F761F00115402EC0B761F02121B2D0BB868092B2D761F001196026F04761F3D
:2028200002122B2D761F00119202ED0A9201520156B10201761F02122B3092A26F295201E8
:20283000EC215202ED1A920156B10101761F02129230521E680E08A1FC7292A1761F001143
:20284000FFCE94A1FFA09403761F02122B306F109220567200A26F0C761F02122B3092A2EE
:202850006F07761F02122B309220567200A2962086BE8BBE0006FE0288A9761F0011920818
:20286000EC0492015202ED052B01761F02122B1192A69EA888A9761F00112D0D350A54A6B6
:2028700064272D0E350A54A662039A006F4392099E0A3B0193A92D03FFCE94A8FFA0940A67
:2028800085A91E42356400FF6FAF3B015621000C560500A92D0E350A9EA685A91EAC5644E1
:2028900000AB8F0003E8A84200FF6FAF6F2392099E0A3B0193A92D03FFCE94A8FFA0940A39
:2028A00085A91E42356400FF6FAF3B015621000B560500A92D0D350A1EA792A693A79EA81C
:2028B00085A91EAC564400AB8F0003E8A84200FF6FAF5200EC0854116205541263049212C7
:2028C0006F02921193A6550E6302FF5C93025301ED04520056B400A9761F0212931195A91E
:2028D000971192A8630CFF5C761F00115410650F9210761F0212FF5C96116F09761F001153
:2028E000920F761F02125411562A0411761F02129211FE820006FE02761F0010582D8F0009
:2028F0008B6080949B099FA988A828A9018A3B018F00850094A685A9560100A42DC428A9DC
:2029000001948F00850094A685A9560100A492C49CCE560301A988A9020A1E4230A700FF75
:202910006FAF94A6761F0011540A64055409650492096F02920AFE820006B2BD59A98F00EE
:2029200084AA9A03767F553A761F021292A154126205541256B401146F022B147912027964
:20293000761F00100F026805761F02122B142B13761F0010920E520356C000A5761F021240
:202940009214ED4E1BA1FF9264441BA1FF9264041BA1FFBA643B1BA1FFBA64041BA1FFE25E
:2029500064321BA1FFE2640492A1520A642992A1520A64035232642152326403525A641A9C
:20296000525A6403528C6413528C640352BE640C52BE640352FA640552FA56B309106F1A07
:2029700056BF08106F1756BF07106F1456BF06106F1156BF05106F0E56BF04106F0B56BFDB
:2029800003106F0856BF02106F0556BF01106F022B1092135410562A0610FFEF010152015E
:2029900056C000FE92A152F0634352B4640352F0643C5282640352B46435525064035282F2
:2029A000642E522864035250642752006403522864201BA1FFD86403520064181BA1FFB08D
:2029B00064041BA1FFD8640F1BA1FF8864041BA1FFB064061BA1FF88631D2B106F1B56BF7C
:2029C00001106F1856BF02106F1556BF03106F1256BF04106F0F56BF05106F0C56BF061094
:2029D0006F0956BF07106F0656BF08106F0356BF091092105413FFE900B392139610FFEF24
:2029E00000AF761F02129214ED5492A152C8644B52C8640352FA644452FA64041BA1012C8A
:2029F000643C1BA1012C64041BA1015464331BA1015464041BA10186642A1BA10186640439
:202A00001BA101AE64211BA101AE64041BA101D664181BA101D664041BA101FE640F1BA1FF
:202A100001FE64041BA1021C64061BA1021C56B309106F1A56BF08106F1756BF07106F1414
:202A200056BF06106F1156BF05106F0E56BF04106F0B56BF03106F0856BF02106F0556BF52
:202A300001106F022B1092135410562A06106F575201ED551BA10212634B1BA101F4640438
:202A40001BA1021264421BA101CC64041BA101F464391BA101A464041BA101CC64301BA11F
:202A5000017C64041BA101A464271BA1014A64041BA1017C641E1BA1012264041BA1014A1D
:202A6000641592A152F064041BA10122640C52BE640352F0640552BE631D2B106F1B56BF25
:202A700001106F1856BF02106F1556BF03106F1256BF04106F0F56BF05106F0C56BF0610E3
:202A80006F0956BF07106F0656BF08106F0356BF0910921054136903921396109210961345
:202A9000920D54106909922A5278690956BF782A9210960D6F042B2A9210960D920D8BBEC8
:202AA000000688A9761F0212540CED04930E56C0014D5203EC07930C5303EC04930E56C0FC
:202AB0000145520356C100A3761F021A56030100761F00119606761F021A56030101761FC3
:202AC00000119609761F021A56030102761F0011960A761F021A9203761F0011960B761FD1
:202AD000021A9204761F0011960C761F021A9305761F00119DF6970D761F021A9306761FE7
:202AE00000119DF6970E761F021A9207761F0011960F761F021B9213761F00119610761FC0
:202AF000021A9208761F00119611761F021A9209761F00119612761F021B5603010D761F7B
:202B000000119614761F021B5603010F761F00119615761F021B5603010B761F0011961625
:202B1000761F021A5603013E761F00119617761F021A5603013F761F00119618761F021BB9
:202B200056030100761F00119619761F021B56030101761F0011961A761F021B5603010770
:202B3000761F0011961C761F021B5603010E761F00119613761F021B56030106761F00110C
:202B4000961B761F021B56030109761F0011961D761F021B5603010A761F0011961E761F51
:202B5000021256BF010EFFEF00A1761F021A5603011F761F00119606761F021A5603012007
:202B6000761F00119609761F021A56030121761F0011960A761F021A9222761F0011960BF2
:202B7000761F021A9223761F0011960C761F021A9324761F00119DF6970D761F021A9325E9
:202B8000761F00119DF6970E761F021A9226761F0011960F761F021B9214761F00119610FF
:202B9000761F021A9227761F00119611761F021A9228761F00119612761F021B5603010D9C
:202BA000761F00119614761F021B5603010F761F00119615761F021B5603010C761F00119B
:202BB0009616761F021B56030102761F00119617761F021B56030103761F00119618761F00
:202BC000021B56030104761F00119619761F021B56030105761F0011961A761F021B5603B3
:202BD0000108761F0011961C761F021B5603010E761F00119613761F021B56030106761F74
:202BE0000011961B761F021B56030109761F0011961D761F021B5603010A761F0011961E35
:202BF000761F021256BF010E7E0C0006B2BDAABD5AA9D1008F0084A79A02767F553A761F4F
:202C0000001092255201EC06761F0212921A96276F07761F021256BF011B9227961A92A2A9
:202C10005201ED17920FED15921B5201ED12761F0010920D5201EC035202ED0B761F021230
:202C20001B2705A056B902A16904D1012B272B1A761F02127A0F92A186BE8BBE0006B2BDBE
:202C3000AABD59A85AA98F0084A49A03767F553A9A038F0084B3767F553A761F00109225FE
:202C4000761F021256B00118761F001002780F02680402AA0F046837761F02129218EC3340
:202C50000278761F00100F02670AFF2001680F0268069226EC04920D5202ED1FFF2001688D
:202C60000F0267069226EC04920D5202ED1102050F0469039225EC069226EC04920D520273
:202C7000ED17761F021256BF041D2B336F11761F021256BF031D6F0C761F021256BF021D4D
:202C80002B336F06761F021256BF011D2B33761F00109207ED07761F00112B08761F021273
:202C90002B16761F0212921D5202EC035203ED08761F0010922C761F0212541567022B24D1
:202CA000921D520156C100A9520256C100845203EC2E520456C000B1023C761F00100F04E1
:202CB0006905761F001192046F0B02780F046905761F001192096F04761F00119206761F5E
:202CC0000212961C761F0011920A761F0212541C620B761F00119209761F0212541C562A8C
:202CD000041CFFEF008A961CFFEF008792245205690C761F0010921B767F291D767F28EB0E
:202CE000761F021296222B249222761F00119607761F0010922C761F02125415EC022B336C
:202CF000923352786708525A680E761F0010920E5203ED09761F02122B3392A293A1767FB0
:202D0000285B9616761F021292169422961C761F00114100EF05761F02129222961C761F4C
:202D100000104A16EF05761F02129222961C761F0011920A761F0212541C620A761F0011C3
:202D20009209761F0212541C562A041C6F35961C6F3392245205690C761F0010921B767F7E
:202D3000291D767F28EB761F021296222B249222961C761F0011920A761F0212541C620A58
:202D4000761F00119209761F0212541C562A041C6F13961C6F11761F0010921B767F291D38
:202D5000767F28EB761F02129622761F00119206761F0212961C761F0010922C761F021255
:202D600096159216761F00119608761F0212921C86BE8BBE0006BE00761F00104012EE0E21
:202D7000761F021293175301ED09761F0010930E5303761F021256B10119761F02129319EB
:202D80005301ED080278761F00100F0256B701A66704761F02122B19761F0010930E530312
:202D9000EC069325ED04761F02122B19761F00109312761F02129101971792A60006B2BDBB
:202DA000761F0010920E767F2AA1761F001092105201EC465202EC3E520056C00086401284
:202DB000EE1C4112EE15767F2D6B5200ED0C761F0010921E931A767F2C2F761F0011960538
:202DC00096046F0F761F0011920696056F0A761F0011921596056F05761F00119214960546
:202DD0009205761F0010931D767F27B859A9761F0011540A64055409650459096F02590AB8
:202DE00092033B019EA185A9FF565203634D59036F4B761F00119216960559056F45CC124C
:202DF00001C0EC33CC1201C0FFC55201EC29CC1201C0FFC55202EC1FCC1201C0FFC552039E
:202E0000EC15CC1201C0FFC55204EC0BCC1201C0FFC55205ED1E761F0011921696056F19CB
:202E1000761F0011921B96056F14761F0011921A96056F0F761F0011921796056F0A761FCE
:202E20000011921896056F05761F001192199605761F00104012EF05761F0011921496050A
:202E3000761F00115905761F00109207767F2BF65201EC075202761F001156B101246F054A
:202E4000761F001156BF0123921FED0279038BBE00068F3FE000761F0232A802761F02323E
:202E50008F007FFFA81828AAFFFF28AB8001A91A28AA7FFF28ABFFFF761F0232A91C0200FD
:202E60001E1E28AA800028AB0001A92019011E22761F022656BF492956BF562C56BF452B6D
:202E7000761F022728231F4028200190761F022B56BFE71C761F022756BFA31D761F000DF2
:202E800028163FFF2817C001761F022656BF4D1256BF451556BF471428AA3FFF28ABFFFFC5
:202E9000761F000FA92C28AAC00028AB0001761F000FA92A761F000F28074000761F000F15
:202EA0002809C000761F000F28113FFF761F000F2813C001761F022656BF541156BF4410C6
:202EB00056BF521F761F000F2B12761F02312B04761F02312B11761F023128294000761FB2
:202EC000022656BF4D0256BF450456BF450E761F000C28151838761F000C28140A92761F64
:202ED0000227282204E2761F000C2B24761F000C2B1A761F02312B3D761F0231282BC000A8
:202EE000761F02262B1A0006FE04FFEF037C761F000C181AFFEF181AFFF3761F000C1A2497
:202EF00001001A240004761F02262B0A923E761F02299613761F02279205761F0229961297
:202F0000767F5B9E767F5BC0761F000C9203761F02319602761F02270626761F000F1E1C55
:202F1000761F022802001E3E761F02262B242B28761F0228063E761F000C1E32761F000C90
:202F20000E03761F0229F60F1F08761F02269627761F000C3B0156030F0F761F000C1E3ACD
:202F3000761F000C56030F0E761F000C1E3C761F022756BF031F0632761F02281E14761FBC
:202F400002262B092B162B0B2B0D761F022802001E101E0C1E12761F02262B18761F02275F
:202F50002B19761F02262B202B17761F02271E38761F02262B1C2B002B032B3CFFEF030CFE
:202F60000632761F02288F0001F403140FA46915761F0226920AED1156BF010A923B761FB5
:202F700002299613761F0226923D761F02299612767F5B9E767F5BC0761F02268837761F6A
:202F800002270632761F022803140FA66906761F0226920956B10109761F022706328F00E8
:202F900001F4761F022803140FA4690D761F02269216ED0956BF0116761F02270632761F1B
:202FA00002281E1E761F022706328F003A98761F022803140FA46906761F0226920B56B1FB
:202FB000010B761F022706328F0002BC761F022803140FA46906761F0226920D56B1010D49
:202FC000761F000C1A1A0020761F0228063E761F000C1E32761F000F0626761F0227FF5625
:202FD0009716761F02269216520156C00088761F02320614761F0232030A761F0232030851
:202FE000761F02281E0A761F02270E1C1E442B422B410E1D761F02281EAC5605000A5663F5
:202FF000000A00FF70C228AC001C562CA9083B010608FF3D0310FF4D560100100610FF4DB5
:203000001E0C761F02271B1980006711761F000F0626761F000C0332FF56761F0228FF4F94
:2030100056010012761F02270A196F12761F022829010612761F0226FF4E961856BF0117EF
:20302000761F022802001E12761F02272B190632761F02288F002710031E0FA46909761F05
:2030300002269220ED059217520156B10120761F022692205201ED2228A93333761F000FE4
:2030400028A813330F266312761F02261B181800761F020156B608320232761F02280F0CBC
:20305000761F020156B208326F09761F02261B180999761F020156B60832761F0226921936
:203060005201ED36921AED34920D5201ED31920096039227FFC7960092035400EC290A1C99
:203070003B01761F000C851E761F022756010038761F02261B1C0100ED1B761F022706387A
:20308000761F0226562F073C56BF020D761F022702001E38761F02262B1C2B002B0356BFFF
:20309000011A9213543C761F020156B41032761F02269227FFC796268F0000808F40008096
:2030A0000E26FF30560100A40E26FF30560100A5761F02323B01061603C5FF43560100C40D
:2030B000761F0226C62896329AC0942890FF96355603013296319A809431962F8F00008017
:2030C0000E32FF30560100A4761F022706C41E2C761F02268F0000800E35FF30560100A47B
:2030D000761F022706C41E3E761F02260E31761F02328A02FF30560100A4761F022706C4F9
:2030E0001E24761F02260E2F761F02328A02FF30560100A4761F022706C41E368724560533
:2030F000003E5663003EA9A4873683A95605002C5663002C28AC001E565700A4564000A56B
:20310000562CA93C87245605002C5663002CA9A483A987365605003E5663003E28AC001E79
:20311000565D00A4565400A5562CA93A761F02260A28761F0227063C761F02280322FF4D75
:2031200056010022761F0227063A761F02280320FF4D5601002006220326FF4D5601002659
:2031300006200338FF4D5601003887385605003856630038A9A483A98726560500265663A0
:20314000002628AC0020565700A4761F0229564000A5562CA9000600767F7C28761F022682
:20315000961B761F0227920C960B921E54166804920A960B6F1854166714921B54166811F2
:203160009E1E88A9931692119E0A9F1E2DA837A90200F61F561700A692AB940A960B6F03E4
:203170009211960B8724761F02285605003856630038761F0227A9A483A98736761F02285A
:20318000560500265663002628AC001E761F0227565D00A4565400A5562CA9303B01761F4D
:2031900002280626FF4F88A90638FF4F93A992A6767F7C41761F02271E3429010634761F8F
:2031A0000226FF4E962E761F0227920D5202ED218F00FFFF0200BEC8A8AC5665002E761F30
:2031B00002268F002710F61F561700A60E08761F02271EAC566500AB0200F61F561700A4BD
:2031C0003F039203761F0226942E96249427962D3B01761F000F2504761F0227032AFF4D21
:2031D0005601002A062AFF4F9602761F022685A9FF569638761F0227BE64290156030E09C0
:2031E000FF5A0200F61F561700A63F089208761F022654386804923896306F0A1B3840001A
:2031F000620628A940009E3896306F022B30761F0227920D5202ED28921A54166808761FFD
:2032000002269230761F022796006F1F5416671A9217541668173B01761F02268530761F22
:2032100002271EA692179E160EA91EAC9217566500A69E1A88A90200F61F561700A63F0077
:203220006F042B006F022B00761F0226922D767F55D2761F02273B012D00761F022812A91B
:20323000FF4E1E24761F0227020A1E420E0B761F02281EAC5644002400FF6FAF761F02268B
:203240009621761F0227920D5202ED14761F0226922A5201ED0F92095201ED0C761F000CB5
:203250001A260001761F02269221761F000F960B6F12761F000C1826FFFE761F000F2B0B31
:203260006F0A761F0227921F56C1FC83520356C1FCF96F01FE840006FE02761F02269233F5
:2032700056C1017F2B252B33FFEF017B761F000C1A251000761F000C1A1A0010761F0226FD
:2032800056BF0125FFEF0181761F022792215201ED46761F000C1A1A0001761F000C1A24D7
:203290000002761F000C1A1A00041A1A0008761F022656BF0136761F02270E1C1E420E0E9A
:2032A000FF3D00FF6FAF761F000C9621761F000C2B1E761F000F0626761F02281E1AC41ACE
:2032B0003B0128AC0012761F023106A6FF4C562207A6881FFF4D761F02281EAC564400A63C
:2032C000560100280628761F000C9703761F0228061A761F000C1E32FFEF0137761F000C6F
:2032D0001A240002761F000C1A1A00041A1A0008761F000C2B1E761F000C2B21761F000C11
:2032E0002B05761F000C2B06761F022802001E3C1E3E761F02312B00761F02281E3A761FB6
:2032F000000C2B03761F000C1E32761F000C4C25EF091825FFDF761F02312B24761F02318F
:203300002B1C761F02270632761F02281E14761F022656BF0225FFEF00F8761F000C2B1EB6
:20331000761F000C2803D555761F02279210761F000C5421651008210004761F02262B2285
:203320000200761F02281E001E061E04761F02262B236F6D9621761F02278F0001F4063250
:20333000761F022803140FA46962761F02269223ED5E922252FF665B0A223B01761F022A7D
:203340008511FF56761F022885A956010000761F022A8509FF56761F022885A95601000650
:20335000761F022A850AFF56761F022885A956010004761F02261B220100ED3956BF012316
:20336000761F02280600761F0227562F0712761F02280606761F0227562F0715761F022843
:203370000604761F0227562F071492125264761F020156B409326412761F0227921552640D
:20338000761F020156B409326409761F022792145264761F020156B409320200761F02282B
:203390001E001E061E04761F02262B22761F022706328F000640761F022803140FA469648E
:2033A000761F022656BF0325761F02270632761F02281E146F59761F02279210761F000C63
:2033B0009621761F000C2B1E761F000C2803C000761F02278F0003200632761F0228031452
:2033C0000FA46942761F022656BF0525761F000C2B21761F000C2B1E761F02270632761F31
:2033D00002281E146F31761F0227BE050632761F022803140FA6761F022656B605256F2417
:2033E00056BF01362B2556BF01338F3F2EE4761F0228A8026F192B2556BF01336F15922543
:2033F0005203620D5203ECB8520056C1FE81520156C1FE8C520256C1FF126FEE5204ECD435
:203400005205ECDF6FE9FE820006761F0228C5023E670006FE0296416F2D8F3F326C761F07
:203410000228A802761F02262B07761F000C1825EFFF761F022656BF01336F218F3F346015
:20342000761F0228A802761F000C1825FFDF761F022656BF01332B36761F000C2B25761F7A
:20343000000C2B24761F000C2B1A761F02272B1F6F065200ECE45201ECD16F01FE82000696
:203440008F3F3460761F0228A802761F02262B07761F02312B1C761F000C2B25761F000C11
:203450002B24761F000C2B1A0200761F02281E3C1E3E761F02312B00761F02281E3A0006A0
:20346000761F02262B250200761F02281E221E201E261E38761F02272B021E2A761F022676
:203470002B362B2A761F02272B01761F02262B39761F02281E2A0006767F7B4C761F0226F5
:203480009212524DED0992155245ED0692145247ED03767F7A7E761F02269202524DED12B7
:2034900092045245ED0F920E5245ED0C92115254ED0992105244ED06921F5252ED03767F1F
:2034A000772E761F022692295249ED09922C5256ED06922B5245ED03767F63D20006B2BD22
:2034B000FE0476FF77295CADDC83F60224849A038F008DB5767F553A761F00104512EE4AB7
:2034C0004412EE40921893195C255D26767F35B559A9761F001079264D12EE0D920B52049C
:2034D000ED1492A152026605520056B001A16F0DD9826F0B761F02175913761F022D56BFAB
:2034E0000104761F02362B35761F00101B1B01A463081B1B01906209761F02362B116F0500
:2034F000761F023656BF0111761F02369211EC1C92A1761F0217541767175200EC155917C3
:203500006F13D10D761F02169235761F001096266F0B56BF0D2756BF0D26D10D9216EC04F5
:203510002B272B26D100761F0010CD120010CC120002FFD3FFC0CAA8ED135CAD921B932542
:203520005D2DDC83767F37C088A9761F00104D12EF0A934356B00D4356B000A66F0456BF28
:203530000D43BE00CDA60001CC13FFEFFF93CBA9971392A6FFC1CD15FFF79001FF82CAA828
:2035400096155CAD932DDC82921A767F392588A9761F022D9304EC0D761F02369335533CF1
:20355000670856BF0D42BE00530056B000A16F08761F023656BF3C35761F022D2B04761F7E
:203560000010CDA60001CC13FFF7FF92CBA9971393A6FFD0CC14FFFD9101FF90CBA997141F
:2035700092A6FFC1CD15FFFB9001FF81CAA89615FFC19001CD15FBFFFF89CAA896155CAD5E
:20358000932DDC81921C767F39F388A9761F00104D12EF06934156B00D4156B000A6CDA6CE
:203590000001CC13FFFBFF91CBA9971393A6CC14FFFEFFD09101CBA9971492A6FFC1CD1523
:2035A000FFFD9001FF80CAA896155CAD9A03DC83767F06F9761F0010962892A1542869026C
:2035B00059287927FE848BBE0006D00C00FF709959A57C4C5AA85BA976FF77025CADDC8BFB
:2035C000F60A24849A038F008DAF767F553A9A038F008D9A767F553A9A028F008D97767F3C
:2035D000553A761F001092115201EC04920F5201ED06761F02362B2F2B1A2B1792A29EA3B7
:2035E000761F023654136205541356B401156F022B159613934CED062B152B162B2F2B1A5D
:2035F0002B179315ED4E1BA9FFFB64451BA9FFFB64035200643D5200640352056436520516
:203600006403520A642F520A6403520F6428520F640352146421521464035219641A5219D0
:203610006403521E6413521E64035223640C5223640352286405522856B30A126F1D56BF91
:2036200009126F1A56BF08126F1756BF07126F1456BF06126F1156BF05126F0E56BF0412FF
:203630006F0B56BF03126F0856BF02126F0556BF01126F022B1292165412562A06126F5285
:203640005301ED505223634852236303521E6341521E63035219633A52196303521463331F
:2036500052146303520F632C520F6303520A6325520A63035205631E5205630352006317D0
:20366000520063041BA9FFFB630F1BA9FFFB63041BA9FFF663061BA9FFF663202B126F1E14
:2036700056BF01126F1B56BF02126F1856BF03126F1556BF04126F1256BF05126F0F56BFBF
:2036800006126F0C56BF07126F0956BF08126F0656BF09126F0356BF0A1292165412562AEC
:203690000812924CED1458125CADDC8B5994761F001092075201761F023656B1011492143A
:2036A0005201ED4192A156B101A16F3D2B1492125416ED1F922F52B4681C2B2F9212520A03
:2036B0006609520568072B1792A1520D672CD9016F2A5201EC05520056B100A16F2492A1E7
:2036C00052016902D9819217523C56B700A16F1B92125416EC182B172B2F5416660E54166D
:2036D000671292169E1254A1670692A19E16941259A96F09D1016F0794A19E1659A9520D0E
:2036E00056B60DA192129616761F0010960A92A1ED09924C5201ED06761F0236921A52B4AF
:2036F000680A761F0236921A52B46806921256B100A16F02D101921A52B456B7B41A92A10C
:20370000D00C00FF70F50006B2BD59A98F008DB89A04767F553A761F023692385232670674
:20371000CC0500C0FFC5FFEF00AB2B384905EE1692049C0254A1650992A1540464032B073B
:203720006F2179042B076F1E0A0792075228641A2B0779041A0502006F1592A19C0254049E
:20373000650992A1540462032B076F0C79042B076F090A079207522864052B0779041805EE
:20374000FDFF4905EE1492A152C8650C9A0093A153D856B401A9CD05FFFC9003CAA8960545
:203750006F15CC05FFFC500296056F1092A152DF64039A006F0652D064039A016F029A0292
:20376000CD05FFFC9003CAA896050A069305FFC19103900354A8EC099205CD05FFF390036E
:20377000FF81CAA896052B060A019206523C640B56BF3C062B019205CD05FFCF9003FF830C
:20378000CAA896059201526464199205CD0500309003FFD39C0155A96209CC0500309305B9
:20379000FFC391039C0154A863092B019205CD05FFCF9003FF83CAA896050A00CC0500C09E
:2037A000CD050030FFC5FFD355A9630D1B0004B06413CC050030CD05FF3FFFC3FF85CAA8F4
:2037B00096056F0ACC050030CD05FF3FFFC3FF85CAA896052B00CC0500C0FFC58BBE0006B2
:2037C000D00C00FF709982A4974C9CF659A9761F00109220767F37045AA99A038F008DA97C
:2037D000767F553A9A038F008DAC767F553A92A2EC395201EC1D5202ED4C761F0217921DCD
:2037E000964B921E964A921F964992209648761F0214922B9647922C9646922D9645922EFF
:2037F0009644922F9643923096422B416F32761F02179219964B921A964A921B9649921C9E
:203800009648761F0214922B9647922C9646922D9645922E9644922F9643923096422B4117
:203810006F18761F02149227964B9228964A92299649922A9648922B9647922C9646922D0B
:203820009645922E9644922F9643923096422B4192A1761F0236540D6205540D56B4010C33
:203830006F022B0C790D924CED042B0C56BF0A02920CED5B92A16450520064035278644926
:203840005278640352B4644252B4640352F0643B52F064041BA1012C64331BA1012C6404C2
:203850001BA1017C642A1BA1017C64041BA101AE64211BA101AE64041BA101D664181BA162
:2038600001D664041BA101FE640F1BA101FE64041BA1021C64061BA1021C64202B036F1E5B
:2038700056BF01036F1B56BF02036F1856BF03036F1556BF04036F1256BF05036F0F56BF08
:2038800006036F0C56BF07036F0956BF08036F0656BF09036F0356BF0A0392025403562A58
:203890000803920396026F5E5201ED5C1BA1021263521BA101F464041BA1021264491BA1A0
:2038A00001CC64041BA101F464401BA101A464041BA101CC64371BA1017264041BA101A499
:2038B000642E1BA1012264041BA10172642592A152E664041BA10122641C52AA640352E69A
:2038C0006415526E640352AA640E1BA1FFEC6403526E64061BA1FFEC56B40A036F1D56BF43
:2038D00009036F1A56BF08036F1756BF07036F1456BF06036F1156BF05036F0E56BF0403A7
:2038E0006F0B56BF03036F0856BF02036F0556BF01036F022B0392025403562A060392036D
:2038F000960258035CADDC8B929496C3761F0010CD160002CC170002FFD0FFC0CAA8EC0873
:2039000056BF0DC3761F02362B299A006F1B92C3ED10761F023692295205680556BF05299C
:203910009A046F109A00761F0010932D97C36F0A9B00922654C356B601A892A8761F023682
:203920002B29D00C00FF70F5000600FF709582A45AA859A99A038F008DA6767F553A9A033F
:203930008F008D9D767F553A761F00114100EF0656BF0DC39A00FFEF00B5761F00109211F4
:203940005201EC06920F5201EC039225ED05761F02362B262B1D761F02152D2A350A08A93D
:20395000FD8054A1FFE2008E761F0236920E5204EC79350A08A9FD8054A16253761F02158B
:203960002D28350A08A9FD8054A1654B761F0236920E5202EC092B1D92A2520169039CFF54
:203970006F029A0196092B26761F02152D29350A08A9FD8054A162152D28350A08A9FD809E
:2039800054A1650F761F0236921D523C68232B1D92A2520169039CFF6F029A0196096F1A1F
:203990002D2A350A08A9FD8054A162142D29350A08A9FD8054A1650E761F0236921D521ED1
:2039A00068092B1D92A2520169039CFF6F029A019609761F0236920996C356BF020E6F3E82
:2039B000761F02152D28350A08A9FD8054A162122D27350A08A9FD8054A1650C761F02362C
:2039C0002B262B1D92A256B101A27AC356BF010E6F25761F02362B262B1D56BF0DC32B0EF7
:2039D0006F1D2B1D2B262BC3761F02152D27350A08A9FD8054A16312761F02362B0E6F0E6A
:2039E000761F02362B1D9226520A67037AC36F0656BF0A262BC356BF040E761F0236920EBB
:2039F00000FF70F1000600FF709582A45AA959A8761F0010CD160004CC170004FFD1FFC120
:203A0000CAA8EC0656BF0DC39A00FFEF00FC9A038F008DB2767F553A9A038F008DA3767F99
:203A1000553A9A038F008DA0767F553A761F001092115201EC06920F5201EC039225ED0610
:203A2000761F02362B322B232B20761F02152D2B350A08A9FD8054A2FFE500C1761F0236EA
:203A30009208520456C100AB761F02152D2D350A08A9FD8054A262522D2B350A08A9FD80E2
:203A400054A2654C761F023692085202EC092B2392A1520169039CFF6F029A01960B2B203C
:203A50002B32761F02152D2C350A08A9FD8054A262152D2B350A08A9FD8054A2650F761F56
:203A600002369223521E68232B2392A1520169039CFF6F029A01960B6F1A2D2D350A08A903
:203A7000FD8054A262142D2C350A08A9FD8054A2650E761F02369223523C68092B2392A11C
:203A8000520169039CFF6F029A01960B761F0236920B96C356BF02086F6F2D2F350A08A913
:203A9000FD8054A262422D2D350A08A9FD8054A2653C761F02362B322B2392A1EC30761F45
:203AA00002152D2E350A08A9FD8054A26423761F02369220523C670F920A9EA15201ED0705
:203AB00092105201ED04920A96C36F1C790A79C32B106F182B2092A1520D67049A0194A1F7
:203AC0006F029A0D96C37700C5A3240A56BF01106F0979C3761F02362B206F042B2056BFA3
:203AD00001C356BF01086F28761F02362B322B232B2056BF0DC32B086F1F2B202B232B32FE
:203AE0002BC3761F02152D2F350A08A9FD8054A26513761F02362B086F0F761F02362B235C
:203AF0002B209232520A670379C36F0656BF0A322BC356BF0408761F023692085201EC0228
:203B00002B0A00FF70F10006761F02330A030006B2BDAABDFE02761F02335A2792A294281C
:203B10005AA9767F66F5D1001BA10200670A8F00850092A2949C5AA9D9011BA1020068F8CF
:203B200092A2FF5E9C0190FF761F0233543CEC039A016F55D1001BA1010067208F008500F7
:203B3000929C9642D00192A172A092949641D50293A19A505CADDC82767F6C445200EC031A
:203B40009A026F3D767F66F58F01869EA8A97640801FD9021BA1010068E2D1001BA1010003
:203B500067258D00010092A18F00850072A0929496428D00010192A172A092949641D5023C
:203B600093A19A515CADDC82767F6C445200EC039A036F15767F66F58F01869EA8A97640AD
:203B7000801FD9021BA1010068DD767F5A545200EC05767F66F59A006F029A04FE8286BE16
:203B80008BBE0006761F02339200ED0D767F3C95761F02339204EC612B0456BF01002B039A
:203B90002B0900065201ED59767F3BED761F02339201ED1C761F022D9213ED06761F023399
:203BA0001B0307D066085200EC48761F02331B033A9869432B00920A523C6806761F00104E
:203BB0001A16001000060A0A00069209ED2792039602761F022D92135201EC15D00092A0FA
:203BC0005218670B8F008CE692948F008CCE9694D80192A0521868F7767F3F15761F0233E8
:203BD000960C6F0A767F3B08761F022D7213761F023356BF010C56BF0109920CEC062B0A69
:203BE000761F00101816FFEF761F023392029C32540366032B012B000006761F023392015E
:203BF00056C000A4761F0225923856C1009F2B38761F0233920B5217620A5217EC36520043
:203C0000EC7D5201EC6D5202EC536F081BA9020356C100851BA90204EC1E761F022D9213E3
:203C1000ED0C761F0233580B8F008CE60A0B761F0225923B96940006761F0233580B8F00E3
:203C20008500761F0225923BD8839694761F02330A0B00062B0B761F0225923B5255761F11
:203C3000023356B101010006761F022D92135201EC11761F0233580B8F008CE6761F02258D
:203C4000923B9694761F02332B0B525556B101010006761F0233580B8F008500761F0225BA
:203C5000923BD8839694761F02330A0B0006580B0A0B8F008CE6761F0225923B9694761F5C
:203C60000233922752E3ED319228523EED2E761F00102B0E761F022D56BF01130006580B6A
:203C70000A0B8F008CE6761F0225923B969452BA761F023356B1010B0006761F0225923BF3
:203C800052BAED13761F0233580B8F008CE60A0B761F0225923B96940006761F0225923B93
:203C9000761F0233963C0A0B0006B2BD761F0233920656C00226761F022D921152EE56C190
:203CA0000218761F02332B08761F023456BFAB00761F022D921356C001DB761F022D1B1612
:203CB00055AA56C101CC761F022D9205520256C10163761F022D921152EAED039AEA6F025F
:203CC0009A01761F0234960156BF1302761F00104412EF69761F02339205EC5C5201EC4F33
:203CD0005202EC425203EC355204EC285205EC1A5206EC0D5207ED5B761F0217923E761F10
:203CE00002349603761F02332B056F51761F022DC600761F02349603761F023356BF070562
:203CF0006F46761F022D9200761F0234FFC79603761F023356BF06056F3A761F02149203AC
:203D0000761F02349603761F023356BF05056F2F761F02149202761F02349603761F02334B
:203D100056BF04056F24761F02149201761F02349603761F023356BF03056F19761F00102C
:203D20009206761F02349603761F023356BF02056F0E761F023456BFDD03761F023356BF85
:203D300001056F059206761F02349603761F00105603053F9339EC02501093305303ED0299
:203D40005008930E9107CAA8761F02349604761F0010922A761F02349605761F0010922ECF
:203D5000761F023496068F008B548F408CC7767F1515761F02339207761F02349607761FDD
:203D600000109B0A921C00FF7001761F02349B4095A99708761F00109B0A921B00FF700186
:203D7000761F02349B4095A99709761F00109B0A921D00FF7001761F02349B4095A9970AC1
:203D8000761F00109B0A921E00FF7001761F02349B4095A9970B761F00109223761F02340E
:203D9000FFC0960C761F00109221761F0234FFC0960D761F00109222761F0234FFC0960EA6
:203DA0002B0F761F001092305203ED06BE0A0E35F60F1FA66F03CC330003761F0234961060
:203DB0009A00761F0010933AEC0250014112EF0250024412EF0250044012EF025008761F47
:203DC00002349611761F0010921F761F02349C409612761F00109220761F0234FFC09613D7
:203DD0009A00761F00104513EF025001CD130040FFD588A8CD140008FFD2CBA6EC0250026B
:203DE000CD130100FFD788A8CD140010FFD3CBA6EC025004CD130200FFD888A8CD1400207C
:203DF000FFD4CBA6EC025008CD130080FFD688A8CD140004FFD1CBA6EC025010CD1300046C
:203E0000FFD188A893149101CBA6EC025020CD130008FFD288A8CD140002FFD0CBA6EC02A0
:203E100050404413EF025080761F023496142B15FFEF008A761F023456BF540156BF13025E
:203E2000D00092A05205670D8F008B80D103939472A18F008D00979CD80192A0520568F5FF
:203E3000761F00109206761F02349608761F02149201761F02349609761F02149202761F50
:203E40000234960A761F00109230761F0234960B761F02149203EC05761F02341A0B000890
:203E5000761F02179212EC05761F02341A0B0010761F022D9200761F0234FFC7960C761FF1
:203E6000022DC600761F0234960D761F0217923E761F0234960E56BF0D0F56BF121056BF75
:203E70000A1156BF0B1256BF011356BF661456BF8D15761F022D2B056F26761F023456BF0D
:203E8000E50156BF130256BF02036F1D761F023456BFE30156BF1302761F022D9213761F80
:203E900002349603761F022D2B13761F022D9200761F0234FFC79604761F022DC600761FA1
:203EA000023496059A00D00193A0531667088F008D009494D80193A0531668FAFF5E761FAE
:203EB00002349C0190FF961656BF55176F09761F023356BF0108761F022D56BFEC11761F98
:203EC000023392085201EC2492065218680C761F022592365201ED48761F02332B0656BF1E
:203ED00001046F42761F022592365201ED3D761F023358068F008D00761F02259294963728
:203EE000761F02252B36761F02330A066F2D761F02149202761F02339C0654066611761F1E
:203EF000022592365201ED20761F02332B0656BF01042B08761F022D56BFEC116F15761F2C
:203F0000022592365201ED10761F023358068F008500761F022592949637761F02252B365A
:203F1000761F02330A068BBE00069A00D00193A0531667088F008CCE9494D80193A053166C
:203F200068FAFF5E9C0190FF761F02335424EC039A000006761F022D2B05761F0233920F66
:203F30005238ED04920D56C1008A920F5258EC3452EAED0D761F022D56BFEA0F761F023379
:203F40009211761F022D96159A01000652EEED0D761F022D56BFA20F761F02339211761FE8
:203F5000022D960E9A01000652E5ED0D92115201ED0A761F00102B0E761F022D281655AAE0
:203F60009A010006920F5253ED61761F022D56BF02059A010006761F001056BF070E1A1290
:203F70000800761F02339214EC0A5201ED0E761F0011CC25FFF1500496256F07761F0011C3
:203F8000CC25FFF150029625761F0011CC2500E0CD25000EFFC4FFD055A9ED0A1825FFFEFB
:203F9000761F02339213761F0010962A6F061A250001761F00102B2A761F023392155205C6
:203FA000ED05761F00111A250100761F02332D18350A761F00109634761F0233560301192F
:203FB000761F022D9603761F0233CC1B0020761F0010FFC496379A01000656BF010D761F35
:203FC000001056BF080E1A121000761F0010CD12FFF7761F0233CC120040FFC5761F00109F
:203FD000FF82CAA89612920E5201ED07761F0233CC120010FFC36F029A00761F0010900194
:203FE000CD12DFFFFF8CCAA89612920E5207EC0A5208EC08761F02339212761F0010900778
:203FF000960ECD120800CC120020FFDAFFC4CAA8EC134B12EF0B761F00114025EF039A002D
:204000006F08761F023392136F04761F02339213761F0010962A761F0233CC1B0020761F0D
:204010000011FFC49627761F0233441BEF062D14350A08A9FD856F052D14350A08A9FD800C
:20402000761F001096189B0A761F0233921600FF70FD88A92D15350A761F001008A9FD8025
:2040300094A69619761F02332D17761F0010350A08A9FD80961A761F02339218761F00109E
:20404000900F963C761F02332D19761F0010350A963D761F0233921A56C10094761F001062
:20405000920E520756C1008E761F0233181A000F921A5201EC7B5203EC6E5204EC63520596
:20406000EC565206EC485207EC3B5209EC2E520BEC23520CEC15520DEC08761F0010181290
:20407000FFDF1812FE3F6F73761F001056BF030E1A120020CC12FE3F50C096126F68761FB3
:20408000001056BF030E1A120020CC12FE3F1AA9010096126F5C761F001056BF030E1A1255
:2040900000201812FE3F6F53761F001056BF030E1A120020CC12FE3F504096126F48761F11
:2040A000001056BF030E1A120020CC12FE3F508096126F3D761F001056BF010E1A1200202A
:2040B000CC12FE3F1AA9014096126F31761F001056BF010E1A120020CC12FE3F50C09612A1
:2040C0006F26761F001056BF010E1A1200201812FE3F6F1D761F001056BF010E1A1200202E
:2040D000CC12FE3F504096126F12761F001056BF010E1A120020CC12FE3F508096126F07DE
:2040E000761F00101812FFDF1812FE3FCD12FFEF761F0233CC1B0008FFC2761F0010FF833E
:2040F000CAA89612761F0233921CEC495218EC415219EC39521AEC31521BEC29521CEC213C
:20410000521DEC19521EEC11521FEC095217ED3A761F00112B001A0001006F34761F001193
:204110002B001A0000806F2E761F00112B001A0000106F28761F00112B001A0000086F2217
:20412000761F00112B001A0000046F1C761F00112B001A0000026F16761F00112B001A00A8
:2041300000206F10761F00112B001A0000016F0A761F00112B001A0000406F04761F001127
:204140002B009A010006761F021C4607EF101807FFBF767F4162767F425E767F4274761F4A
:20415000021C0A029202521E68022B0292019B6600FF70FD96110626562F050F062A562F69
:2041600005100006FE02761F0010920E5207EC1A4512EE18761F0216923B761F022D9CF653
:20417000540B630C761F0216923B761F022D540B761F021C56B501186F1B761F021C2B186D
:204180006F17761F02169238761F022D9CFB540B630C761F02169238761F022D540B761FCA
:20419000021C56B501186F04761F021C2B183B01761F023D8533761F02201E3C761F021CD8
:2041A0008F0088000E02761F0220FF30560100A4063C761F021C072E03C41E2E0E028F001B
:2041B0008800761F0220FF30560100A4063C1EC4761F023D2B33761F023E062A761F021F75
:2041C0001E3C761F021C8F0087C00E02761F021FFF30560100A4063C761F021C072C03C41D
:2041D0001E2C8F0087C00E02761F021FFF30560100A4063C1EC4761F021C021E1E42062C36
:2041E00000FF6FAFFF35767F7EF98F0020E1FF33A842767F7E70761F021C8F03DA5E062EC2
:2041F000A842FF39767F7E708F0005A8A842767F7E70761F021CFF1D00011E262901FF2044
:20420000C8000F26640302001E269206520368398F0005A88726560500A4566300A4568942
:204210009218EC078F05B400A8A9566100ABFF5AA920761F00109312761F0011FFDA922554
:20422000FFC7CEA840A9EE06761F022D92015201ED093B01761F022D56030A03761F021CAC
:204230001E208F05F000761F021CA8A90F2064088F03E800A8A90F206504A8206F02A820A9
:204240008F014000A8A90F26621387263B0156050026566300265689A9A9FF491E42FF2F43
:20425000280000FF6FAF761F023D1E1C6F068F00CCCD761F023DA81CFE820006FE023B0104
:20426000761F023D56030A1B8F00208BA842767F7E701EAC761F021C5605003A5663003AE0
:204270005689A930FE820006FE04761F021C0630761F021E1E3C761F021C8F0087800E029D
:20428000761F021EFF30560100A4063C761F021C073803C41E380E028F008780761F021E93
:20429000FF30560100A4063C1EC4761F021C8F007800A8420638767F7E701E44761F021CE6
:2042A0008F0001330644032AFF560FA463148F0003CD872A560500A4566300A4874456892F
:2042B000A9A60233560500A9566300A95689565700A6A9448F00F0008F47D000A842A0A98D
:2042C0005CADDC84767F42CA0644761F021C1E2AFE840006C4440FC4650606A60FC464047A
:2042D000C2C400061EC40006761F021C92065206680B761F023E9206522868062B06767FC9
:2042E0004307767F42EE761F021C9206EC074007EF051807FFFE767F43200006761F021CA9
:2042F00087325605001E5663001E5689A9A68F00208B3B01A8AC566300A6560500A656896E
:20430000A9A9FF491EA6761F023D7E080006761F021C0622FF0900010F1E620E8F000200CD
:20431000A8A907220F1E640406221E1E0006A8A95641001E0006FF2002005601001E00066C
:20432000761F021C06201E220006761F021C4107EF131807FFFD767F433C9A019B0A767F9D
:2043300043AE9A0A9B0A767F43D59A149B14767F4356767F442C0006761F021C920ECD0BA5
:20434000FBFF9001FF89CAA8960B4A0BEE0D0A0392035214680A2B037622761F01BF1A1C1C
:204350000010761A6F022B03FF690006761F023E92335201ED53A3308F0003200200761F57
:20436000021CF61F561700A4A9360636767F7EB7761F021C1E368F00155F87362901560568
:2043700000A4566300A48F000528568BA9A9FF331EAC566300A4560500A48F00F00056AF61
:20438000FF451EA61E36A8A90FA66602A836580D8F0087480628019407361E28923696947A
:204390000628FF4496010A0D920D522068022B0D0200761F023E1E302B33761F021C1B01E9
:2043A0002C0067081B012800761F023D56B904390006761F023D56BF03390006FE025DA8C8
:2043B00088A9761F021C480BEE118F064000062A5DA6A8428F008719767F44665200EC14A5
:2043C000761F021C1A0B01006F0F8F062C00062AA8428F008719767F44755200EC05761FF6
:2043D000021C180BFEFFFE820006B2BDAABDFE0259A85AA9761F021C920652026823450BB5
:2043E000EE118F01900006265DA2A8428F008715767F44755200EC18761F021C1A0B002062
:2043F0006F138F01B80006265DA1A8428F008716767F44665200EC08761F021C180BFFDF0A
:204400006F03180BFFDF761F021C460BEE138F04B00006265DA2A8428F008713767F446604
:204410005200EC17761F021C1A0B0040180BFFDF6F108F04600006265DA1A8428F0087146E
:20442000767F44755200EC05761F021C180BFFBFFE8286BE8BBE0006761F021CCD0B004019
:20443000CC0B0020FFD5FFC4CAA8CD0B0100FFD7CBA9CC0B0080FFC6CAA8CD0B4000FFDDC7
:20444000CBA9CC0B8000FFCECAA8ED0B4A0BEF094109EF1C2B061809FFFD1812FEFF00063D
:204450001A120100761F01A0CC0EFFFC5001960E761F021C1A0900029206520656B9200622
:204460001A0B0001761F023D2B1900061EA606440FA664032BC46F020AC492A554C46604E7
:204470002BC49A0100069A0000061EA606440FA662032BC46F020AC492A554C466042BC4FE
:204480009A0100069A000006761F021C9206EC735201EC625202EC4D520356C00081761F82
:20449000023E92065228687B2B06761F021C92049C0A96041BA9046564032804046592045E
:2044A000761F023D963B761F021C873256050020566300205689A9A68F00208B3B01A8AC9F
:2044B000566300A6560500A65689A9A9FF491EA60805000892A6540562177E05761F023DD9
:2044C000283B0465761F021C06201E1E56BF0606761F023E2B06761F023D56BF0119761F3C
:2044D000021C180BFFFE9205761F023D96086F378F014000A8A90F2662320F306230460BD3
:2044E000EE2E767F4510761F021C56BF0306761F023E2B066F24761F023E1B060FA0681FC0
:2044F000761F021C4812EE1B56BF0206761F023E2B066F15761F023D2B19761F021C1A0BFF
:204500000001761F023E2B06761F021C56BF01067622761F01BF1A1A0010761AFF69000696
:204510000200761F023D1E0E2B102B09280D1FFF1E34761F021C2B049204761F023D963B58
:20452000280801F49208761F021C96058F03E800A820761F01A02B091A190008180EFFFC66
:204530007622761F01BECC06FFFC50019606761AFF6900067622761F01C01A1C0008761F06
:2045400001C41A000040FF69FF20270E7640801F761F01C01A200001761F01901A00000159
:204550001800FFFDCC06FC0050AF9606761AFF6900067622761F01A0CC30FFF050089630F9
:20456000CC13FFC7500896131831FEFF1A3102001A1200401A140030CC14FF3F50809614A0
:20457000CC14FFFC500296141A1403001A140C001A14000C761AFF690006767F453A7622A5
:20458000761F01A01A0D00C0CC0EFFFC5001960E2B04280504E202001E0218003FFF180062
:20459000FFFB1A000030CC00FFFC500296001800FFF71800E3FF1800FC7FCC19FFF850034E
:2045A00096191A190008CC1AFFFC5001961A56BF0F1C2B09CC07FFFC500296071807FFEFF1
:2045B000CC0BFFCF5010960BCC0BFF3F5080960B56BF010A1807FFF31807FFBFCC0CFCFFDE
:2045C0001AA90200960CCC0CF3FF1AA90400960CCC0DFFE75010960D1A0D0020761F01BEE4
:2045D000CC06FFF350049606761F01A0CC198FFF1AA930009619CC1ACFFF1AA91000961A95
:2045E0001A1980001A1C0004761A76230004761F00331A2600017622761F00358F3F5ECE3C
:2045F000A820761AFF69767F45590006B2BDAABDD2008F03E800761F021CA820761F023EE0
:204600002B0D761F021C8F000400A832A83AA83C02001E342B06761F01A0CC0EFFFC50019B
:20461000960E761F023D2804E8F828030B83280B65E956BFC40C56BF0F15280D1FFF8F00CC
:204620006666A81C56BF04398F00F15BA82628286C412829A550283054BA2831B1AB2B3B2B
:20463000FF2F0330761F023E1E2C1E2ED10092A152406310AAA9761F002C0D0186A98F01B4
:20464000869EA8A97640801F92A19C0159A9524064F2AAA93B01FF4559A908A9F83285A9F8
:20465000FF5652646406761F023D282207CE6F04761F023D792286BE8BBE0006761F021CBA
:2046600092170A175204680456BF011D2B170006761F021C921DEC142B1D0A009B1792003B
:2046700000FF71025200ED031A0700014000EE031A07000292009003ED031A070040000684
:20468000767F4484767F4668767F4325767F4143767F42D400069A048F008BCE767F553AC9
:204690009A038F008BD4767F553A761F022F9207EC56761F022D921152B1EC3252A1EC19DA
:2046A000761F022F2B142B04D00092A0520C670B8F008BD792948F008BE39694D80192A0AB
:2046B000520C68F7767F4ABB761F022F2B076F37761F022F2B142B04767F4A935200761FA8
:2046C000022D56B1EE11761F022D56B0160E761F022D56B0A211761F022F2B076F20767FBE
:2046D0004A13761F022D52059610EC125205630352006206761F022F9214520C6910761F5F
:2046E000022D56BFB211761F022F2B076F08761F022D56BFB211761F022F2B07920E52C8F6
:2046F000680A767F48B4761F022F92055201ED032B0E2B050006761F023056BFAA0056BF9D
:204700001601761F0010920E930E5302EC095303EC055304ED069A036F049A026F029A0406
:20471000761F02309602761F0010922E761F02309603761F00109226761F02309604761F12
:2047200000109227761F02309605761F022DC60D761F02309606761F022DC60C761F0230F7
:204730009607761F0010C613761F023096089B05761F0010921800FF7001761F02309B3CEC
:2047400095A99709761F00109B05921900FF7001761F02309B3C95A9970A761F00109B0559
:20475000921B00FF7001761F02309B3C95A9970B761F00109B0A921D00FF7001761F02307E
:204760009B1E95A9970C761F00109B05921A00FF7001761F02309B3C95A9970D761F001019
:204770009B05921C00FF7001761F02309B3C95A9970E761F00109220761F0230FFC0960F68
:20478000761F00109221761F02309610761F00104716EF039A0A6F02920C761F023096113F
:204790009A00761F0010933A5301ED025001930E5307ED0250024012EF0250049339530176
:2047A000ED0250084212EF02501093325301ED0250204112EF02504093255301ED025080F6
:2047B000761F02309612761F0010923C761F02309613761F00109222761F0230FFC096140E
:2047C000761F00109223761F02309615761F001092305203ED06BE0A0E35F60F1FA66F0218
:2047D0009233761F02309616761F00109206761F023096179A0B761F00109E0A761F023027
:2047E0009618761F00119203761F0230FFA09619761F0010921F761F0230961A9A00761FBF
:2047F00000109309EC025001761F00119300EC025002761F00104912EF0250044312EF02BA
:204800005008761F0230961B761F00109214761F0230961C56BF011D56BF031E9B05761F66
:204810000010921E00FF7001761F02309B3C95A9971F761F00104512EF07CC1201C0FFC571
:20482000FF839C106F029A00930D910FCAA8761F02309620BE0A761F00100E3D761F023091
:20483000F60F1FA6962156BF122256BF0A2356BF0B24761F022F9200EC158A0C92C493A997
:20484000761F0230FFD7970190FF9622761F022F8A0A92C4761F023093A9FFD7972390FF0A
:2048500096240006B2BD761F023056BFAA0056BF1401D00092A05210670D8F008B80D10224
:20486000939472A18F008C00979CD80192A0521068F5761F00114425761F023056BD2A11C2
:20487000D01292A0522466088F008C002B94D80192A0522469FA8BBE0006761F023056BF47
:20488000A201761F022D9210761F02309602761F022D920E761F023096030006761F02301F
:2048900056BFB201761F022D9210761F02309602761F022D920E761F023096030006761F1C
:2048A000023056BFB00156BF02022B030006761F023056BFA001761F022D9215761F023004
:2048B000960256BFAB030006761F022F9203ED48761F022D921152EAED06761F022D920FFC
:2048C00052EAEC28761F022D921152ECED06761F022D920F52A2EC1B761F022D921152B027
:2048D000EC1352B2EC0E761F022F9201ED04767F46FB6F12767F4852761F022F0B016F0CEE
:2048E000767F488E6F09767F489F6F06767F487D6F03767F48A79A00D00193A0532567088F
:2048F0008F008C009494D80193A0532568FA90FF761F02309625761F021356BF0105761F14
:20490000022F92035226680B761F02139205EC1B761F022F2B0356BF01056F15761F021361
:2049100092055201ED10761F022F58038F008C00761F021392949602761F02132B05761F8D
:20492000022F0A03761F022F9205ED03767F596C0006767F5982761F022F920756C000E403
:20493000761F0213920156C100DF2B01761F022F9202ED12761F0213920352AA56C000D48A
:20494000761F022F58028F008BD70A02761F0213920396940006520156C100B2761F022DEB
:20495000921152B1EC3D52A1EC3B761F022F92025202EC2192069C035402671492029E0663
:20496000520456C000B158028F008BD7761F021392039694761F022F2B02525556B10107BD
:20497000000658020A028F008BD7761F0213920396940006761F02139203761F022F9606BA
:2049800058028F008BD70A02761F0213920396945207FFE90089761F022F2B020006761FFF
:20499000022F92025202EC4192069C035402663192029E065203EC2592029E065204ED7311
:2049A0002B02761F021392035255EC16761F022D921152B1761F022D56B0130E761F022DC9
:2049B00056B0A211761F022D56B11310761F022D56B1B2110006761F022F56BF01070006C3
:2049C000761F02139203761F022F96220A0200065802761F02138F0085009203D8839694D6
:2049D000761F022F0A020006761F022D921152B1ED06761F0213560302036F04761F02136D
:2049E0009203761F022F96060A021B060200692B2B02761F022D921152B1761F022D56B09C
:2049F000120E761F022D56B0A211761F022D56B11210761F022D56B1B211000658020A0223
:204A00008F008BD7761F02139203969452B1EC0752A1761F022D56B1A1110006761F022D0C
:204A100056BFB1110006B2BDAABDFE02D1009A048F008BD1767F553A761F022F5A06920439
:204A2000ED2392A2FFC194A1D1B172A1767F66F5D00092A254A0690A8F00850092A194947E
:204A300059A9D80192A254A066F8767F66F592A1FF5E9C0190FF59A9761F022F922254A188
:204A4000EC039A016F4D1BA2020066471B04010067189211520A69152B1158048F008500DC
:204A5000929496419304D5015CAD9A50DC81767F6C445200EC039A026F33761F022F0A0494
:204A60001BA2010066039A056F2B92A25404660C9211520A6822767F5A545200EC039A05CC
:204A70006F1F9A046F1D9211520A69172B1158048F008500929496419304D5015CAD9A51E5
:204A800008A8FF00DC81767F6C445200EC039A036F07761F022F0A04767F66F59A00FE82D3
:204A900086BE8BBE0006B2BDAABD761F022F5A069AA194A259A9767F66F5D00092A254A0BC
:204AA000690A8F00850092A1949459A9D80192A254A066F8767F66F592A1FF5E9C0190FFA7
:204AB00059A9761F022F93229A0055A156B001A986BE8BBE00069A00D0018F008BE36F03BC
:204AC0009494D801761F022F93069D0355A066F9FF5E9C0190FF93068F008BE39D0358A8C3
:204AD000549456C000FB92245201EC765223EC695225EC5A5220EC565233EC325205EC2D14
:204AE00052B0EC1852A0EC1652B2EC0452A256C000E5761F022D2B11761F022D2B10761F45
:204AF000022D2B0F761F022D2B0E761F022D2B15000652B0ED039AB06F029AEA761F022D41
:204B00009611761F001056BF070E2B242B322B372B2A2B332B34000656BF02010006922623
:204B10005231ED039A016F065232ED039A026F029A00761F00119007CD25FFF1FF80CAA8D7
:204B20009625BE00FFC0CD2500E09007FFD454A856B001A692A6CD25FFFE9001CAA8962573
:204B300000062B00000656BF01005603082694270EA91E0C5603082894290EA91E0A0006CA
:204B40005603082694270EA91E088A0856030828942996C40006761F001056BF070E761F9A
:204B5000022F9226761F001090019624761F022FCC260002761F0010FFC09632761F022FC0
:204B6000CC260004761F0010FFC19637761F022FCC260008761F0010FFC29639761F022F52
:204B7000CC260010761F0010FFC3962F761F022FCC260060FFC4EC11CC260060FFC45201B7
:204B8000ED039A006F0BCC260060FFC45202ED039A016F049A026F029A03761F0010963095
:204B9000761F022FCC260080761F0010FFC6963A761F022F9227761F0010962A761F022FE9
:204BA0009228761F00109633761F022F922A761F00109634560308349634761F022F9229FC
:204BB000761F00109834761F022F5603082CCA2B761F00115403650993A99F035302630526
:204BC00092031BA901F46F085403630693039FA953026302920396030006761F020190015B
:204BD000CD39FFFDFF80CAA896390006761F02011A39800000062DA9761F020C121F2DA90C
:204BE00035640EA9761F02021E300006761F02019B3C923F9C1E00FF70010006767F4DEFD7
:204BF000767F4EFE7622761F00358F3F70E4A8068F3F6EE6A822761A76230001762300047F
:204C0000761F00331A2200401A2200081A260002FF690006B2BD8BA4767F1B96767F3440AF
:204C1000767F2E498AA1767F4C19767F4C9A8BBE0006FE02C5A4761F020C241F92CF962102
:204C200092D7962392DF962592E7962792EF9629761F020F92F79601761F021092FF961B01
:204C300006A7DF08241D761F020D1EA7DF0924291EA7DF0A242B1EA7DF0B242D1EA7DF0C44
:204C4000242F761F02101EA7DF0D2409761F02261EA7DF0E2413761F020C1EA7DF0F240B51
:204C50008AA9C5A4DF10240DD0113B01761F020385941E22D01285941E24761F020FC5A42C
:204C6000DF132421761F0227C5A4DF14241C28ACB505361C761F0227FF1E0001FF4E9613F1
:204C7000761F022B9619761F0201C5A4DF15243E761F02270E13761F02011E4256030C3EE2
:204C800000FF6FAF761F0201962B761F020DC5A4DF16240FC5A4DF172417C5A4DF1824113A
:204C9000C5A4DF192419761F0227C5A4DF1A240FFE820006FE02761F020C921F761F022979
:204CA0009608761F020C0E21761F02291E1A761F020C9223761F0229960B761F020C922579
:204CB000761F0229960A761F020C9227761F02299606761F020C9229761F02299607761F7C
:204CC00002109211761F000C962B761F02109215761F0227960D761F02109217761F022700
:204CD0009609761F0210921F761F02269637761F020F923B761F02269606761F020F923D02
:204CE000761F02269605761F02109221761F0226961E761F02109223761F0226961D761F30
:204CF00002109225761F0227960C761F020D9229761F0227960A761F020D922B761F02279F
:204D000096113B01761F022702191E4256030C0F00FF6FAF761F0227FF3F1E263B01761FD5
:204D1000022702191E4256030C0F00FF6FAF761F02279610761F02100E27761F02281E32FF
:204D200028AC0005761F022730231EA628ACC000761F02100200371B761F0227F61F5617F6
:204D300000A63F1A28AC0005761F0227302328ACC000761F02101EA6371D0200761F022767
:204D4000F61F561700A63F1728AC0005761F0227302328ACC000761F020F1EA637010200B3
:204D5000761F0229F61F561700A6A90428AC0005761F0227302328ACC000761F020D1EA6C8
:204D6000372D0200761F0227F61F561700A63F1E28AC0005761F0227302328ACC000761F77
:204D7000020D1EA6372F0200761F0227F61F561700A63F1B761F020D920F761F0226963BD5
:204D8000761F020D9217761F0226963E761F020D9211761F0226963D761F020D9219761F7A
:204D900002279605761F020D9211761F02299612761F020F9221761F02299609761F020F32
:204DA0009223761F0229960C761F020F9225761F02269619761F020F027D1E420E3FFF3B07
:204DB00000FF6FAF761F02281E16761F0212280501AE761F020F281501F49215761F02290F
:204DC0009614761F02109201761F02299616761F02109203761F02299615761F021092059E
:204DD000761F0229960E761F02109207761F0229960D761F02109209761F0229960F761F80
:204DE0000210920B761F0231961E761F02109213761F02269608767F5CB2FE8200067622C0
:204DF000761F01C0181CFFFB761A7622761F01A11A0D00C0761F01A21A0D00C0761F01A381
:204E00001A0D00C0761F01A11A120100761F01A21A120100761F01A31A120100761F01A145
:204E1000CC14FFF350089614CC14FFFC50029614761F01A2CC14FFF350089614CC14FFFCF0
:204E200050029614761F01A3CC14FFF350089614CC14FFFC50029614761F01A12B15761F86
:204E300001A22B15761F01A32B15761F01A11A180004761F01A21A180004761F01A31A18C0
:204E40000004761F01A12B0428050C3502001E0218003FFFCC00FFFC500296001800FFFB41
:204E50001800FFF71A0000301800FC7F1800E3FF1807FFEF1807FFFC2809061ACC0BFFCF40
:204E60005020960BCC0BFF3F5040960B180FFFCF1A0F0003CC0FFFF35008960F56BF8C113E
:204E700056BF8C1056BF0F1C1A190008CC19FFF850019619CC1AFFFC5001961ACC19F8FF5C
:204E80001AA906009619CC1AFCFF1AA90100961A1A1908002B0A761F01A22B0428050C3500
:204E900002001E0218003FFFCC00FFFC500296001800FFFB1800FFF71A0000301800FC7FDE
:204EA0001800E3FF1807FFEF1807FFFC2809061ACC0BFFCF5020960BCC0BFF3F5040960B84
:204EB000180FFFCF1A0F0003CC0FFFF35008960F56BF8C1156BF8C1056BF0F1C1819FFF72D
:204EC000761F01A32B0428050C3502001E0218003FFFCC00FFFC500296001800FFFB1800AB
:204ED000FFF71A0000301800FC7F1800E3FF1807FFEF1807FFFC2809061ACC0BFFCF502068
:204EE000960BCC0BFF3F5040960B180FFFCF1A0F0003CC0FFFF35008960F56BF8C1156BF19
:204EF0008C1056BF0F1C1819FFF7761A7622761F01C01A1C0004761AFF6900067622761FBC
:204F000001C01A1C000876FD7C80FF693E6777007700761F01C456BFE0002B12CC2007FFAA
:204F10001AA930009620CC20FC3F50809620CC20FFC0500A9620CC2107FF1AA930009621D3
:204F2000CC21FC3F50809621CC21FFC0500A9621CC2207FF1AA930009622CC22FC3F50C02D
:204F30009622CC22FFC0500A9622CC2307FF1AA930009623CC23FC3F50C09623CC23FFC0A8
:204F4000500A9623CC2407FF1AA930009624CC24FC3F1AA901C09624CC24FFC0500A96246F
:204F5000CC2507FF1AA930009625CC25FC3F1AA901C09625CC25FFC0500A9625CC2607FF74
:204F60001AA938009626CC26FC3F50409626CC26FFC050099626CC2707FF1AA9380096278A
:204F7000CC27FC3F50409627CC27FFC050099627CC2807FF1AA938009628CC28FC3F1AA939
:204F800002409628CC28FFC050099628CC2907FF1AA938009629CC29FC3F1AA9024096299E
:204F9000CC29FFC050099629CC2A07FF1AA93800962ACC2AFC3F1AA901C0962ACC2AFFC054
:204FA0005009962ACC2B07FF1AA93800962BCC2BFC3F1AA901C0962BCC2BFFC05009962BD8
:204FB000CC2D07FF1AA93800962D1A2D03C0CC2DFFC05009962DCC2E07FF1AA93000962E8F
:204FC000CC2EFC3F1AA902C0962ECC2EFFC05009962E182F07FF182FFC3FCC2FFFC050099B
:204FD000962F1A004000FF69FF200BB67640801F761AFF690006FE04761F01A14216EE0385
:204FE000767F56A3767F573B761F022A920B5207ED05761F0201180DFFFD761F022A540CB9
:204FF000EC0A761F022A9A00930B530856B101A9767F340A767F3405761F02030606761F0A
:2050000002271E2E761F02279A0028A840002D23BE64761F02291E423608761F0203C5067E
:2050100087A6564400A91E4406A7FF311EA606A7FF3503A6767F692D761F000F1E26767F1B
:20502000347C761F022A920B5208EC0C0200761F02021E2A761F02021E2C761F02012B3F48
:205030006F26FF2F4000761F02271EA6D4000E23761F000C1EAC560500325663003228AC1F
:20504000001E761F0202565700A6564000A4562CA92A3B01062A761F0202FF3F032CFF4DF9
:205050005601002C062C761F0201973F761F0229921E761F01A19609761F0229921D761FD3
:2050600001A29609761F0229921C761F01A396090201761F02025601001EFE840006767F1A
:205070005780761F022A920B761F022A960C767F57B8767F57B0767F5796767F2604761FF2
:20508000022C92180A18520968022B180006767F5773767F27AC00069A038F008D47767F86
:20509000553A767F6E8D761F022C9222ED08761F02359207520556B701000006761F023579
:2050A0002B002B07761F022C2B22761F02359201EC22520BED3058018F008D65761F022CFF
:2050B00092209694761F02352B015255ED2CD00092A0520C670B8F008D6592948F008D7146
:2050C0009694D80192A0520C68F7761F023556BF01020006761F022C922052AAED14761FED
:2050D000023558018F008D650A01761F022C92209694000658010A01761F022C92208F0097
:2050E0008D65969400069A048F008D44767F553A761F0235920452C869732B044303EE153C
:2050F0009203CDA9FFF890079C019007CAA8960390075206640CCC03FFF850069603761F1F
:2051000000101817FFFD6F031803FFF8761F02354703EE189203CDA9FF8FFFC390079C0125
:205110009007FF83CAA89603FFC390075206640CCC03FF8F50609603761F00101817FFFBC6
:205120006F031803FF8F761F02354F03EE199203CDA98FFFFFCB90079C019007FF8BCAA805
:205130009603FFCB90075206640DCC038FFF1AA960009603761F00101817FFF76F0318032C
:205140008FFF761F02354B03EE199203CDA9F8FFFFC790079C019007FF87CAA89603FFC7B6
:2051500090075206640DCC03F8FF1AA906009603761F00101817FBFF00061803F8FF0006CB
:20516000B2BDD1009A038F008D56767F553A9A038F008D50767F553A9A038F008D4D767FD4
:20517000553A9A038F008D4A767F553A761F023592025201EC04920056C101902B029B0064
:20518000D00192A0520A67088F008D719594D80192A0520A68FA1CA8FFFF91FF761F0235A4
:20519000553BEC04920056C1017956030832943327A956030834943580A956030836943749
:2051A00088A95603083894399300EC052BABB600BE009A007E233F217F229624D00092A092
:2051B000520467138F008D618F408D5D929472958F008D5D92948F008D599694929474953F
:2051C000D80192A0520468EF761F02359221520869041B2103F8680492A1500159A99222F4
:2051D000520869041B2203F8680492A1500259A9761F02179212EC0C761F023592245208A7
:2051E00069041B2403F8680492A1500459A9761F0235921B520869041B1B03F8680492A103
:2051F000500859A993198F3F75C99A888F7FFED4767F6DB4761F0010961B761F02359A8831
:205200008F7FFED48F3F75C9931A767F6DB4761F0010961C761F02359A888F7FFED48F3FEC
:2052100075C9931C767F6DB4761F0010961E761F02359AA18F7FFED48F3F7528931B767F2D
:205220006DB4761F0010961D92A19001CD16FFFDFF80CAA8961692A1FFC0CD16FFFB900155
:20523000FF81CAA89616761F02179212EC0B761F001092A1CD16FBFFFFC19001FF89CAA877
:205240009616761F001092A1CD16FFF7FFC29001FF82CAA896168817CD16000292A6FFD075
:20525000FFC09001CBA99101CCA6FFFDFF90CBA99717761F0235CD03FFF7761F0010CC16B0
:205260000002FFC0761F0235FF82CAA89603761F00108817CD160004FFD192A6FFC1900191
:20527000CBA99101CCA6FFFBFF91CBA99717761F0235CD03FF7F761F0010CC160004FFC195
:20528000761F0235FF86CAA89603761F00108817CD160400FFD992A6FFC99001CBA9910118
:20529000CCA6FBFFFF99CBA99717761F0235CD03F7FF761F0010CC160400FFC9761F023527
:2052A000FF8ACAA89603761F00108817CD160008FFD292A6FFC29001CBA99101CCA6FFF762
:2052B000FF92CBA99717761F0235CD037FFF761F0010CC160008FFC2761F0235FF8ECAA8F6
:2052C0009603761F0010920E5207EC475208EC454412EE434116EF0B761F02359216520A31
:2052D0006709761F00101816FFFD6F04761F02352B16761F00104216EF0B761F023592109A
:2052E000520A6709761F00101816FFFB6F04761F02352B10761F00104A16EF0B761F0235D0
:2052F000920A520A6709761F00101816FBFF6F04761F02352B0A761F00104316EF0B761F68
:205300000235920D520A6709761F00101816FFF76F04761F02352B0D8BBE00065220680E74
:2053100052406704FFC09C0B6F0A560303A9BE110EA9F60F1FA69C0F6F029CF6520056B442
:2053200000A900069A048F008D53767F553A761F02359213520A68162B13761F002C920D44
:20533000FFC38F008B58767F559C5200EC0B761F022D9219767F530E761F0010961F081FB4
:20534000000300067622761F01BF56BF0C20761F01C12B301A300001761AFF690006767F26
:205350005876767F58D7767F5365767F5402767F45F68F008B90767F4C0A767F5342767FAF
:20536000670729102920FF690006767F5A545200EC15761F022D2B009A001BA90200631413
:205370003B018F00850085A9560100A493C473009C011BA9020064F50006761F00101A1643
:20538000000156BF01090006B2BD8F3F767A76FF769E761F0011CC25000EFFC05201EC147A
:20539000CC25000EFFC05202EC059B011825FF1F6F129B0076FF76B98F3F7682CC25FF1F6E
:2053A000504096256F089B008F3F7692CC25FF1F50209625D00092A0521067088F408B80D3
:2053B0002B95D80192A0521068FA5300ED1CD00092A0521B67098F408B902495DF01D801B7
:2053C00092A0521B68F9D00092A05210673A9294EC3892948F408B809695D80192A05210E6
:2053D00068F76F2FD00092A0521B671A9A8A8F00850094A08F4085000EA9FF30560100A42F
:2053E000560301A059A908A101135603089D94C48F008B909694D80192A0521B68E8D00032
:2053F00092A05210670E8D4001018F00850072A1929C8F008B809694D80192A0521068F4E3
:205400008BBE0006761F00102B0E02001E00761F02149200761F00109606761F00111825DE
:20541000FFF11825FF1F1825FFFE1825FEFF767F5384761F022D2B20761F0214920D761F03
:20542000022D9621761F0214920E761F022D9622761F0214920F761F022D9623761F02144B
:205430009210761F022D9624761F02149211761F022D9625761F02149212761F022D9626A0
:20544000761F02149213761F022D9627761F02149214761F022D9628761F02149215761FC1
:20545000022D9629761F02149216761F022D962A761F02149217761F022D962B761F0214F3
:205460009218761F022D962C761F02149219761F022D962D2B2E761F0214921A761F022DAB
:20547000962F761F0214921B761F022D9630761F0214921C761F022D9631761F0214921D37
:20548000761F022D9632761F0214921E761F022D9633761F0214921F761F022D9634761F19
:2054900002149220761F022D9635761F02149221761F022D9636761F02149222761F022D94
:2054A0009637761F02149223761F022D9638761F02149224761F022D9639761F02149225D7
:2054B000761F022D963A761F02149226761F022D963B761F0214920DEC03921AED07761FE2
:2054C00000101A16000156BF0109761F0217920052046405761F00102B306F059200761FD2
:2054D00000109630761F022D56BF021F56BF061E761F0217920D761F022D9601761F02175D
:2054E0005603010E761F022D96032B142B12761F001156BF01232B242B222B212B03000670
:2054F000761F022D920AEC192B0A0201761F0010560100009225ED0702001E0202015601DC
:2055000000046F0602015601000202001E049232ED032B3600060A360006761F022D0A085B
:2055100028A803E8920800FF71025200ED230A099B3C920900FF71025200ED180A069B3C1D
:20552000920600FF71025200ED0D0A079B18920700FF71025200ED022B071B06EF10680249
:205530002B061B09EF1068022B091B08EA6068022B080006761F022D2F0727068009880819
:2055400093D4ED1356BF01D42BC45204EC0D5203EC095202EC055201ED0857CC6F063FCC42
:205550006F047FCC6F027ECC5204EC375203EC255202EC135201ED4092AA54CC690C1BC460
:20556000FFF0670992AA9ECC28A8FFFF9FC455A9690272C457CC000692AB54CC690C1BC47C
:20557000FFF0670992AB9ECC28A8FFFF9FC455A9690272C43FCC000692A754CC690C1BC487
:20558000FFF0670992A79ECC28A8FFFF9FC455A9690272C47FCC000692A654CC690C1BC43C
:20559000FFF0670992A69ECC28A8FFFF9FC455A9690272C47ECC0006C5A496C792C772D772
:2055A00092E754C7680224E792DF54C7660224DF0AEF92F754EF66102BEF92DF74D792E761
:2055B00074D72BDF28E704002DFF92D7FF6296CF2BD79A0100069A000006761F00114025CA
:2055C000EF11761F00109225ED0D922EED0B767F53848F008B90767F4C0A761F0011182519
:2055D000FFFE0006B2BD88A993A6FFB591FF58A893A6913F2DA8560301A6520063059BFF69
:2055E000EBA09B40EBACD10193A08F7F72408F3F7240290173A1939D9F9436A8FF4594947E
:2055F00093A66302FF5C8BBE00067622761F01A1CC0EFFFC5001960E761F01A2CC0EFFFCAD
:205600005001960E761F01A3CC0EFFFC5001960E761AFF6900067622761F01A1180EFFFCA4
:20561000761F01A2180EFFFC761F01A3180EFFFC761AFF6900067622761F01A11A180004C4
:20562000761F01A21A180004761F01A31A180004761AFF6900067622761F01A11A1700048B
:20563000761F01A21A170004761F01A31A170004761AFF690006761F022A2B002B112B0925
:205640002B0A761F022B2B072B06761F022A2B3B2B360200761F022C1E061E02761F022B9D
:205650002B032B022B1F2B271E3A761F02012B23761F02262B1A761F02262B0D0006761F73
:20566000022A9210523F663F0A103B018520761F022B5601002A761F022A851C761F022BC4
:2056700056010030761F022A92105240ED2C761F022B062A761F022AFF459612761F022B24
:205680000630761F022AFF45961308A9F83385A9FF5652C8620C921208A9F83385A9FF563C
:2056900052C8761F020156B501266508761F020156BF0121761F02012B260200761F022B2D
:2056A0001E2A1E300006FE02761F002C9207761F022A9620761F002C9209761F022A961CAE
:2056B000761F0201922656C10086761F022B0E19761F022A1E4292209E1234A9044E00FF53
:2056C0006FAFFF5C9611761F022B0E19761F022A1E42921C9E1334A9044E00FF6FAFFF5C9A
:2056D00096099411FF5C960A761F02270E13761F022A1E4292209E1234A9113800FF6FAFD6
:2056E000761F000CFF5C9607761F02270E13761F022A1E42921C9E1334A9113800FF6FAF6F
:2056F000761F000CFF5C9609761F000C9407761F000CFF5C9608761F022A92099E0A761F90
:20570000022B34A949E7B306761F022A9211761F022B9607761F022A963B761F022B9206E7
:20571000761F022A9636923B761F022B9603761F022A9236761F022B96022D0333032D024C
:20572000120207AB767F7EB7761F022B562F031F341F2D41562F0127761F0201922B761FB8
:20573000022B541F6207767F561B761F020156BF0130FE820006FE02761F002C920B761F93
:20574000022A96153B01341501F7761F022BFF4B9605761F022A9E27FFA07227761F0227D2
:205750000E20761F022A1E4256030E2700FF6FAF761F000C9602FE8200068F0080409A0097
:205760001BA90FC063062B849C011BA90FC064FCD4509A001BA904B063062B849C011BA93F
:2057700004B064FC0006761F020C0E1D761F022B1E34761F02030628761F022B1E3C000633
:20578000761F01A19205761F0229961F761F02108F0003E82D0D0200761F0229371FF61F3E
:20579000561700A4761F02293F210006761F022A9227761F020196133B01761F022B2527BD
:2057A000033AFF465601003A8819063A87A6FF4F2901564400A9FF4B761F0201962300066C
:2057B000761F01BF4C00761F020156BC0A320006761F022A920B5207620A5207EC32520060
:2057C000EC685201EC635202EC5900065208EC17520AED63761F02014F36EF0C767F565F69
:2057D000761F022A92105240ED5856BF080B2B100006761F022A56BF070B0006761F020190
:2057E0004F36EF08761F02019230ED47767F560B0006761F022A56BF070B767F561B0006EF
:2057F000761F02014F36EF16767F55F50201761F02020F20ED0B761F022A56BF0A0B767F95
:20580000562B0200761F02021E200201560100200006767F561B767F563B761F022A2B10C6
:20581000761F022B02001E2A1E301E2E761F02021E20761F02012B260006761F02014B3DEC
:20582000761F022A56BD070B000656BF020B000656BF010B767F563B000688A993A6FFD767
:2058300071C4D50092A55208670C40A8EE03FFD06F04FFD01CA8A001DD0192A5520868F62E
:20584000CCA600FF71A9D50092A55208670C40A8EE03FFD06F04FFD01CA8A001DD0192A580
:20585000520868F697C40006FE022841FFFF76FF00008F3F7F7E76408FC058A98F007F7EE6
:20586000A8ABA8A9EC0D8AA776408FC05CADDC81767F582DDF01A9A91901FF5AEDF59A0054
:2058700093A0554156B101A9FE820006767F66DB767F69F68F7F711B8F3F713EA0A9564197
:2058800000A4A8A98F008000767F70238F7F7F3B8F3F7F3DA0A9564100A4A8A98F008FC077
:20589000767F702376408000767F58545200EC36767F575D767F6FD976260000762F0000FE
:2058A000767F70AE7622761F00358F3F6E28A80C761F00348F3F6E4EA81A761AFF69D43149
:2058B000028B767F58F6D431FF2003E8767F5910767F457D767F4BEE761F00331A22004072
:2058C0007623000176231000767F592AFF200960767F5940767F6BBE00068F1E847EA8A9D3
:2058D0007640801F761F01BF1A0E00046FF7B2BDD1001BA105146709FF20270E7640801F4E
:2058E000D9011BA1051468F9761F01BF1A1A0400D1001BA103E86709FF20270E7640801F7A
:2058F000D9011BA103E868F98BBE0006761F00301E0292A428A8FFFF00FF7102960676807A
:20590000FFFF0EA4F60F1FA696071804FBFF1804F7FF1A0400201A0440001804FFEF00069C
:20591000761F00301E0A92A428A8FFFF00FF7102960E7680FFFF0EA4F60F1FA6960F180C37
:20592000FBFF180CF7FF1A0C00201A0C4000180CFFEF00067622761F01BE180DEFFF1A0D69
:2059300020001A050300CC09FCFF1AA901009609CC09F3FF1AA904009609761AFF690006B7
:205940001EA628A9BC209BBE2901FF5A0200F61F561700A6A9A9FF42FF5A88ABDE81761FBD
:2059500001C11810FFF71A1000071A1000201A1000401810FF7F56BF03112B14B6FF0EA6FB
:20596000F60F1FA796129BFF92A600FF7102961356BF23112B1C0006761F02139200ED09FF
:205970009202761F01C19619761F021356BF0100761F01C14714EF06761F021356BF010551
:205980002B000006761F01C14615EF07C617761F0213960356BF0101761F01C14515EF0552
:205990001811FFDF1A11002000065200ED06761F01BF1A0A00040006761F01BF1A0C000458
:2059A00000065201EC06761F01BF1A0500010006761F01BF1A03000100065201EC08761FCC
:2059B00001BF1A0500081A1C40000006761F01BF1A0500081A1A400000065200EC155303D5
:2059C000EC0C5302EC0A5301ED15761F01BF1A0300081A1C40000006761F01BF1A1A40006F
:2059D0001A0500080006761F01BF1A1C40001A050008000600069A000006761F00114825D9
:2059E000EE0C5201EC06761F01BF1A0500020006761F01BF1A0300020006D00800FF709992
:2059F00097469645D3002B479246ED039A016F59924752036755D200924654A2692B9A5067
:205A00005CADD50493A29445DC84767F6BEE5200ED18D300D00092A05204671992455CAD06
:205A1000560308A98F40850059A9DC8492A272A19294969DDA01D80192A0520468F06F070C
:205A2000DB0192A3520569039A006F2B924654A266D7BE00D0008F0085006F0B9245560307
:205A300008A959A992A072A192A6949C88A9D80192469CFF54A066F39245560308A98F00BC
:205A4000850058A9924672A092A6D88190FF5494ED039A016F060A479247520368AD9A00A0
:205A5000D00800FF70F50006B2BDD1009A0028A80100767F59ED5200ED0492A1500159A945
:205A60009A0128A80100767F59ED5200ED0492A1500259A9761F022D2B009A001BA9020066
:205A7000630D3B018F00850085A9560100A493C473009C011BA9020064F59A0093A156B1D2
:205A800001A98BBE0006FE04761F0229061A1E44761F02270E1C761F02271EAC5C20564443
:205A90000044FF32767F7C7296411BA97FFF690328417FFF9241761F02319609FE84000670
:205AA000FE04761F02299207540B6605920B9E0796416F022B4129018F0024F35603030A95
:205AB000BE0AA8AC566500A90200F61F561700A6A9A9FF4DFF5A3F43761F02275C432D41E8
:205AC000361C767F7C729642761F02278F00048E2D423623767F7C729642761F02292D0862
:205AD000124296421BA97FFF690328427FFF9242761F0231962FFE840006FE02761F02294B
:205AE000920B9642761F02272D42361C761F02275C20767F7C729641761F02278F0001DC94
:205AF0002D413623767F7C729641761F02292D08124196411BA97FFF690328417FFF92418E
:205B0000761F02319626FE820006FE02761F022992069642761F02272D42361C761F02270E
:205B10005C20767F7C729641761F02278F0001DC2D413623767F7C729641761F02292D089F
:205B2000124196411BA97FFF690328417FFF9241761F02319634FE820006FE02761F0229FB
:205B30002D09761F0227361C1E42761F02275C200642767F7C7D1E428F000273A8AC8F00F8
:205B400003E856440042767F7C7D1E428F007FFFA8A90F426702A8429242761F0231960CF0
:205B5000FE820006FE02761F02292D09761F0227361C761F02275C20767F7C7D1E42761F8C
:205B60000229920CEC0A02645C0C1EAC56440042767F7C7D1E426F0902001E42761F000C29
:205B70001E2E761F000C1E348F007FFFA8A90F426702A8429242761F02319606FE82000616
:205B8000FE04761F022928AC1AAB12080EA91E44761F02278F00C3500E231EAC564400443E
:205B9000767F7C7296411BA97FFF690328417FFF9241761F0231961FFE840006FE06761F35
:205BA000022728AC00DA3023761F02271E420E1C761F02291E440E13767F7C841E4628A906
:205BB000FFFF28A87FFF0F46670628AA7FFF28ABFFFFA9460646761F02321E04FE860006F6
:205BC000FE02761F02299212EC0E8F014000A8A95C12767F7C7296411BA97FFF690C2841FE
:205BD0007FFF6F092B410200761F000F1E1C761F000F2B0F9241761F0231960EFE820006D0
:205BE000FE022901761F022956030D14761F02275C20767F7C7296411BA97FFF6903284136
:205BF0007FFF9241761F02319619FE820006FE022901761F0229D40A56030716767F7C7226
:205C0000761F0231961A761F02295C15290156030C16767F7C7296411BA97FFF6903284165
:205C10007FFF9241761F02319618FE820006FE022901761F0229D40A5603080E767F7C720D
:205C2000761F02319617761F02295C0D290156030C0E767F7C7296411BA97FFF6903284158
:205C30007FFF9241761F02319621FE820006FE02761F0229920F9641761F0227921C5441C5
:205C4000562A08415C1C290156030E41767F7C7296411BA93999690328413999761F023172
:205C50002B399241FF5C761F0231962A761F023128A9C0009E419638FE820006FE02761FF9
:205C6000022928AC034612089611290128AC1A21761F02273020761F0229FF4D96108F0093
:205C700024F3A8AC5603030A564400A9FF4D96172D1036111E425C1702521EAC56440042B6
:205C8000767F7C720EA91E428F007FFFA8A90F426702A8429242761F000C960CFE8200066B
:205C9000FE06761F02298F0100002D08761F0227A84236238F0753001E44A8A9767F7C84D9
:205CA0001E4628A9FFFF28A87FFF0F46670628AA7FFF28ABFFFFA9460646761F02321E005E
:205CB000FE860006767F5A83767F5AA0767F5ADD767F5B05767F5B2D767F5B52767F5B8019
:205CC000767F5BE0767F5BF7767F5C17767F5C37767F5C5E767F5C900006FE029A048F009A
:205CD0008B0C767F553A761F001056BF0D282B294B1256CC00BB56BF012456BF012F761F08
:205CE00000114825EE2C761F0010920E5203EC062834032056BF03336F0A761F02172D0161
:205CF000350A761F0010963456BF013356BF013256BF013956BF013702030F00FFE600962A
:205D000002B40F00FFE80092921F5232FFE5008E1A1600801A152000FFEF0088761F001084
:205D100056BF0132761F022C1B0C01F4697E2B0C920A520562115205EC3E52026208520235
:205D2000EC4E5200EC5A5201EC536F135203EC3F5204EC366F0E520862085208EC1952068D
:205D3000EC255207EC1C6F055209EC0B520AEC0456BF0C0A6F57761F01BF1A0C00406F5262
:205D4000761F01BF1A0C00101A0A00406F4B761F01BF1A0C00081A0A00106F44761F01BFDB
:205D50001A0C00201A0A00086F3D761F01BF1A0A00206F38761F01BF1A0500086F33761F22
:205D600001BF1A1C40001A0300086F2C761F00102B39761F01BF1A1A40006F24761F01BF73
:205D70001A050002761F001056BF01396F1B761F01BF1A0300026F16761F01BF1A05000205
:205D8000761F00102B39761F01BF1A0500081A1C40001A0C00401A0C00101A0C00081A0C18
:205D90000020761F022C0A0A761F00109220767F5E26761F0010FFC19001CD15FFDFFF84F3
:205DA000CAA89615932C5CAD9221DC81767F5E3C88A9761F0010CDA60001FF95CC13FFBFE4
:205DB000CBA9971393A6FFD0CC14FFF79101FF92CBA9971492A6FFC1CD15FFEF9001FF83BA
:205DC000CAA89615921D767F5E78761F0010FFC19001CD15FF7FFF86CAA89615922A5441E3
:205DD00069029241962B920CED11761F0217920F761F00109CC0541F65041816FFBF6F1180
:205DE0001A1600801A1520006F0C520AEC061A1600401A1500406F051A1600801A15200089
:205DF000761F02332B0A761F00101816FFEF1816FFFD1816FFF71816FFFB1816FBFF92168D
:205E0000CA09CA15ED08922BEC0392246F029A0096256F052B252B3256BF0109761F0011CD
:205E1000CC2500E0FFC45202ED05761F0010922B6F07761F0010922B932C767F5E85761F32
:205E20000010962C767F1239FE820006528A68041BA9010E680B528668041BA901226809A0
:205E3000761F022C56BF040B6F04761F022C2B0B761F022C920B000600FF709582A45AA86D
:205E400059A99A048F008B12767F553A761F02165603013754A169225603013754A1690F36
:205E50005603013754A1660B761F022C1B1203E8680492A29CFF96C39A026F13560301371D
:205E600054A169085603013754A166047AC39A016F0856BFFFC39A006F0456BFFFC39A0424
:205E70005202EC04761F022C2B1200FF70F1000688A9761F02152D22350A08A9FD8054A6D5
:205E800062039A0400069A00000600FF709559A85BA95AA18F008B0F9A04767F553A761F75
:205E9000022C1B0F01F468162B0F92A354A169099A0194A15AA992A1520A56B80AA26F0ABC
:205EA00054A1670892A1520A69039CFF6F029A0A5AA992A200FF70F1000600005F7F003F19
:205EB0005F92003F5FB5003F5FEE003F6006003F6022003F6038003F603A003F603C003FD2
:205EC000603E003F6040003F6042003F6044003F6056003F6058003F605A003F761B0005C7
:205ED000AABDA2BDA8BDA0BDC2BDC3BDABBDFF695616294277B75633761F023D0A0076C0B9
:205EE0000B03062E8C3D0B8410B88CAC0B84102F8CACE8F810B81E2E213D922F961376FFD1
:205EF0005EAE560301003E01000F560100A7C5B8FF20000076203B015633761F023D2D10D8
:205F0000361C2DA83613562F062028A9076C56740020962076C00B01761F023D92229EB862
:205F100056C200039A009621852008A9FFFF9E2196232D2412312D23333007AB2D39FF508B
:205F20000734FF5A9223962456CF0002A9A91BA8FF9C56C3000528A8FF9C9A000F3A56C500
:205F30000003063A1E34530056C300039B0076C00B051BB80C8B56C400039B0092211BA9D3
:205F400003B656C400039B00532D56C200039B0076C0680997B8761F023E1B330001EC177D
:205F50000A321B32032056C400052B3228330001761F023D9221520056C200039A00963E4B
:205F60002D3E123E761F023E07301E30761F023D9213543356C40003963376C0681C1AB89A
:205F70000001761F00332821000487BEC5BEC4BE83BE8ABE82BE86BE000376177602761F07
:205F8000023D76C00B052DB82101060633031002330310073304A7011E0692089E019609F9
:205F9000007F5EFB761F023D060E2D09330C07AB1E0E330B07AB2D1556C2000702001E0E5F
:205FA000961056CF00125627000D56C5000A02005623000D1E0E5610961056CF00065623F1
:205FB000000D56109610007F5EFB56CF00379A0076C00B0593B89F0853D556C200091B1935
:205FC0000001ED0E1BA8FF2B56C2000B9A012B381B140000ED052814000156CF00161B14EF
:205FD0000000EC1B1B140002EC161B140003ED155201EC112B142815000D060EFF311E0EFA
:205FE0002B3E56CF000B28140002060E56811E0E2815000B283E0001007F5EFB761F023D58
:205FF0002D1312131EAC761F023E0720AB20032403241EAC5605002C5663002C5657002248
:20600000A922564000241E24007F5EFB761F023E1B0D0001ED16800E92B89B00950C80A8A4
:2060100096B8800F92B828A80200950C80A896B80A0C1B0C01F456C400052B0C280D0003A0
:20602000007F5EFB761F023E0A068724ABA90726AB26032A032A1EAC5605002E5663002E12
:2060300056570028A9285640002A1E2A007F5EFB007F5EFB007F5EFB007F5EFB007F5EFB6A
:20604000007F5EFB007F5EFB761F023D76C00B05061A8C1703F510B88CAC03F5101B8CAC60
:20605000F81510B81E1A2117007F5EFB007F5EFB007F5EFB007F5EFB761BC3BDFF69ABBDAA
:2060600076C0680E28C7000576C0684E28C7000576C0688E28C70005761F00331824FFFE7F
:20607000761F00332821000287BEC5BE76177602B2BDFE0476FF77255CADDC84F6032484A4
:20608000761F0010921893195C25767F60FF59A9761F00104112EE1B5CAD921B93255D2D35
:20609000DC84767F37C088A9761F0010CDA60001FF93CC13FFEFCBA9971392A6FFC1CD1503
:2060A000FFF79001FF82CAA896156F0356BF0D445CAD921A932DDC83767F392588A9761FF6
:2060B0000010CDA60001FF92CC13FFF7CBA9971393A6FFD0CC14FFFD9101FF90CBA99714A4
:2060C00092A6FFC1CD15FFFB9001FF81CAA89615FFC19001CD15FBFFFF89CAA896155CADE3
:2060D000932DDC82921C767F39F388A9761F0010CDA60001FF91CC13FFFBCBA9971393A6B9
:2060E000CC14FFFEFFD09101CBA9971492A6FFC1CD15FFFD9001FF80CAA896159A035CAD9A
:2060F000DC84767F06F9761F00109628792692A15428690259287927FE848BBE0006D00C52
:2061000000FF709959A45AA85BA976FF770D5CADDC8BF60A24849A038F008A7A767F553AAF
:206110009A038F008A7D767F553A761F001092115201EC04920F5201ED05761F02292B3D1F
:206120002B3A92A29EA3761F022954376205543756B401366F022B36963793A1ED032B36E3
:206130002B39520A63281BA9FFF66316923D52B4670D761F00109207EC06761F02299238CF
:20614000FFEF00EB9A00FFEF00E856BFB43D9A002B3AFFEF00E22B3D1B3A03C069032B3AD0
:206150006F071B3A025868039A006F029A049638FFEF00D32B3D2B3A9336ED4E1BA9FFFBD8
:2061600064451BA9FFFB64035200643D520064035205643652056403520A642F520A640344
:20617000520F6428520F640352146421521464035219641A52196403521E6413521E640329
:206180005223640C5223640352286405522856B30A356F1D56BF09356F1A56BF08356F1759
:2061900056BF07356F1456BF06356F1156BF05356F0E56BF04356F0B56BF03356F0856BFDE
:2061A00002356F0556BF01356F022B3592395435562A06356F525301ED5052236348522322
:2061B0006303521E6341521E63035219633A521963035214633352146303520F632C520F8D
:2061C0006303520A6325520A63035205631E5205630352006317520063041BA9FFFB630F69
:2061D0001BA9FFFB63041BA9FFF663061BA9FFF663202B356F1E56BF01356F1B56BF02351E
:2061E0006F1856BF03356F1556BF04356F1256BF05356F0F56BF06356F0C56BF07356F0917
:2061F00056BF08356F0656BF09356F0356BF0A3592395435562A0835761F0010922693A10D
:20620000EC1A761F022993355539EC1B5539660C5539671793399F3555A967049E399435A6
:206210006F109A016F0E95A99F3992A8520D69099A0D6F07761F022958355CADDC8B9294B6
:2062200093359739761F0010970A520456B804A9761F02299638D00C00FF70F500069A04FD
:206230008F008A72767F553A761F022D1B1655AAED07761F02291B3207D068056F00761F02
:2062400002292B320006761F0010922C761F022D960B767F18DD767F1922767F55BD761F32
:2062500000109239767F629B761F00109225932C767F629E8F000430767F6359761F001038
:206260009237767F6399761F00119203767F66D7767F63A4767F3B82767F5160767F50E37B
:20627000767F5322767F468B767F622F767F54F00006B2BD59A98F008A6F9A04767F553AFE
:206280009A0494A1560301A9761F02291B2F03E868112B2F0A2B542B66022B2B922B5208D7
:206290006906CC2B0001767F59956F049A00767F59958BBE0006767F59A10006B2BDAABD9A
:2062A0005AA859A98F008A6C9A03767F553A761F0010922FEC039A026F029A00761F021091
:2062B0009615767F4C9A761F02019230761F0010960CEC15761F0229922C5296681356BFB0
:2062C000962C761F0010CD150040CC152000FFD5FFCCCAA8ED07767F4BD66F04761F0229E6
:2062D0002B2C761F0010923AED17761F0011CC2500E0FFC45202ED0C92A15201761F022717
:2062E00056B1320E761F022756B10121EC0D761F02272B216F09761F022756BF190E761F66
:2062F000022756BF012192A15201EC079221ED059A00767F4BCD6F049A01767F4BCD92A21A
:20630000767F4BDB767F4BE6761F0010962E86BE8BBE0006761F00104516EE2B9B019234C5
:206310005435670592359E3452C866089234543568049E3552C866029B00761F0229972A2B
:20632000761F001092325201ED10761F0229922A5201ED0B0A299229521E68182B29761F16
:2063300000101A1600206F12761F02292B296F0E761F02290A299229523C68082B29761F46
:2063400000109209ED031816FFDF761F001092325201ED074516EE059234767F6D366F04C7
:206350009A00767F6D36767F6D3A761F001096350006FE08C5A45DADDD87F606248593478D
:20636000804588445303EC27761F00109212FFCA761F001127A99225FFC7CEAB40A9EE28A6
:206370005300EC145301EC0D5302EC0692A793A6767F59AD6F1D92A793A6767F59DA6F180C
:2063800092A793A6767F59BD6F1392A793A6767F59AD6F0E761F022D920A5201ED03767F7C
:20639000630A761F01BF1A0500081A1C4000FE8800069B00761F021C520056B001A8970E0E
:2063A000767F468000060006761F001092305203EC11761F021C9211520264079211761F10
:2063B00000109C0496216F0C9211761F001096216F07761F021C9211761F00109621761F2F
:2063C000021C920F761F00109620761F021C9210761F00109622761F02019223761F0010FF
:2063D00096230006FE0C761F0229921F9648962096499224652D922565145424630A9224ED
:2063E0009E25964256030125964356BF01416F4C9424964292259E24964356BF02416F44AB
:2063F000FF5C5424620B9225FF5CFF80964292259424964356BF06416F3792259424FF5CD0
:20640000964292249E25964356BF05416F2D922565189224FF5C5425650B560301259642D6
:2064100092259424FF5C964356BF03416F1D92259424964292259E24964356BF02416F1470
:206420005424620A9424FF5C964292249E25964356BF05416F099E2496429225FF5CFF803D
:20643000964356BF044192439442964592215445670D5C4529012521767F7C7296472D478E
:20644000364297422D47364397439243944296459248964692495445FFE800A99243544279
:20645000693892465443670A761F02299626962796432B282B42FFEF009A544569209E454C
:2064600096449249544568109244761F0229FFC0944596269244FFC0944396279244FFC0AE
:206470009628FFEF00849245761F022994449626924394449627924496286F78761F02290C
:206480009626924396272B2892469E4396426F6E924654426709761F0229962696422B434D
:206490002B272B286F635445691C9E45964492495445680F9244761F0229FFC094459626C5
:2064A0009244FFC0944396279244FFC096286F4E9245761F02299626924396272B286F46B6
:2064B000761F022996269E42962796432B286F3E9246761F02299E269442962692469E274F
:2064C0009443962792469E289E429E4396286F3E761F022992269E429E43962692427227FC
:2064D000924372286F33761F02299246EA26EA27EA286F2C761F0229924274269243742797
:2064E00092429428944396286F219246761F02299E2694429443962692469E279E429627E8
:2064F00092469E289E4396286F1192415204620A5204ECDA5201EC0A5202ECBB5203ECC9D0
:206500006F055205ECD85206ECE1761F0229922893269427FFC09FA997228F006EDAA8ACEE
:206510000E270128564400A9B323761F022692365201ED17761F000C922A761F0229942641
:20652000964A761F000C9219761F02299427964B761F000C9218761F02299428964C6F09B2
:20653000761F02299226964A9227964B9228964C9248544A67049248964A6F04924A63026C
:206540002B4A9248544B67049248964B6F04924B63022B4B9248544C67049248964C6F04E8
:20655000924C63022B4C924A9626924B9627924C962892489E26961E92489E27961D924825
:206560009E28961CFE8C0006B2BD8BA49A048F008B27767F553A92C152CB620F52CB56C1FD
:2065700001125200EC1A523DEC1A527556C1009252C656C101126F0A52DD56C1012852E936
:2065800056C1013952F556C1014B2BC19A03FFEF014E761F00112B1F56BF3DC1761F001191
:2065900092225421ED0A92235201EC0792245201EC049A00FFEF013B92235201EC34922435
:2065A0005201EC23922254216414761F022C56BF0226761F00119E21761F022C9623761F62
:2065B00000119221ED28761F022C082300086F23761F022C56BF0126761F001192219E2252
:2065C000761F022C96236F1756BF0224761F022C56BF0226761F00119222761F022C9C08BD
:2065D00096236F0956BF0223761F022C56BF022628230230761F001156BF011F761F022C25
:2065E00058258F3F77184094EE06761F01BF1A0C00406F05761F01BF1A0A00404194EE044A
:2065F0001A0C00106F031A0A00104294EE041A0C00086F031A0A00084394EE041A0C00200C
:206600006F031A0A0020761F022C2B2756BF75C1761F022C1B27021267049A00FFEF00C791
:206610002B2492235424FFE9008392265201EC1E761F021792125201EC0B5202ED11761FEB
:20662000022C922556B10725EC0B0B256F09761F022C9225520768032B256F020A25761FE0
:206630000011922265200B226F1E761F021792125201EC0C5202ED11761F022C9225520784
:2066400068032B256F0A0A256F08761F022C922556B10725EC020B25761F00111B2201F4BD
:2066500063020A22761F022C58258F3F77184094EE06761F01BF1A0C00406F05761F01BFB0
:206660001A0A00404194EE041A0C00106F031A0A00104294EE041A0C00086F031A0A00087F
:206670004394EE041A0C00206F031A0A0020761F022C92249E231BA9FFFFEC0B2B2756BFEB
:20668000CBC1761F022C9227521E670D9A006F4E2B2756BFC6C1761F022C1B270212670346
:206690009A006F440A24922354246680761F01BF1A0C00401A0C00101A0C00081A0C0020F7
:2066A000761F022C2B2756BFDDC1761F022C9227521E67039A006F2A761F001192235202DA
:2066B000ED1056BF0323761F022C2B252B2756BFE9C1761F022C1B2707D067039A006F1609
:2066C000761F00119224520256C0FEC556BF0324761F022C2B252B2756BFF5C1761F022C02
:2066D0001B2707D0FFE7FEB79A008BBE0006761F001196210006767F66FF7622761F01C062
:2066E0001A1C0008FF6976FD7C803E67761F01C0181CFFF7761AFF69767F67BB9A0A9B0210
:2066F000767F670F767F675A00067622761F01C056BF552556BFAA25761AFF69000676226C
:20670000761F01C056BF6F29761AFF6900067622761F01C056BF2F29761AFF69000688A9EE
:20671000761F01C04311EF0676221A110010761A7625CC110180EC0576221811FE7F761AAF
:206720009221900F54A6EC1576221A110040CC21FFF080A9CCA6000FCAA79621761AFF6963
:20673000767F66FF4011EFFF76221811FFBF761A5301EC035302ED0B7622CC11FE7F88A9EE
:20674000CCA80003FF86CAA69611761A5303ED117622CC11FE7F1AA901009611FF69FF205E
:2067500001F27640801F761F01C01A110180761AFF6900067622761F01BE1A080030761F0E
:2067600001C056BF021BCC10FFFC500296101A1C00081A2000011A2000021A2001001A202D
:2067700002001A2004001A1D01001A1D00011A1D00021A1D00041A1D00081A2020001A1C16
:2067800000011A1C00101A1C04001A1C01001A1C0004761AFF690006FE027622761F002BB1
:206790002820FFFF2821FFFF2822FFFF2823FFFF2824FFFF2825FFFF2826FFFF2827FFFF9D
:2067A000761A761FFDFF9238964192399641923A9641923B9641923C9641923D9641923E13
:2067B0009641923F9641761F002B922F9001F001FE82FF6900067622761F01C01812FEFF44
:2067C0001812FFFE1A1220001A1240001A120400761AFF6900067622761F01C01812FBFF9A
:2067D0001A1200021A1220001A1240001A1200011A120100761AFF6900067622761F01C07D
:2067E0001812BFFF1A1220001812FFFD1A1200011A1200041A1204001A120100761AFF698D
:2067F00000067622761F01C01A1000401A1240001812DFFF1812FFFD1A1200011A12000434
:206800001A1204001A120100761AFF690006761B2942561676256F00761B294256167625A8
:206810006F00761B2942561676256F00761B2942561676256F00761B2942561676256F00A3
:20682000761B2942561676256F00761B2942561676256F00761B2942561676256F00761B71
:206830002942561676256F00761B2942561676256F00761B2942561676256F00761B294287
:20684000561676256F00761B2942561676256F00761B2942561676256F00761B2942561676
:2068500076256F00761B2942561676256F00761B2942561676256F00761B29425616762537
:206860006F00761B2942561676256F00761B2942561676256F00761B2942561676256F0053
:20687000761B2942561676256F00761B2942561676256F00761B2942561676256F00761B21
:206880002942561676256F00761B2942561676256F00761B2942561676256F00761B294237
:20689000561676256F00761B2942561676256F00761B2942561676256F00761B2942561626
:2068A00076256F00761B2942561676256F00761B2942561676256F00761B294256167625E7
:2068B0006F00761B2942561676256F00761B2942561676256F00761B2942561676256F0003
:2068C000761B2942561676256F00761B2942561676256F00761B2942561676256F00761BD1
:2068D0002942561676256F00761B2942561676256F00761B2942561676256F00761B2942E7
:2068E000561676256F00761B2942561676256F00761B2942561676256F00761B29425616D6
:2068F00076256F00761B2942561676256F00761B2942561676177602761B2942561676259C
:206900006F00761B2942561676256F00FE014FA8EF03FF540901F60F1F45964025A8F60F40
:206910001F4593405632FE8100068AABA3A90200F61F5617004392ABA3A40006A8BD8AABB7
:206920002904565F2FA92BAB85A8F61F5617004506AB5632A3A48ABE0006A8BD29048AAB3E
:20693000565F87A906465605004656630046F61F5617004806AB5632A3A48ABE0006FE02DE
:206940002904565F87A906465605004656630046A9A6A3A90200F61F56170048A9A7A3A639
:20695000F61F5617004806A76C025658A9841EC4FE820006A8BD8AAB2FA92BAB85A8F61F75
:206960005617004506ABA3A48ABE0006ABBD761DA8BD290487A9064A5605004A5663004A6A
:206970003B01565F8F0002000FA463055632568906AB6F04FF207FFE563229018ABE7611C2
:2069800087BE0006761F02012D06761F02013607761F0201F60F1F08761F0201961D56089F
:20699000FFFF761F0201F60F1F08761F020196200006761F02012508761F02010D07761FCB
:2069A0000201F60F1F06761F0201961D5608FFFF761F0201F60F1F06761F020196200006ED
:2069B000761F02012D06761F02013607761F02019620761F02019706761F02013608761F39
:2069C00002018106761F0201961D761F0201971E0006761F02012D06761F02013607761F5A
:2069D0000201961F761F0201971E851E761F0201370807AB761F02019620761F0201971EDB
:2069E000FF200000761F02012B1D0C1D961D251D761F02010D1E761F0201370507AB761F9C
:2069F0000201971E761F0201961D000676220200761F01BE1E061E081E161E361E0A1E1A5E
:206A00002B3A1E021E041E121E0C1E1C1A0C0001CC06FFFC500196061A0C00021806FFF322
:206A1000761F01BF1A020002761F01BE1A0A00021A0C0004CC06FFCF501096061A0C000885
:206A2000CC06FF3F504096061A0C0010CC06FCFF1AA9010096061A0C0020CC06F3FF1AA9EA
:206A3000040096061A0C0040CC06CFFF1AA9100096061A0C0080CC063FFF1AA940009606DC
:206A4000CC07FCFF1AA901009607180AEFFF1808FFFC761F01BF1A050001761F01BE1A0BEE
:206A500000011808FFF3761F01BF1A050002761F01BE1A0B00021808FFCF180BFFFB1808F7
:206A6000FF3F761F01BF1A050008761F01BE1A0B0008CC09FCFF1AA9010096091A05030086
:206A7000CC09F3FF1AA904009609CC16FFFC500196161A120003CC16FFF3500496161816CE
:206A8000FFCF761F01BF1A0C0004761F01BE1A1A00041816FF3F761F01BF1A0C0008761F99
:206A900001BE1A1A00081816FCFF761F01BF1A0C0010761F01BE1A1A00101816F3FF761FEA
:206AA00001BF1A0C0020761F01BE1A1A00201816CFFF761F01BF1A0C0040761F01BE1A1AE9
:206AB0000040CC36FFCF502096361836FCFF761F01BF1A1C0010761F01BE1A3A0010183690
:206AC000CFFF183AFFBF1837FFCF761F01BF1A1C0400761F01BE1A3A04001837FCFF761FA1
:206AD00001BF1A1A1000761F01BE1A3A10001837CFFF761F01BF1A1C4000761F01BE1A3A5A
:206AE0004000761AFF6900069A038F008B2B767F553A9A00767F6279761F00104C12EE098E
:206AF000020A0F0066022B0E761F022C2B2B0006761F022C922B520267039A006F165204F8
:206B000067039A016F12520667039A026F0E520867039A036F0A520A67039A046F06520C03
:206B100067039A056F029A06962A761F0010920C520AED0C761F022C922A52046807761F1A
:206B200000101A1600801A152000761F022C922A56C1008B520156C100925202EC3D520357
:206B3000EC245204EC1D5205EC0D520656C00087761F00102B391812EFFF2B0E2B372B3278
:206B40000006761F001092305203ED781B35025868041B3503E869721A1600200006761FF7
:206B5000001056BF01390006761F00109B01922252F069051B22010456B800A888A892154C
:206B600093A9FFD79101CCA9FEFFCBA69101FF97CBA997150006761F00109B01921B52E61A
:206B700064051B1B010E56B500A888A8921693A9FFD09101CCA9FFFDCBA69101FF90CBA9B8
:206B80009716BE011B1C015464051B1C017C56B500A6FFD192169101CCA9FFFBCBA69101B3
:206B9000FF91CBA99716BE011B1D034864051B1D037056B500A6FFD292169101CCA9FFF7B7
:206BA000CBA69101FF92CBA99716761F02179212EC15761F0010921E52646403528C650E0A
:206BB0001A1604000006761F001056BF013756BF01322834032056BF033300067622761F54
:206BC00001C01A1C0010761F01BE181CFFFE181CFFFD1A1200031A12000CCC16FFFC500164
:206BD0009616CC16FFF350049616761A761F01E41809FFDF56BF500756BF040C56BF2D0346
:206BE00056BF2D042B011A09002028206000282120402B052802FFFFFF690006D00200FFF8
:206BF000709982A459A87D429641D200761F01E44B09EE3F924196074C02EF0428A9100060
:206C00006F4056BF0105CCA100FF9608280966201A020020D200761F01E44202EE0A767F30
:206C100066F5DA011BA20FA069F728A9FFFF6F29D2009242960528096C20761F01E445023C
:206C2000EE0A767F66F5DA011BA2177069F728A9FFFF6F17D000924254A06907920696936F
:206C3000D801924254A066FB767F66F59A006F09767F66F5DA011BA2177069B928A95555D4
:206C4000D00200FF70F50006D00200FF709982A459A87D429641D200761F01E44B09EE21B2
:206C5000924196074C02EF0428A910006F229A0194429605CCA100FF9608D000924254A053
:206C60006908929390FF9608D801924254A066FA767F66F5761F01E428096E209A006F09B5
:206C7000767F66F5DA011BA2177069D728A95555D00200FF70F50006761F002C1B0E04D9D7
:206C80006605761F02252B356F04761F02250A3592355284690456BF85352B39761F002C01
:206C90001B0E04D96906761F02259239ED022B3C761F02250A3C923C5204EC035205ED0930
:206CA000761F002C1B0E04D96904761F02250A2E5206EC07520C6838761F02252B3C00063A
:206CB000761F002C1B0E04D96904761F02250A2E761F02259B00922E520256B701A82B2E22
:206CC0009239ED075300ED202B3A2B300A3900065200EC0D5209670B9CFF2DA992A8FF6664
:206CD00098305300EC020A3A0A3900065209EC0B520AEC032B3900062B3956BF0138923093
:206CE000963B00060A3900069A01761F022593315301ED042B31933797320A2F932F530CCB
:206CF00068459333EC3A5300EC18530967169DFF2DA8FF66CE32ED06761F01BF1A1C100057
:206D00006F08761F01BF1A1A1000761F02250A34761F02250A336F2992335209EC0F520A61
:206D1000ED24761F01BF1A1A1000761F02252B3356BF013156BF01366F184034EE06761F88
:206D200001BF1A1C10006F05761F01BF1A1A1000761F02250A336F09761F01BF1A1C100034
:206D3000761F02250A332B342B2F0006761F0212963B0006761F021292390006761F01BF3C
:206D4000CC010004761F0212FFC15436EC0A761F01BFCC010004761F0212FFC196360A38DC
:206D50000A371B3703E868602B372D383505FFC096392B38923BEC4F92399C32543B56B3B2
:206D6000013A761F00109236520A6705761F0212923AEC2B761F0212923B9E39963F9E3E19
:206D70002DA9923F520A63061B3FFFF665032B3F2BAC3B01310A5603023F07AB1EA68F0188
:206D80003880073C0FA4620D06A68F00BB80073C0FA4640506A65601003C6F04A83C6F02FA
:206D9000A83C923F963E6F0F2B3E761F00104412EF04FF2005006F03FF200280761F0212A5
:206DA0005601003C063C3B01761F01A0FF459CFF960A0006761F01A02B0A761F02122B3A8E
:206DB0008F00D480A83C000627A82DA99CFF58A9B6003B01C4A492AC9CFF85A9560100A657
:206DC00093AB55C66405350A94A59CF6000655C4620392A5000692A754A0625894A0FFA06C
:206DD0002FA93B01C4A485A9560100A693AB55C6ED052DAA350A94A5000692AAC4A485A98A
:206DE000560100A693AB55C6643C9A01C4A494AA85A9560100A693AB55C6622F9A0158AAAA
:206DF000C4A4C5A494A085A9560100A685A0560100A72DC7350394C680A985A0C4A40AA04A
:206E0000560100A685A0560100A42DC4350394C658A9560302AB88A993A755A656B200A6B7
:206E1000620793A055A656B205A656B50AA62DAA350A94A694A500069A0194AA80A96F035A
:206E200058AAD88192A754A065AA28A9FE700006761B0005ABBDA8BDA0BDC2BDC3BDFF694F
:206E300029425616761F003356BF0121761F023392005201EC08761F02259236ED06767F5D
:206E40006CE46F03767F6C7C767F508CC5BEC4BE83BE8ABE87BE000376177602761B000551
:206E5000ABBDA8BDA0BDC2BDC3BDFF6929425616767F550D761F02130A041B0403E8680633
:206E60002B04761F022D56BF010A761F001092305203761F01A056B0010AED03767F6D3E6C
:206E7000767F465E767F3B04767F4929761F00114825EE0C761F021792125201EC035202D9
:206E8000ED058F008B52767F6564C5BEC4BE83BE8ABE87BE000376177602761F01BF461848
:206E9000EE05761F022C2B1F6F04761F022C0A1F921F521E690456BF1F1F2B1D761F01BF05
:206EA0004618EF06761F022C921DED022B21761F022C0A2192215203ED39921DED0B761F7A
:206EB00001BF4618EE30761F022C2B1C2B1E0A1D6F2A5200EC1952096717761F01BF461890
:206EC000EF089CFF2DA9761F022C9A01FF66981E761F01BF4618EF04761F022C0A1C761FAD
:206ED000022C0A1D6F105209ED0D761F01BF4618EF0A761F022C2B1D56BF0122921E962024
:206EE0006F022B1D761F022C2B210006761B0005ABBDA8BDA0BDC2BDC3BDFF6929425616C6
:206EF000761F01A11A1C0001761F003356BF04217623000429100201761F021D560100022C
:206F000006029B00901FFF58761F022C56B1011A9215ED0956BF0115FF69767F4FDB761FFF
:206F1000022C2B15761F021D06029B00761F022C9007AF16ED1356BF0116FF69767F506F35
:206F20002B16921AEC0B2B1A921BED0856BF011B767F5087761F022C2B1BC5BEC4BE83BE3A
:206F30008ABE87BE00037617760228AD0500FF69561F5616561A2940761F00002902761B5F
:206F4000762228A97CFC28A8003F0901611B76FF7CFC29046F0F9B0024A9DF016C0429043E
:206F500024A8DF011EA6F7A1248606A781A109011EA724A96303FF5C3B0459A9DF01000919
:206F6000FFEC761A28A9FFFF28A8FFFF0901610E76FFFFFF6F06DF01C3BD1EA73E67C5BE4B
:206F700024A9DF0124A8FF5860F7767F7063767F707E767F534F767F66F5767F0013761FAB
:206F80000010920E5208EC255207EC205200EC135201EC0E5202EC095204EC04767F00004F
:206F90006F0C767F000D6F09767F60786F06767F34AF6F03767F0000767F0064767F012EEE
:206FA000767F013D767F06E36F06767F5CCD6F03767F6AE4767F1B67767F62436FCD290200
:206FB0002904565FFF5A0642565F1E420200F61F5617004206AB5632290276202902290411
:206FC000565FFF5A0642FF561E420200F61F56170042563229027620FF5A0200F61F5617BA
:206FD0000042A9A97620FF5A0200F61F5617004276203B10761F00331820FFFE2B222B24DE
:206FE0002B262B282B2A2B2C2B2E2B302B322B342B362B382B232B252B272B292B2B2B2D1B
:206FF0002B2F2B312B332B352B372B39FF690006761F00331A2000012821FFFF2910FF69EE
:2070000000065CA871A997A63B0185A9FF565DA985A4FF565CA992A5F60F1FA44FA66C0265
:20701000FF5C762096A65CA83B0185A9FF565DA985A4FF565CA992A5F60F1FA44FA66C0285
:20702000FF5D92A87620FF5A8EA4C5A492ABEC079CFF88A992859687000EFFFE92AB88A987
:20703000A9A90FA6EC1093AAEC0EA9A99DFF5CA876BFFFFE92859687000EFFFE928596876F
:20704000000CFFF88AA0000676220200761F01BE1E061E081E161E361E0A1E1A2B3A1E0258
:207050001E041E121E0C1E1C1816FFCF1A1A0004181CFFFB1808FFCF180BFFFB1A0D0004D2
:20706000761AFF69000628ABFFFF28AAFFFF28A9FFFF28A8FFFF0FABED04BE00D4006F091F
:207070008AA928A9FFFF28A8FFFF88C409028AA992A6767F6F79000677006F00B2BD761FA1
:20708000022C59A9C5303E67761F022CC53406A7EC0392A13E67761F022C0632EC031EA747
:207090003E67767F707C8BBE0006B2BDAABDA2BD7620B2BDAABDA2BD27AD565700A03FADFE
:2070A0007620B2BDAABDA2BD5AAD27AD565700A03FADAAAB565D00A6A9A276208F7F734899
:2070B0008F000D0676229A00527D6306C485C2849C01527D64FC761A761F00331A200001C6
:2070C000FF690006761D1EBD874456050048A9A4564700488742A9A95665004807AB874697
:2070D0005665004407ABA8ABFE847620561F7622B9C0282900680200761F01BE19011E0CAB
:2070E0001E1C761A007F6F35761B29425616761F003356BF0121761F020156BF0A327617C6
:2070F000760282BE86BE8BBE762027AD565D00A03FAD82BE86BE8BBE762097A69B00F60F52
:207100001FA6762097A69B00F60F1FA692A87620C5A48A44A0A90FA769052484DF010FA7C0
:2071100066FD0006761F022CA82E0006761F022CA830000600067622761F002A1A0200033A
:207120001A0301001A0401FF1A0501FFCC06FFF050029606CC06F0FF1AA902009606CC0750
:20713000FFE0500296071A000001761AF6067700FF690006190156C3FFFF0006000010009E
:20714000100006A016A005161BB6044A200003C723C7036A273103242A5502EC2D4102BF2D
:2071500030000298329802793511025C376D024339B0022D3BDD021A3DF70209400001F8BF
:2071600041F801EA43E201DC45BE01D0478E01C4495201BA4B0C01AF4CBB01A74E62019E20
:20717000500001955195018E5323018754AA017F5629017957A201735915016D5A820167A2
:207180005BE901625D4B015D5EA80158600001536153014E62A1014A63EB01466531014270
:207190006673013E67B1013A68EB01376A2201336B55012F6C84012D6DB101296EDA012664
:2071A00070000123712301207243011D7360011B747B01187593011676A9011277BB011127
:2071B00078CC010E79DA010C7AE601097BEF01087CF701057DFC01037EFF0101800000FF3B
:2071C00080FF00FD81FC00FB82F700F983F000F884E800F585DD00F486D100F387C400F0A2
:2071D00088B400EF89A300ED8A9000EC8B7C00EA8C6600E98D4F00E78E3600E68F1C00E48D
:2071E000900000E390E300E191C400E092A400DF938300DE946100DC953D00DB961800D985
:2071F00096F100D997CA00D798A100D6997700D59A4C00D49B2000D39BF300D19CC400D11B
:207200009D9500CF9E6400CF9F3300CDA00000CCA0CC00CBA19700CBA26200C9A32B00C8F4
:20721000A3F300C8A4BB00C6A58100C6A64700C4A70B00C4A7CF00C3A89200C2A95400C1D5
:20722000AA1500C0AAD500C0AB9500BEAC5300BEAD1100BDADCE00BCAE8A00BBAF4500BB81
:20723000B00000BAB0BA00B9B17300B8B22B00B8B2E300B6B39900B7B45000B5B50500B5CA
:20724000000000C90192025B032403ED04B6057F0648071107D908A2096A0A330AFB0BC4AC
:207250000C8C0D540E1C0EE30FAB1072113A120112C8138F1455151C15E216A8176E1833D5
:2072600018F919BE1A821B471C0B1CCF1D931E571F1A1FDD209F2161222322E523A62467DB
:20727000252825E826A82767282628E529A32A612B1F2BDC2C992D552E112ECC2F8730419E
:2072800030FB31B5326E332633DF3496354D360436BA376F382438D9398C3A403AF23BA5FE
:207290003C563D073DB83E683F173FC54073412141CE427A432543D0447A452445CD4675C4
:2072A000471C47C34869490F49B44A584AFB4B9D4C3F4CE04D814E204EBF4F5D4FFB5097AF
:2072B000513351CE52685302539B543254C9556055F5568A571D57B0584258D3596459F353
:2072C0005A825B0F5B9C5C285CB35D3E5DC75E4F5ED75F5D5FE3606860EB616E61F0627139
:2072D00062F1637063EE646C64E8656365DD665666CF674667BC683268A66919698B69FDBC
:2072E0006A6D6ADC6B4A6BB76C236C8E6CF86D616DC96E306E966EFB6F5E6FC1702270831C
:2072F00070E27140719D71F9725472AE7307735E73B5740A745F74B27504755575A575F36E
:207300007641768D76D87722776B77B377FA783F788478C77909794A798979C87A057A419B
:207310007A7C7AB67AEE7B267B5C7B917BC57BF87C297C597C887CB67CE37D0E7D397D6269
:207320007D897DB07DD57DFA7E1D7E3E7E5F7E7E7E9C7EB97ED57EEF7F097F217F377F4D66
:207330007F617F747F867F977FA67FB47FC17FCD7FD87FE17FE97FF07FF57FF97FFD7FFEF8
:207340007FFF000068FC003F68FC003F68FC003F68FC003F68FC003F68FC003F68FC003F3A
:2073500068FC003F68FC003F68FC003F68FC003F68FC003F68FC003F6807003F680C003FEA
:207360006811003F6816003F681B003F6820003F6825003F682A003F682F003F6834003FC1
:207370006839003F683E003F6843003F6848003F684D003F6852003F6857003F685C003F71
:207380006861003F6866003F686B003F6901003F6870003F6875003F687A003F687F003FA3
:207390006884003F6889003F688E003F6893003F6898003F6901003F6901003F6901003FD9
:2073A0006901003F689D003F68A2003F68A7003F68AC003F6901003F6901003F6901003FFB
:2073B0006901003F68B1003F6901003F6901003F6901003F6901003F6901003F6901003FC6
:2073C0006901003F6901003F6901003F6901003F6901003F6901003F6901003F6901003F65
:2073D0006901003F68B6003F68BB003F6901003F6901003F6901003F6901003F6901003FE8
:2073E0006901003F6901003F6901003F6901003F6901003F6901003F6901003F6901003F45
:2073F0006901003F68C0003F68C5003F6901003F6901003F6901003F6901003F6901003FB4
:207400006901003F68CA003F68CF003F6901003F6901003F6901003F6901003F6901003F8F
:207410006901003F6901003F6901003F68D4003F68D9003F68DE003F68E3003F68E8003FC8
:2074200068ED003F6901003F6901003F6901003F6901003F6901003F6901003F6901003F19
:207430006901003F68F2003F6901003F6901003F6901003F6901003F6901003F6901003F04
:207440006901003F0001000000000000010000000000000000000000000000000000000081
:2074500000000BB800000BB80000000000000000000000000002000000000000000017700D
:2074600000000000000000640000000003E804E204E261A861A80000004B00DC008C29AB58
:207470000C80000304DD038401A4038400C803E8004B017C0095138805A003960261005637
:207480000247042C003B03E80000000A000000000000000A0190000009C4000A0190001F21
:207490000DAC00000007032000000000000A000D05DC07D0000003E8001E000200C80064F3
:2074A0000000000000000BB8000003E80000000003E8000003E80000000000000000000048
:2074B0000000000000000064000000000000000000000000000000000064000A00020000E8
:2074C0000000000007D000000000000000010BB80000000100C80000017C0000000000507B
:2074D0001001000004B00064000103E80000000A03E803E8000100020064005A00040002E0
:2074E000000D001F0032001E002800320046332C03520000005000140002003267840FA08A
:2074F00012C003E8004600C8000A03E8000700000009000A03E803E80000000000000000CC
:207500000000000000000000000000010514003203E800010578000105DC03E800010000E8
:2075100000320000000000000000000000000000060000650000006E017C0064000100006E
:20752000000B000303E803E801900096008C00E6000C000C000D000E000F0010001000115B
:20753000001300140015001600170019001A001B001D001E00200022002400260028002A6B
:20754000002C002E0030003300350038003B003E004100440047004A004E00510055005925
:20755000005D00610065006A006E00730078007D00820087008D00920098009E00A400AA0C
:2075600000B000B700BE00C400CB00D200D900E100E800F000F800FF0107010F01180120AA
:207570000128013101390142014A0153015C0165016E0177018001890192019B01A501AE4B
:2075800001B701C001C901D201DC01E501EE01F7020002090212021A0223022C0234023D26
:207590000245024E0256025E0266026E0276027E0286028D0295029C02A302AB02B202B9AF
:2075A00002BF02C602CD02D302DA02E002E602EC02F202F802FD03030309030E03130318C9
:2075B000031D03220327032C03310335033A033E03420346034A034E03520356035A035D9C
:2075C000036003640367036B036E037103740377037A00350038003B003F00430047004BFA
:2075D000004F00540058005D00630068006D00730079007F0086008C0093009A00A200A916
:2075E00000B100B900C100CA00D300DB00E500EE00F70101010B0115011F012A0134013F3A
:2075F000014A01550160016B01760181018D019801A401AF01BB01C601D201DD01E901F485
:207600000200020B02160221022C02370242024C02570261026B0276028002890293029C46
:2076100002A602AF02B802C002C902D102DA02E202E902F102F903000307030E0315031BFA
:2076200003220328032E0334033A03400345034A03500355035A035E03630367036C037062
:2076300003740378037C038003830387038A038E039103940397039A039D03A003A203A526
:2076400003A803AA03AC03AF03B103B303B503B703B903BB03BD03BF03C003C203C403C582
:2076500003C70006000600060006000600030004000500050005000200030003000400050B
:207660000001000100020003000400010002000300040005000200030005000500050003D9
:2076700000040005000500050005000500050005000500000075006E006B006E006F00772C
:20768000000000000044004B00510035006D0048003100320041003100380030003500307E
:207690000033000000410053004E0039003800440033003200550046005A0000000304B5FA
:2076A000037A01D4037A00C807D00FA012C0000A000A0000000000320DAC01F401F475304D
:2076B00075300834005000A0000A000A0190019000280002032F01F4019E01F400000000CE
:2076C0000FA012C00000000005DC07D000461B5801F401F44E204E2004B0007800FA000AC2
:2076D000000A01900190001E00030003000300020003000300010002000300010001000235
:2076E000000100010003000200020003000200030003000300030003001500080009000A3D
:2076F000000B000C00130014001D0020002700280029002D0039006A006C006E00730075F5
:20770000007700D40000000000000000000100020005000700080009000A000000000000F4
:207710000000000100020005000700080009000A000100090008000C000400060002000302
:20772000000D000D000D000D000D000D000D000D000D000D000D000D00E600BB3B02FF6868
:207730003B01FE0A761F000C56BF003E56030F14F60F1F029B00FF3E560100A99713560384
:207740000F0756000E0956000E0834A8555507A907A9970756030F0956000F088CA849E774
:2077500016AC560100A94A24563297008F408C982D2B56030607565000C5566100D533A946
:20776000572A56030609565000C5566100D533A9571956030608565000C5566100D533A9A3
:2077700057188F008C492DC425173307110C974556000C3733A8250A04079207960A76C0A9
:207780008C6F2DC712A807A907A907A907AB5600083B5601003A25168F008C492DC4330091
:20779000110C974656000C3933A8250B04009200960B2DC712A807A907A907A907AB56003C
:2077A000083D5601003C2D1712072D16330007AB76808C941EC68F008C492DC4330716AC21
:2077B0002DA8120776808C8A1EC62DC4330016AC2DA8120076808C881EC64224EF178F0025
:2077C00003321BCC000856C40012254556BC00A856000C37FF4B56010036254656BC00A8A0
:2077D00056000C39FF4B56010038933DFF569744933BFF56974392445544562A0443562B71
:2077E00004449FA9FF90933DFF53933BFF53FF533E0000078F3F7CF4560100A456030F44AC
:2077F000F60F1F438F7F7CB39B00FF352DA90EA8560100A593CD9FC536A805C5FF4005C40A
:20780000FF56FF30441A8F408C42562B0CC5451A562B0D038F408C828AC59A0028AC000706
:2078100056229641560301A8560100A4A8A9FF10010083A906C487D4564100AC324107ABF2
:2078200007A9974306C587D5564100AC324107AB07A92DA8333B1643333D10AC8F40034A9B
:2078300097C58F008C6E25039FC473C497418F008A482DC429048541810D565FF60F1FAC61
:207840002DA985A85632960D85AC56322902768089A772C63B0225418F008C8087C45605D4
:2078500000A9566300A956818F008C98565000C4566100D456AF76808C961EC676808A3ECF
:2078600003C607A98F008A162DC4566300A9560100C62D00330E1607330F170E9720160031
:20787000330F11ACFF54971D2D008F008C4433C416078F408C5133C517C48F008C4B97C412
:20788000160033C511ACFF548F408C4D97C525178F008C4504C4974125168F008C4804C424
:2078900097422D418F008C5133C416428F408C4433C517C48F008C5097C4164133C511AC92
:2078A0008F008C4A97C48F008C748F408C972DC533C48F008C4D16C410AC33A88F008C4961
:2078B00016C410AC07A98F008C5005C476808C4B33C68F008C4D13C48F008C7B97C48F00B9
:2078C0008C662DC412C507A907A92DC612A807A907A907A98F008C4A04C410ACFF548F0006
:2078D0008C7E97C48F008C640EC48F008C5B94C496C4FFC68F408C828AC58F408C5C2DC520
:2078E0008F408C5DFF30560100A406C412A8562F01C5452556BC00C58F008C4056030FC40F
:2078F0008F008C5F2DC4333310AC8F408C828AC556090FA828AC000656109641560301A890
:20790000560100A4A8A9FF10010083A906C487D4564100AC324107AB07A98F008C4497C4E8
:2079100006C587D5564100AC324107AB07A98F008C5197C48F008C5D2DC412A88F008C45CE
:20792000B3C48F008C4412C48F008C48B3C42D021215B3AC8F008A6212C4562F061725CC28
:207930004A24563212A8562F06162D17330F1616330E170F97231617330E11AC97228F4060
:207940008C984426EE488F008C6225C4974307A94226562B0D4376808C8E8F008C742D333B
:2079500033C4161D10AC974133A8571C8F008C49560302C4565000C52DA9252317C613CE41
:20796000974225222D411320571B1143042712A856040CCE2FCEFF4B565000C5566100D529
:2079700096CE93A904AA07A99728124256040CC62FC6FF4B565000C5566100D596C693A9EC
:2079800004AA07A997294E2456BD002956BD00282B292B288F408C982D0433338F008C652F
:2079900016C412A8FF49565000C5566100D596278F0003D093C4482456BC00A8768003DD92
:2079A00056BC00C68F000356567500C4567300CC921E431A562A0DA8971E041D9741FF569E
:2079B0009228552C56B400A9934104A997418F008C6992C49648FF5C96478F008C4C92C4C3
:2079C0004024EF078F008C702DC436A992A893412D3E432656BD00ACFF6496452DA912A883
:2079D000FF47565000C5566100D5FF3F56BB00AC0734971F05275675004856730047411AC4
:2079E000562B0C062D41FF54562B0AAC930671AC2F4156B300AA8F008C4693C44024EF0513
:2079F0008F008C702DC436A82DA8214633AA16AC5601003493109221421A562A0DA8972118
:207A000004209741FF569229552C56B400A9934104A997412D4512A8FF47565000C5566139
:207A100000D5FF3F56BB00AC072E5675004856730047411A562B0C052D41FF54562B0AAC49
:207A2000930571AC2D4156B300AC124607A95601002E4124EE0BFF2000008F008C8E96C461
:207A300096CC96359606962F960556030F038F008C5F2DC4333310AC8F408C828AC556098A
:207A40000FA828AC000656109641560301A8560100A4A8A9FF10010083A906C487D4564112
:207A500000AC324107AB07A9970E06C587D5564100AC324107AB07A9970F2D05330F16067B
:207A6000330E130F8F008C4505C497121605330E10138F008C4805C497118F008A6433A826
:207A700057A98CA949E757A84A24563297CC931233A857C42902FF69FE8A00063B013B0204
:207A8000FF69FE0A761F000FF549032406165601002606208F40032641C556BC00A956BCE3
:207A900000A8072656BB01AC560901085650002C5661002A56CA0004560D01081E248F4087
:207AA00003102DC512C528AA10002BAB564100ABFF200000566100ABC4A05635560900AC75
:207AB000563BFF47FF9097A08F3F713E21A52DA9069437A893A5FFD02DA8561300A95653F0
:207AC00000AB56228EA62DA88F40034B12C5562F01058F408C8487C506248F00033203C41B
:207AD0009700560500A9566300A98F008C9856500084566100C456AF1E48071C0502970411
:207AE0008F0003C392034249562A0CA856BC001D8F0003CB2DC48F00032640C456BC00ACE6
:207AF00005AC97068F0003402DC433A82507567500058F000356567500C4FF441E429309D8
:207B00009205FF5C567300A9567300CCFF441E4456BF014556090008A9A95650004256B3C2
:207B100002455661004456B50045562F04108F008C4E25C4FF5A2D450BAC92ACEC08560DC1
:207B20000008124756B300AA56B300ABA9AC56050048566300482D0F565C565700AC5640A7
:207B3000001C570F56845650004256610044FF341E1C8F0003D22DC42510031A12A807A978
:207B4000071A1E1A031E12A807A9071E1E1E92AC562B0010FE8A00063B013B02FF69FE0A9A
:207B5000761F000DF54903248F008C598F40030225C456000FC58F008C5A97412DC412A8BB
:207B60005604081BFF4456BB00AC8F008C98565000C4566100D496422D41560D00A9FF543B
:207B7000562B0AAC934271AC2D4156B300AC8F008C5812C45601001A8F0003322D424FCCA1
:207B80008F0003D112C407A992C4562A0CA897168F0003D312C407A992C4562A0DA89717A1
:207B90008F008A62561500C40200561500CC07ABC4A05635560900AC563BFF47FF9097A0A9
:207BA0008F3F713E21A52DA9069437A893A5FFD02DA8561300A9565300AB56228EA603142E
:207BB00034A8100007141E148F0003142DC48F008C5E12C407A907A903149709FF2F100041
:207BC0008F000304562F02C4970056BF00AC4F0956BC04AC8F008C5725C4FF5197418F0040
:207BD0008C6125C4FF5197422D091241FF438F008C98565000C4566100D45604051DFF4365
:207BE0008F008C798F408C7856BB00AC56BF02AC567400C4567200C556B400AC96100BAC70
:207BF00093ACFF5D9209562B0AA970AC2D0956B300AC12425601001C92108F408C6A56720E
:207C000000C58F00031096C48F408C7892C59E108F008C7D8F408C6B567400C4567200C552
:207C1000FF5C960BFE8A000685AD00063B0256562DA503C4560500A9566300A956A02DD4B3
:207C2000565700AC564000C457D41EC4290200065635560900AC563BFF47FF9097A08F3F52
:207C3000713E21A52DA9069437A893A5FFD02DA8561300A9565300AB5622FF107FFF0EA873
:207C40000006FE063B0196449745FF5697439344FF56974292435543562A0442562B0443F9
:207C50009FA9FF909345FF539344FF53FF533E0000078F3F7CF4560100A456030F43F60F6A
:207C60001F428F7F7CB39B00FF352DA90EA8560100A593CD9FC536A805C5FF4005C4FF5646
:207C7000FE86000655A456C8000628A9FFFF56CF0004F60F1FA49B000006FF5A0200F61F7C
:207C8000561700A4A9A900061EAC56470044A9A9560500440F4656C80006FF200000FF55F3
:207C90000006F61F56170046A9A900061EAC56470044A9A900061EAC564700A4A9A95605F3
:207CA00000A48F008C9C565000D4565900C4A9A900062DA836A900062DA812A900060200D2
:207CB00056B701A9000600000145028A03CE05100650078D08C509FA0B2B0C560D7D0E9DB8
:207CC0000FB810CD11DB12E313E414DF15D416C117A8188919631A371B041BCB1C8D1D4835
:207CD0001DFE1EAE1F591FFF0000FFFF00018000FFFF80000000000180000001FFFF00009A
:207CE000000100008000FFFF00000001FFFF0000FFFF000000000001000100000000FFFF08
:207CF0000000FFFF000100000000C00080004000E00020006000A000FFFF8843000000002C
:207D0000FFFF884A00000000FFFF884C00000000FFFF884D00000000FFFF88560000000012
:207D1000FFFF886200000000FFFF886300000000FFFF886400000000FFFF886500000000AD
:207D2000FFFF886C00000000FFFF886E00000000FFFF887800000000FFFF88790000000060
:207D3000FFFF887C00000000FFFF887F00000000FFFF888100000000FFFF8882000000001D
:207D4000FFFF888300000000FFFF888600000000FFFF888800000000FFFF888900000000F1
:207D5000FFFF888A00000000FFFF888C00000000FFFF888D00000000FFFF888F00000000C9
:207D6000FFFF889000000000FFFF889100000000FFFE8896000000000000FFFE889800009E
:207D700000000000FFFA894A0000000000000000000000000000FFFA895000000000000253
:207D800000050007000D0000FFF489560000000000000000000000000000000000000000F8
:207D9000000000000000FFF4896200000000000000000000000000000000000000000000F5
:207DA00000000000FFFF8CC000000000FFFF8CC100000000FFFF8CC400000000FFFF8CC591
:207DB00000000000FFFF8CC600000000FFFF8CC700000000FFFF8CC800000000FFFF8CCA6C
:207DC00000000000FFFF8CCB00000000FFFF8CCD00000000FFFF03CE00000004FFFE03D64E
:207DD000000000000000FFFE03E2000000000000FFFE8C8E000000000000FFFF89A500006E
:207DE0000000FFFF89B300000001FFFE8A0200003460003FFFFF8BC100000000FFFF8BC257
:207DF00000000000FFFF8BC300000000FFFF870300000000FFFF870E00000000FFFF87186F
:207E000000000000FFFF84B600000000FFFF84B700000000FFFF84B900000000FFFF8A69C5
:207E100000000000FFFF8A6A00000000FFFF8A6B00000000FFFF8B2300000000FFFF8B2414
:207E200000000000FFFF8B2500000000FFFE8B2E0000711A003FFFFE8B300000711A003F92
:207E3000FFFE8B32000000000000FFFE8B34000000000000FFFF8A7700000000FFFF8A78BD
:207E400000000000FFFF849700000000FFFF849900000000FFFF8D4100000000FFFF8D4255
:207E500000000000FFFF8B0A00000000FFFF8B0B00000000FFFF8B1800000000FFFF8D932C
:207E600000000000FFFF84C000000000FFFF8B2A00000000FFFF8B40000000000000000044
:207E70001EBD06465635563B1EA4FFD5EC3B58A876FFE4129B33EBAC83AC879776FFE50279
:207E8000C487560500A4566300A456A003A6FF54560500A9566300A956A287A9560500A4BC
:207E9000566300A456A003A6FF54560500A9566300A956A287BE560500A9566300A956A183
:207EA00087A5562C5657008756400087565000D7565900C7566100F7565100E7568006AB0D
:207EB000000628A9FFFF28A87FFFFE8200065635563BC4A9FFB556B5FEA808A8FF0258A86A
:207EC00040AC93ACFFD01EBD76FFE7228A9776FFE712838756BC0CA056BD0AA087A4566357
:207ED00000AC87A6FF31566300A987A5564100AC566300A4FF318AA987A4566300AC87A63B
:207EE000FF31566300A987A5564100AC566300A4FF3187A6566300A98797560500A956638A
:207EF00000A956A087BE562C08AA8000564000D700065635563BC4A9FFB556B5FEA808A8C9
:207F0000FF0258A840AC93ACFFD01EBD76FFE7228A9776FFE712838756BC0CA056BD0AA0F9
:207F100087A4566300AC87A6FF31566300A987A5564100AC566300A4FF318AA987A45663EF
:207F200000AC87A6FF31566300A987A5564100AC566300A4FF3187A6566300A987975605D2
:207F300000A9566300A9568787BE562C08AA8000564000D7000692C40006FFFFFFFFFFFF87
:207F4000FFFFFFFFFFFFFFFFFFFFFFFFFFFFFFFFFFFFFFFFFFFFFFFFFFFFFFFFFFFFFFFF41
:207F5000FFFFFFFFFFFFFFFFFFFFFFFFFFFFFFFFFFFFFFFFFFFFFFFFFFFFFFFFFFFFFFFF31
:207F6000FFFFFFFFFFFFFFFFFFFFFFFFFFFFFFFFFFFFFFFFFFFFFFFFFFFFFFFFFFFFFFFF21
:207F7000FFFFFFFFFFFFFFFFFFFFFFFFFFFFFFFFFFFFFFFFFFFFFFFFFFFFFFFF0581C07C4B
:207F80000000000000000000000000000000000000000000000000000000000000000000E1
:207F90000000000000000000000000000000000000000000000000000000000000000000D1
:207FA0000000000000000000000000000000000000000000000000000000000000000000C1
:207FB0000000000000000000000000000000000000000000000000000000000000000000B1
:207FC0000000000000000000000000000000000000000000000000000000000000000000A1
:207FD000000000000000000000000000000000000000000000000000000000000000000091
:207FE000000000000000000000000000000000000000000000000000000000000000000081
:207FF000000000000000000000000000007F70D6FFFFFFFFFFFFFFFFFFFFFFFFFFFFFFFFBC
:00000001FF
